humans,rumor_reach_frac,exposed_frac,final_rumor_frac,final_correction_frac,peak_rumor_active,time_to_peak,skeptic_fraction,p_share,bot_fraction,factcheck_fraction,initial_spreaders,run,cascade
300,0.03666666666666667,0.3,0.023333333333333334,0.08,5,9,0.0,0.1,0.0,0.0,3,0,False
300,0.04,0.25666666666666665,0.023333333333333334,0.06666666666666667,6,2,0.0,0.1,0.0,0.0,3,1,False
300,0.09,0.43,0.06333333333333334,0.15,10,4,0.0,0.1,0.0,0.0,3,2,False
300,0.043333333333333335,0.24666666666666667,0.023333333333333334,0.11333333333333333,6,5,0.0,0.1,0.0,0.0,3,3,False
300,0.01,0.05,0.006666666666666667,0.006666666666666667,3,0,0.0,0.1,0.0,0.0,3,4,False
300,0.023333333333333334,0.08666666666666667,0.02,0.01,3,0,0.0,0.1,0.0,0.0,3,5,False
300,0.03,0.17,0.013333333333333334,0.06666666666666667,5,1,0.0,0.1,0.0,0.0,3,6,False
300,0.03,0.12,0.016666666666666666,0.043333333333333335,6,1,0.0,0.1,0.0,0.0,3,7,False
300,0.11,0.55,0.07333333333333333,0.11666666666666667,13,12,0.0,0.1,0.0,0.0,3,8,False
300,0.03333333333333333,0.30333333333333334,0.016666666666666666,0.06,8,2,0.0,0.1,0.0,0.0,3,9,False
300,0.01,0.03333333333333333,0.01,0.0,3,0,0.0,0.1,0.0,0.0,3,10,False
300,0.04,0.22666666666666666,0.02,0.08333333333333333,5,6,0.0,0.1,0.0,0.0,3,11,False
300,0.03,0.16,0.023333333333333334,0.02,4,2,0.0,0.1,0.0,0.0,3,12,False
300,0.07333333333333333,0.31666666666666665,0.056666666666666664,0.11,12,6,0.0,0.1,0.0,0.0,3,13,False
300,0.02666666666666667,0.19,0.023333333333333334,0.013333333333333334,4,2,0.0,0.1,0.0,0.0,3,14,False
300,0.07,0.43,0.04,0.12666666666666668,9,7,0.0,0.1,0.0,0.0,3,15,False
300,0.013333333333333334,0.04666666666666667,0.01,0.006666666666666667,4,2,0.0,0.1,0.0,0.0,3,16,False
300,0.01,0.03333333333333333,0.0033333333333333335,0.016666666666666666,3,0,0.0,0.1,0.0,0.0,3,17,False
300,0.03666666666666667,0.21666666666666667,0.02666666666666667,0.05333333333333334,5,6,0.0,0.1,0.0,0.0,3,18,False
300,0.02,0.11666666666666667,0.006666666666666667,0.06333333333333334,5,2,0.0,0.1,0.0,0.0,3,19,False
300,0.09,0.3933333333333333,0.05,0.15666666666666668,14,3,0.0,0.1,0.0,0.0,3,20,False
300,0.01,0.03,0.01,0.0033333333333333335,3,0,0.0,0.1,0.0,0.0,3,21,False
300,0.023333333333333334,0.10666666666666667,0.016666666666666666,0.016666666666666666,7,2,0.0,0.1,0.0,0.0,3,22,False
300,0.01,0.043333333333333335,0.01,0.0,3,0,0.0,0.1,0.0,0.0,3,23,False
300,0.02666666666666667,0.18333333333333332,0.023333333333333334,0.01,8,2,0.0,0.1,0.0,0.0,3,24,False
300,0.016666666666666666,0.08,0.016666666666666666,0.0,4,2,0.0,0.1,0.0,0.0,3,25,False
300,0.13,0.6033333333333334,0.07333333333333333,0.15666666666666668,14,9,0.0,0.1,0.0,0.0,3,26,False
300,0.03666666666666667,0.16,0.023333333333333334,0.03333333333333333,7,2,0.0,0.1,0.0,0.0,3,27,False
300,0.01,0.04,0.0033333333333333335,0.01,3,0,0.0,0.1,0.0,0.0,3,28,False
300,0.043333333333333335,0.23666666666666666,0.02666666666666667,0.07666666666666666,9,4,0.0,0.1,0.0,0.0,3,29,False
300,0.09,0.44,0.07,0.13,9,19,0.0,0.15,0.0,0.0,3,0,False
300,0.14333333333333334,0.5133333333333333,0.1,0.19,16,8,0.0,0.15,0.0,0.0,3,1,False
300,0.15666666666666668,0.6266666666666667,0.06333333333333334,0.3233333333333333,23,5,0.0,0.15,0.0,0.0,3,2,False
300,0.15333333333333332,0.59,0.09,0.20333333333333334,19,5,0.0,0.15,0.0,0.0,3,3,False
300,0.09333333333333334,0.37333333333333335,0.06666666666666667,0.12,8,12,0.0,0.15,0.0,0.0,3,4,False
300,0.023333333333333334,0.08666666666666667,0.02,0.01,3,0,0.0,0.15,0.0,0.0,3,5,False
300,0.13,0.5033333333333333,0.09666666666666666,0.11333333333333333,12,8,0.0,0.15,0.0,0.0,3,6,False
300,0.05333333333333334,0.21,0.03666666666666667,0.056666666666666664,6,1,0.0,0.15,0.0,0.0,3,7,False
300,0.08,0.27,0.05,0.12666666666666668,7,5,0.0,0.15,0.0,0.0,3,8,False
300,0.056666666666666664,0.32666666666666666,0.02666666666666667,0.11333333333333333,8,2,0.0,0.15,0.0,0.0,3,9,False
300,0.07,0.29,0.043333333333333335,0.10333333333333333,8,7,0.0,0.15,0.0,0.0,3,10,False
300,0.13,0.4633333333333333,0.11,0.08,10,12,0.0,0.15,0.0,0.0,3,11,False
300,0.08333333333333333,0.36,0.06333333333333334,0.07,9,4,0.0,0.15,0.0,0.0,3,12,False
300,0.17333333333333334,0.58,0.13,0.13666666666666666,15,9,0.0,0.15,0.0,0.0,3,13,False
300,0.13,0.5233333333333333,0.09,0.13,11,6,0.0,0.15,0.0,0.0,3,14,False
300,0.22333333333333333,0.7466666666666667,0.16666666666666666,0.15333333333333332,22,9,0.0,0.15,0.0,0.0,3,15,True
300,0.016666666666666666,0.04666666666666667,0.016666666666666666,0.0,5,2,0.0,0.15,0.0,0.0,3,16,False
300,0.09666666666666666,0.33,0.06666666666666667,0.10333333333333333,12,9,0.0,0.15,0.0,0.0,3,17,False
300,0.16,0.5866666666666667,0.10333333333333333,0.19333333333333333,21,5,0.0,0.15,0.0,0.0,3,18,False
300,0.023333333333333334,0.11333333333333333,0.013333333333333334,0.043333333333333335,5,2,0.0,0.15,0.0,0.0,3,19,False
300,0.13666666666666666,0.56,0.08,0.20333333333333334,23,4,0.0,0.15,0.0,0.0,3,20,False
300,0.01,0.03,0.01,0.0033333333333333335,3,0,0.0,0.15,0.0,0.0,3,21,False
300,0.22333333333333333,0.6933333333333334,0.10666666666666667,0.30666666666666664,20,11,0.0,0.15,0.0,0.0,3,22,True
300,0.22666666666666666,0.6933333333333334,0.14333333333333334,0.24333333333333335,26,8,0.0,0.15,0.0,0.0,3,23,True
300,0.14,0.49,0.08333333333333333,0.22333333333333333,15,7,0.0,0.15,0.0,0.0,3,24,False
300,0.13,0.53,0.09,0.17,10,12,0.0,0.15,0.0,0.0,3,25,False
300,0.24666666666666667,0.6933333333333334,0.15666666666666668,0.25,30,5,0.0,0.15,0.0,0.0,3,26,True
300,0.08,0.30666666666666664,0.05333333333333334,0.09333333333333334,10,5,0.0,0.15,0.0,0.0,3,27,False
300,0.06666666666666667,0.3466666666666667,0.02666666666666667,0.15666666666666668,12,5,0.0,0.15,0.0,0.0,3,28,False
300,0.11333333333333333,0.5,0.06666666666666667,0.20333333333333334,20,5,0.0,0.15,0.0,0.0,3,29,False
300,0.33666666666666667,0.8733333333333333,0.20666666666666667,0.32,33,9,0.0,0.2,0.0,0.0,3,0,True
300,0.18,0.58,0.11333333333333333,0.22333333333333333,20,7,0.0,0.2,0.0,0.0,3,1,False
300,0.21,0.6633333333333333,0.08,0.36,26,5,0.0,0.2,0.0,0.0,3,2,True
300,0.19,0.63,0.12666666666666668,0.20333333333333334,21,6,0.0,0.2,0.0,0.0,3,3,False
300,0.16,0.56,0.11,0.21666666666666667,12,11,0.0,0.2,0.0,0.0,3,4,False
300,0.22666666666666666,0.72,0.18,0.16333333333333333,30,16,0.0,0.2,0.0,0.0,3,5,True
300,0.09333333333333334,0.33666666666666667,0.056666666666666664,0.14666666666666667,12,7,0.0,0.2,0.0,0.0,3,6,False
300,0.04,0.16333333333333333,0.02,0.06,6,1,0.0,0.2,0.0,0.0,3,7,False
300,0.14,0.4033333333333333,0.07,0.19333333333333333,16,7,0.0,0.2,0.0,0.0,3,8,False
300,0.20666666666666667,0.67,0.14,0.23333333333333334,26,6,0.0,0.2,0.0,0.0,3,9,True
300,0.08666666666666667,0.2866666666666667,0.056666666666666664,0.10333333333333333,9,7,0.0,0.2,0.0,0.0,3,10,False
300,0.12333333333333334,0.4266666666666667,0.06333333333333334,0.19666666666666666,11,5,0.0,0.2,0.0,0.0,3,11,False
300,0.19,0.63,0.09333333333333334,0.2733333333333333,24,8,0.0,0.2,0.0,0.0,3,12,False
300,0.21333333333333335,0.5933333333333334,0.15,0.23666666666666666,19,4,0.0,0.2,0.0,0.0,3,13,True
300,0.24,0.69,0.20333333333333334,0.11,26,13,0.0,0.2,0.0,0.0,3,14,True
300,0.21666666666666667,0.7033333333333334,0.11666666666666667,0.29333333333333333,39,8,0.0,0.2,0.0,0.0,3,15,True
300,0.25666666666666665,0.71,0.16333333333333333,0.2866666666666667,33,8,0.0,0.2,0.0,0.0,3,16,True
300,0.19333333333333333,0.59,0.12333333333333334,0.23666666666666666,28,6,0.0,0.2,0.0,0.0,3,17,False
300,0.19333333333333333,0.66,0.1,0.34,27,5,0.0,0.2,0.0,0.0,3,18,False
300,0.023333333333333334,0.1,0.016666666666666666,0.02,7,2,0.0,0.2,0.0,0.0,3,19,False
300,0.17333333333333334,0.59,0.11333333333333333,0.19,26,5,0.0,0.2,0.0,0.0,3,20,False
300,0.016666666666666666,0.04,0.013333333333333334,0.006666666666666667,4,2,0.0,0.2,0.0,0.0,3,21,False
300,0.23,0.6933333333333334,0.08,0.4033333333333333,32,7,0.0,0.2,0.0,0.0,3,22,True
300,0.36,0.8066666666666666,0.20333333333333334,0.3933333333333333,51,6,0.0,0.2,0.0,0.0,3,23,True
300,0.18333333333333332,0.5833333333333334,0.11333333333333333,0.22,15,3,0.0,0.2,0.0,0.0,3,24,False
300,0.2966666666666667,0.7966666666666666,0.15,0.39666666666666667,37,7,0.0,0.2,0.0,0.0,3,25,True
300,0.21666666666666667,0.5933333333333334,0.14333333333333334,0.21,24,6,0.0,0.2,0.0,0.0,3,26,True
300,0.17666666666666667,0.5266666666666666,0.08666666666666667,0.24,19,7,0.0,0.2,0.0,0.0,3,27,False
300,0.11333333333333333,0.43,0.06666666666666667,0.17333333333333334,19,6,0.0,0.2,0.0,0.0,3,28,False
300,0.16,0.5433333333333333,0.10666666666666667,0.18333333333333332,26,5,0.0,0.2,0.0,0.0,3,29,False
300,0.38666666666666666,0.8066666666666666,0.19,0.44666666666666666,43,7,0.0,0.25,0.0,0.0,3,0,True
300,0.28,0.74,0.11666666666666667,0.41,42,5,0.0,0.25,0.0,0.0,3,1,True
300,0.29333333333333333,0.7266666666666667,0.18666666666666668,0.2966666666666667,35,6,0.0,0.25,0.0,0.0,3,2,True
300,0.24,0.6966666666666667,0.15333333333333332,0.23333333333333334,29,6,0.0,0.25,0.0,0.0,3,3,True
300,0.30333333333333334,0.7366666666666667,0.19666666666666666,0.25,30,17,0.0,0.25,0.0,0.0,3,4,True
300,0.2833333333333333,0.7233333333333334,0.14666666666666667,0.38,42,10,0.0,0.25,0.0,0.0,3,5,True
300,0.2966666666666667,0.72,0.16,0.3333333333333333,32,8,0.0,0.25,0.0,0.0,3,6,True
300,0.25,0.6333333333333333,0.16333333333333333,0.25666666666666665,18,6,0.0,0.25,0.0,0.0,3,7,True
300,0.34,0.8033333333333333,0.22,0.2866666666666667,40,7,0.0,0.25,0.0,0.0,3,8,True
300,0.27,0.73,0.16,0.34,29,5,0.0,0.25,0.0,0.0,3,9,True
300,0.2,0.6066666666666667,0.11333333333333333,0.3233333333333333,22,10,0.0,0.25,0.0,0.0,3,10,False
300,0.29,0.76,0.18333333333333332,0.29,27,8,0.0,0.25,0.0,0.0,3,11,True
300,0.30333333333333334,0.8033333333333333,0.21333333333333335,0.29333333333333333,33,7,0.0,0.25,0.0,0.0,3,12,True
300,0.18,0.5666666666666667,0.09,0.31333333333333335,25,5,0.0,0.25,0.0,0.0,3,13,False
300,0.33666666666666667,0.82,0.25666666666666665,0.21333333333333335,40,8,0.0,0.25,0.0,0.0,3,14,True
300,0.27666666666666667,0.7166666666666667,0.17666666666666667,0.3,40,7,0.0,0.25,0.0,0.0,3,15,True
300,0.27666666666666667,0.7133333333333334,0.21333333333333335,0.23,28,8,0.0,0.25,0.0,0.0,3,16,True
300,0.26,0.6466666666666666,0.09666666666666666,0.4533333333333333,34,7,0.0,0.25,0.0,0.0,3,17,True
300,0.30666666666666664,0.7433333333333333,0.21666666666666667,0.22,48,5,0.0,0.25,0.0,0.0,3,18,True
300,0.29,0.7433333333333333,0.18666666666666668,0.3233333333333333,41,7,0.0,0.25,0.0,0.0,3,19,True
300,0.24333333333333335,0.62,0.13666666666666666,0.28,28,4,0.0,0.25,0.0,0.0,3,20,True
300,0.016666666666666666,0.04,0.013333333333333334,0.006666666666666667,4,2,0.0,0.25,0.0,0.0,3,21,False
300,0.21,0.58,0.11333333333333333,0.27666666666666667,24,5,0.0,0.25,0.0,0.0,3,22,True
300,0.4,0.86,0.22,0.39,56,6,0.0,0.25,0.0,0.0,3,23,True
300,0.28,0.7,0.21666666666666667,0.21,30,9,0.0,0.25,0.0,0.0,3,24,True
300,0.4166666666666667,0.8566666666666667,0.24333333333333335,0.3933333333333333,50,6,0.0,0.25,0.0,0.0,3,25,True
300,0.2,0.53,0.11666666666666667,0.23333333333333334,24,3,0.0,0.25,0.0,0.0,3,26,False
300,0.28,0.6866666666666666,0.21,0.19,22,22,0.0,0.25,0.0,0.0,3,27,True
300,0.22,0.61,0.10666666666666667,0.2966666666666667,26,5,0.0,0.25,0.0,0.0,3,28,True
300,0.33,0.8233333333333334,0.17333333333333334,0.39666666666666667,40,6,0.0,0.25,0.0,0.0,3,29,True
300,0.42333333333333334,0.84,0.18666666666666668,0.5,62,6,0.0,0.3,0.0,0.0,3,0,True
300,0.43,0.8366666666666667,0.24666666666666667,0.36,54,6,0.0,0.3,0.0,0.0,3,1,True
300,0.39,0.8066666666666666,0.20333333333333334,0.4666666666666667,53,6,0.0,0.3,0.0,0.0,3,2,True
300,0.4166666666666667,0.84,0.23,0.4066666666666667,37,6,0.0,0.3,0.0,0.0,3,3,True
300,0.30333333333333334,0.69,0.18333333333333332,0.33,26,12,0.0,0.3,0.0,0.0,3,4,True
300,0.38,0.84,0.20666666666666667,0.35333333333333333,47,10,0.0,0.3,0.0,0.0,3,5,True
300,0.4266666666666667,0.8333333333333334,0.2633333333333333,0.34,50,8,0.0,0.3,0.0,0.0,3,6,True
300,0.5333333333333333,0.9,0.36333333333333334,0.34,67,7,0.0,0.3,0.0,0.0,3,7,True
300,0.30666666666666664,0.7366666666666667,0.19333333333333333,0.3,42,6,0.0,0.3,0.0,0.0,3,8,True
300,0.5366666666666666,0.9033333333333333,0.2966666666666667,0.46,65,8,0.0,0.3,0.0,0.0,3,9,True
300,0.33,0.7066666666666667,0.21,0.3,36,8,0.0,0.3,0.0,0.0,3,10,True
300,0.42,0.82,0.22,0.3933333333333333,60,6,0.0,0.3,0.0,0.0,3,11,True
300,0.3466666666666667,0.8033333333333333,0.20333333333333334,0.3566666666666667,56,7,0.0,0.3,0.0,0.0,3,12,True
300,0.24666666666666667,0.6266666666666667,0.16,0.25,33,4,0.0,0.3,0.0,0.0,3,13,True
300,0.43333333333333335,0.83,0.23666666666666666,0.39,53,7,0.0,0.3,0.0,0.0,3,14,True
300,0.42,0.8866666666666667,0.2866666666666667,0.29333333333333333,42,7,0.0,0.3,0.0,0.0,3,15,True
300,0.3,0.7333333333333333,0.16666666666666666,0.3466666666666667,38,6,0.0,0.3,0.0,0.0,3,16,True
300,0.30666666666666664,0.6966666666666667,0.13333333333333333,0.3933333333333333,34,6,0.0,0.3,0.0,0.0,3,17,True
300,0.38,0.8033333333333333,0.24333333333333335,0.33666666666666667,55,6,0.0,0.3,0.0,0.0,3,18,True
300,0.3,0.72,0.14333333333333334,0.4,35,6,0.0,0.3,0.0,0.0,3,19,True
300,0.24,0.6133333333333333,0.12333333333333334,0.30666666666666664,30,4,0.0,0.3,0.0,0.0,3,20,True
300,0.33666666666666667,0.76,0.21333333333333335,0.34,35,12,0.0,0.3,0.0,0.0,3,21,True
300,0.37,0.7966666666666666,0.18333333333333332,0.42,53,7,0.0,0.3,0.0,0.0,3,22,True
300,0.49,0.9133333333333333,0.34,0.37666666666666665,79,6,0.0,0.3,0.0,0.0,3,23,True
300,0.47,0.9,0.3333333333333333,0.31,68,6,0.0,0.3,0.0,0.0,3,24,True
300,0.5533333333333333,0.9333333333333333,0.2833333333333333,0.47333333333333333,80,7,0.0,0.3,0.0,0.0,3,25,True
300,0.38666666666666666,0.75,0.22,0.37,54,4,0.0,0.3,0.0,0.0,3,26,True
300,0.2966666666666667,0.67,0.18333333333333332,0.24333333333333335,28,6,0.0,0.3,0.0,0.0,3,27,True
300,0.21,0.5533333333333333,0.10666666666666667,0.2833333333333333,30,5,0.0,0.3,0.0,0.0,3,28,True
300,0.5466666666666666,0.93,0.3466666666666667,0.4266666666666667,64,7,0.0,0.3,0.0,0.0,3,29,True
300,0.45666666666666667,0.83,0.22,0.45,58,7,0.0,0.35,0.0,0.0,3,0,True
300,0.46,0.8266666666666667,0.23333333333333334,0.41333333333333333,61,6,0.0,0.35,0.0,0.0,3,1,True
300,0.44,0.8466666666666667,0.19,0.48333333333333334,68,6,0.0,0.35,0.0,0.0,3,2,True
300,0.3433333333333333,0.77,0.18333333333333332,0.3933333333333333,42,6,0.0,0.35,0.0,0.0,3,3,True
300,0.44666666666666666,0.8166666666666667,0.27666666666666667,0.36666666666666664,59,9,0.0,0.35,0.0,0.0,3,4,True
300,0.44666666666666666,0.81,0.2966666666666667,0.33666666666666667,48,13,0.0,0.35,0.0,0.0,3,5,True
300,0.49,0.9033333333333333,0.25,0.45,70,8,0.0,0.35,0.0,0.0,3,6,True
300,0.4866666666666667,0.8466666666666667,0.18666666666666668,0.53,69,6,0.0,0.35,0.0,0.0,3,7,True
300,0.5366666666666666,0.9033333333333333,0.34,0.38333333333333336,74,7,0.0,0.35,0.0,0.0,3,8,True
300,0.33666666666666667,0.7233333333333334,0.17666666666666667,0.4266666666666667,36,4,0.0,0.35,0.0,0.0,3,9,True
300,0.44333333333333336,0.8533333333333334,0.19333333333333333,0.48,75,8,0.0,0.35,0.0,0.0,3,10,True
300,0.5733333333333334,0.9066666666666666,0.29,0.47,82,6,0.0,0.35,0.0,0.0,3,11,True
300,0.37666666666666665,0.74,0.10333333333333333,0.5233333333333333,54,5,0.0,0.35,0.0,0.0,3,12,True
300,0.41333333333333333,0.8,0.19,0.4533333333333333,53,5,0.0,0.35,0.0,0.0,3,13,True
300,0.5633333333333334,0.9033333333333333,0.36666666666666664,0.35333333333333333,85,7,0.0,0.35,0.0,0.0,3,14,True
300,0.42333333333333334,0.8066666666666666,0.21333333333333335,0.48333333333333334,53,6,0.0,0.35,0.0,0.0,3,15,True
300,0.38666666666666666,0.8133333333333334,0.22333333333333333,0.41333333333333333,53,6,0.0,0.35,0.0,0.0,3,16,True
300,0.4166666666666667,0.81,0.26666666666666666,0.3566666666666667,60,8,0.0,0.35,0.0,0.0,3,17,True
300,0.41,0.7733333333333333,0.22333333333333333,0.43,60,6,0.0,0.35,0.0,0.0,3,18,True
300,0.49333333333333335,0.88,0.32666666666666666,0.37666666666666665,75,7,0.0,0.35,0.0,0.0,3,19,True
300,0.39666666666666667,0.7866666666666666,0.23333333333333334,0.38,48,4,0.0,0.35,0.0,0.0,3,20,True
300,0.25333333333333335,0.5566666666666666,0.13,0.2733333333333333,18,9,0.0,0.35,0.0,0.0,3,21,True
300,0.48333333333333334,0.8933333333333333,0.19333333333333333,0.5933333333333334,74,6,0.0,0.35,0.0,0.0,3,22,True
300,0.5733333333333334,0.9166666666666666,0.32,0.43,97,6,0.0,0.35,0.0,0.0,3,23,True
300,0.6233333333333333,0.9633333333333334,0.43,0.3466666666666667,98,6,0.0,0.35,0.0,0.0,3,24,True
300,0.53,0.8733333333333333,0.3333333333333333,0.4033333333333333,82,6,0.0,0.35,0.0,0.0,3,25,True
300,0.4533333333333333,0.83,0.29,0.35,77,4,0.0,0.35,0.0,0.0,3,26,True
300,0.4066666666666667,0.7566666666666667,0.30333333333333334,0.24,49,8,0.0,0.35,0.0,0.0,3,27,True
300,0.35333333333333333,0.7333333333333333,0.13,0.46,40,6,0.0,0.35,0.0,0.0,3,28,True
300,0.43666666666666665,0.83,0.16,0.5266666666666666,73,6,0.0,0.35,0.0,0.0,3,29,True
300,0.62,0.9333333333333333,0.38666666666666666,0.38,99,5,0.0,0.4,0.0,0.0,3,0,True
300,0.3433333333333333,0.7033333333333334,0.19,0.37666666666666665,36,5,0.0,0.4,0.0,0.0,3,1,True
300,0.45666666666666667,0.83,0.20666666666666667,0.51,69,5,0.0,0.4,0.0,0.0,3,2,True
300,0.30666666666666664,0.6866666666666666,0.14333333333333334,0.37666666666666665,28,4,0.0,0.4,0.0,0.0,3,3,True
300,0.3933333333333333,0.7133333333333334,0.2633333333333333,0.30333333333333334,33,11,0.0,0.4,0.0,0.0,3,4,True
300,0.5266666666666666,0.8866666666666667,0.34,0.36333333333333334,67,7,0.0,0.4,0.0,0.0,3,5,True
300,0.43,0.8,0.15333333333333332,0.48333333333333334,54,7,0.0,0.4,0.0,0.0,3,6,True
300,0.5966666666666667,0.91,0.39,0.39666666666666667,82,6,0.0,0.4,0.0,0.0,3,7,True
300,0.5633333333333334,0.9233333333333333,0.30333333333333334,0.45666666666666667,68,7,0.0,0.4,0.0,0.0,3,8,True
300,0.39,0.7733333333333333,0.21333333333333335,0.41,54,5,0.0,0.4,0.0,0.0,3,9,True
300,0.42,0.79,0.16,0.49666666666666665,60,6,0.0,0.4,0.0,0.0,3,10,True
300,0.5233333333333333,0.8666666666666667,0.2966666666666667,0.42333333333333334,65,6,0.0,0.4,0.0,0.0,3,11,True
300,0.4666666666666667,0.8666666666666667,0.23666666666666666,0.4666666666666667,71,5,0.0,0.4,0.0,0.0,3,12,True
300,0.48,0.84,0.25333333333333335,0.4666666666666667,71,5,0.0,0.4,0.0,0.0,3,13,True
300,0.66,0.95,0.24,0.5966666666666667,102,7,0.0,0.4,0.0,0.0,3,14,True
300,0.5166666666666667,0.8666666666666667,0.3,0.42333333333333334,88,6,0.0,0.4,0.0,0.0,3,15,True
300,0.47333333333333333,0.8166666666666667,0.12333333333333334,0.5933333333333334,67,5,0.0,0.4,0.0,0.0,3,16,True
300,0.4033333333333333,0.77,0.10333333333333333,0.5766666666666667,54,7,0.0,0.4,0.0,0.0,3,17,True
300,0.4666666666666667,0.82,0.3466666666666667,0.31666666666666665,62,5,0.0,0.4,0.0,0.0,3,18,True
300,0.5233333333333333,0.8933333333333333,0.27,0.4633333333333333,71,7,0.0,0.4,0.0,0.0,3,19,True
300,0.47333333333333333,0.88,0.23,0.5233333333333333,66,5,0.0,0.4,0.0,0.0,3,20,True
300,0.3233333333333333,0.6633333333333333,0.18333333333333332,0.35,31,9,0.0,0.4,0.0,0.0,3,21,True
300,0.52,0.8766666666666667,0.24333333333333335,0.5066666666666667,73,5,0.0,0.4,0.0,0.0,3,22,True
300,0.6133333333333333,0.94,0.2633333333333333,0.56,104,6,0.0,0.4,0.0,0.0,3,23,True
300,0.6433333333333333,0.94,0.24333333333333335,0.5966666666666667,104,6,0.0,0.4,0.0,0.0,3,24,True
300,0.5666666666666667,0.9066666666666666,0.3433333333333333,0.4033333333333333,77,6,0.0,0.4,0.0,0.0,3,25,True
300,0.5333333333333333,0.8366666666666667,0.25666666666666665,0.47333333333333333,84,4,0.0,0.4,0.0,0.0,3,26,True
300,0.38666666666666666,0.7533333333333333,0.15333333333333332,0.45,43,5,0.0,0.4,0.0,0.0,3,27,True
300,0.44,0.8133333333333334,0.25666666666666665,0.42,53,6,0.0,0.4,0.0,0.0,3,28,True
300,0.65,0.94,0.23666666666666666,0.6033333333333334,101,7,0.0,0.4,0.0,0.0,3,29,True
300,0.7133333333333334,0.9566666666666667,0.22666666666666666,0.6633333333333333,125,5,0.0,0.5,0.0,0.0,3,0,True
300,0.68,0.9466666666666667,0.42,0.46,93,6,0.0,0.5,0.0,0.0,3,1,True
300,0.5433333333333333,0.89,0.19,0.61,90,5,0.0,0.5,0.0,0.0,3,2,True
300,0.43666666666666665,0.7933333333333333,0.15666666666666668,0.5333333333333333,56,6,0.0,0.5,0.0,0.0,3,3,True
300,0.69,0.9333333333333333,0.33,0.5133333333333333,99,7,0.0,0.5,0.0,0.0,3,4,True
300,0.6,0.8933333333333333,0.19666666666666666,0.61,110,6,0.0,0.5,0.0,0.0,3,5,True
300,0.7966666666666666,0.9633333333333334,0.3233333333333333,0.5966666666666667,133,6,0.0,0.5,0.0,0.0,3,6,True
300,0.6233333333333333,0.9166666666666666,0.27,0.5533333333333333,95,6,0.0,0.5,0.0,0.0,3,7,True
300,0.6,0.8733333333333333,0.2833333333333333,0.49333333333333335,89,6,0.0,0.5,0.0,0.0,3,8,True
300,0.6633333333333333,0.91,0.37,0.44666666666666666,103,5,0.0,0.5,0.0,0.0,3,9,True
300,0.7033333333333334,0.94,0.36666666666666664,0.48,109,6,0.0,0.5,0.0,0.0,3,10,True
300,0.6466666666666666,0.9133333333333333,0.22666666666666666,0.6133333333333333,93,6,0.0,0.5,0.0,0.0,3,11,True
300,0.6,0.8866666666666667,0.17666666666666667,0.6633333333333333,101,6,0.0,0.5,0.0,0.0,3,12,True
300,0.6566666666666666,0.91,0.19666666666666666,0.66,110,5,0.0,0.5,0.0,0.0,3,13,True
300,0.75,0.9666666666666667,0.3466666666666667,0.55,125,6,0.0,0.5,0.0,0.0,3,14,True
300,0.54,0.7833333333333333,0.24666666666666667,0.48,68,6,0.0,0.5,0.0,0.0,3,15,True
300,0.5866666666666667,0.88,0.18333333333333332,0.6066666666666667,94,4,0.0,0.5,0.0,0.0,3,16,True
300,0.45666666666666667,0.7466666666666667,0.19333333333333333,0.5,62,6,0.0,0.5,0.0,0.0,3,17,True
300,0.6033333333333334,0.9,0.26,0.5566666666666666,100,5,0.0,0.5,0.0,0.0,3,18,True
300,0.56,0.8933333333333333,0.22666666666666666,0.5666666666666667,83,5,0.0,0.5,0.0,0.0,3,19,True
300,0.5166666666666667,0.79,0.20333333333333334,0.5166666666666667,66,5,0.0,0.5,0.0,0.0,3,20,True
300,0.5133333333333333,0.82,0.19666666666666666,0.5266666666666666,75,7,0.0,0.5,0.0,0.0,3,21,True
300,0.6333333333333333,0.89,0.25,0.5666666666666667,98,6,0.0,0.5,0.0,0.0,3,22,True
300,0.6333333333333333,0.9033333333333333,0.2733333333333333,0.56,82,5,0.0,0.5,0.0,0.0,3,23,True
300,0.6833333333333333,0.96,0.21666666666666667,0.6666666666666666,120,5,0.0,0.5,0.0,0.0,3,24,True
300,0.6866666666666666,0.9366666666666666,0.24,0.6133333333333333,112,5,0.0,0.5,0.0,0.0,3,25,True
300,0.68,0.8833333333333333,0.2866666666666667,0.5433333333333333,97,4,0.0,0.5,0.0,0.0,3,26,True
300,0.6233333333333333,0.9166666666666666,0.19,0.6633333333333333,104,5,0.0,0.5,0.0,0.0,3,27,True
300,0.6066666666666667,0.8833333333333333,0.27666666666666667,0.5266666666666666,89,6,0.0,0.5,0.0,0.0,3,28,True
300,0.6133333333333333,0.9133333333333333,0.23333333333333334,0.61,91,6,0.0,0.5,0.0,0.0,3,29,True
300,0.016666666666666666,0.05333333333333334,0.006666666666666667,0.03,4,1,0.1,0.1,0.0,0.0,3,0,False
300,0.03,0.17333333333333334,0.013333333333333334,0.043333333333333335,5,2,0.1,0.1,0.0,0.0,3,1,False
300,0.02666666666666667,0.13666666666666666,0.02,0.02,5,1,0.1,0.1,0.0,0.0,3,2,False
300,0.02,0.11,0.01,0.023333333333333334,4,1,0.1,0.1,0.0,0.0,3,3,False
300,0.013333333333333334,0.06666666666666667,0.0033333333333333335,0.023333333333333334,4,2,0.1,0.1,0.0,0.0,3,4,False
300,0.02666666666666667,0.09,0.023333333333333334,0.013333333333333334,3,0,0.1,0.1,0.0,0.0,3,5,False
300,0.06,0.33666666666666667,0.04,0.12666666666666668,8,8,0.1,0.1,0.0,0.0,3,6,False
300,0.013333333333333334,0.04,0.01,0.02,4,2,0.1,0.1,0.0,0.0,3,7,False
300,0.013333333333333334,0.05333333333333334,0.01,0.006666666666666667,4,1,0.1,0.1,0.0,0.0,3,8,False
300,0.02,0.08333333333333333,0.02,0.0033333333333333335,3,0,0.1,0.1,0.0,0.0,3,9,False
300,0.02,0.14333333333333334,0.01,0.043333333333333335,5,2,0.1,0.1,0.0,0.0,3,10,False
300,0.016666666666666666,0.056666666666666664,0.016666666666666666,0.01,4,2,0.1,0.1,0.0,0.0,3,11,False
300,0.023333333333333334,0.17333333333333334,0.006666666666666667,0.07,5,2,0.1,0.1,0.0,0.0,3,12,False
300,0.01,0.05333333333333334,0.006666666666666667,0.006666666666666667,3,0,0.1,0.1,0.0,0.0,3,13,False
300,0.01,0.03,0.01,0.0,3,0,0.1,0.1,0.0,0.0,3,14,False
300,0.013333333333333334,0.056666666666666664,0.01,0.023333333333333334,3,0,0.1,0.1,0.0,0.0,3,15,False
300,0.09,0.4266666666666667,0.05,0.15,12,6,0.1,0.1,0.0,0.0,3,16,False
300,0.013333333333333334,0.06,0.006666666666666667,0.016666666666666666,4,2,0.1,0.1,0.0,0.0,3,17,False
300,0.05,0.3233333333333333,0.013333333333333334,0.15333333333333332,5,2,0.1,0.1,0.0,0.0,3,18,False
300,0.023333333333333334,0.11666666666666667,0.016666666666666666,0.04,6,2,0.1,0.1,0.0,0.0,3,19,False
300,0.03333333333333333,0.29333333333333333,0.01,0.14666666666666667,5,5,0.1,0.1,0.0,0.0,3,20,False
300,0.013333333333333334,0.05333333333333334,0.006666666666666667,0.02,3,0,0.1,0.1,0.0,0.0,3,21,False
300,0.11,0.49333333333333335,0.06,0.18,12,8,0.1,0.1,0.0,0.0,3,22,False
300,0.01,0.04,0.006666666666666667,0.006666666666666667,3,0,0.1,0.1,0.0,0.0,3,23,False
300,0.11,0.5466666666666666,0.07,0.17666666666666667,13,7,0.1,0.1,0.0,0.0,3,24,False
300,0.09333333333333334,0.3566666666666667,0.06333333333333334,0.13333333333333333,10,7,0.1,0.1,0.0,0.0,3,25,False
300,0.03666666666666667,0.20666666666666667,0.023333333333333334,0.07333333333333333,7,2,0.1,0.1,0.0,0.0,3,26,False
300,0.04,0.2966666666666667,0.03,0.07666666666666666,5,7,0.1,0.1,0.0,0.0,3,27,False
300,0.02,0.10333333333333333,0.013333333333333334,0.016666666666666666,5,1,0.1,0.1,0.0,0.0,3,28,False
300,0.02,0.08333333333333333,0.016666666666666666,0.006666666666666667,5,2,0.1,0.1,0.0,0.0,3,29,False
300,0.016666666666666666,0.05333333333333334,0.006666666666666667,0.03,4,1,0.1,0.15,0.0,0.0,3,0,False
300,0.1,0.41333333333333333,0.05,0.14,10,4,0.1,0.15,0.0,0.0,3,1,False
300,0.023333333333333334,0.13333333333333333,0.013333333333333334,0.05,5,1,0.1,0.15,0.0,0.0,3,2,False
300,0.023333333333333334,0.11,0.013333333333333334,0.03333333333333333,5,2,0.1,0.15,0.0,0.0,3,3,False
300,0.13,0.4666666666666667,0.08,0.14333333333333334,10,9,0.1,0.15,0.0,0.0,3,4,False
300,0.02666666666666667,0.09,0.023333333333333334,0.013333333333333334,3,0,0.1,0.15,0.0,0.0,3,5,False
300,0.12,0.5366666666666666,0.08666666666666667,0.15333333333333332,16,9,0.1,0.15,0.0,0.0,3,6,False
300,0.013333333333333334,0.04,0.01,0.02,4,2,0.1,0.15,0.0,0.0,3,7,False
300,0.013333333333333334,0.05333333333333334,0.01,0.006666666666666667,4,1,0.1,0.15,0.0,0.0,3,8,False
300,0.09333333333333334,0.37666666666666665,0.05,0.17333333333333334,7,11,0.1,0.15,0.0,0.0,3,9,False
300,0.02666666666666667,0.14666666666666667,0.013333333333333334,0.043333333333333335,5,2,0.1,0.15,0.0,0.0,3,10,False
300,0.06333333333333334,0.3566666666666667,0.03,0.15,8,9,0.1,0.15,0.0,0.0,3,11,False
300,0.07666666666666666,0.3566666666666667,0.03666666666666667,0.18333333333333332,7,10,0.1,0.15,0.0,0.0,3,12,False
300,0.21666666666666667,0.6933333333333334,0.15666666666666668,0.20333333333333334,37,7,0.1,0.15,0.0,0.0,3,13,True
300,0.043333333333333335,0.23666666666666666,0.02666666666666667,0.07333333333333333,4,11,0.1,0.15,0.0,0.0,3,14,False
300,0.08333333333333333,0.43666666666666665,0.03,0.25666666666666665,15,5,0.1,0.15,0.0,0.0,3,15,False
300,0.15333333333333332,0.6,0.10333333333333333,0.24333333333333335,26,7,0.1,0.15,0.0,0.0,3,16,False
300,0.013333333333333334,0.06,0.006666666666666667,0.016666666666666666,4,2,0.1,0.15,0.0,0.0,3,17,False
300,0.04666666666666667,0.22,0.023333333333333334,0.05,6,2,0.1,0.15,0.0,0.0,3,18,False
300,0.03,0.11,0.013333333333333334,0.05,6,2,0.1,0.15,0.0,0.0,3,19,False
300,0.02666666666666667,0.13666666666666666,0.02,0.05333333333333334,5,1,0.1,0.15,0.0,0.0,3,20,False
300,0.18666666666666668,0.6166666666666667,0.08333333333333333,0.27,20,11,0.1,0.15,0.0,0.0,3,21,False
300,0.10666666666666667,0.43666666666666665,0.056666666666666664,0.20666666666666667,12,7,0.1,0.15,0.0,0.0,3,22,False
300,0.01,0.04,0.006666666666666667,0.006666666666666667,3,0,0.1,0.15,0.0,0.0,3,23,False
300,0.17,0.63,0.11333333333333333,0.21666666666666667,10,7,0.1,0.15,0.0,0.0,3,24,False
300,0.13666666666666666,0.5033333333333333,0.09,0.18,18,7,0.1,0.15,0.0,0.0,3,25,False
300,0.05,0.21666666666666667,0.016666666666666666,0.11666666666666667,8,3,0.1,0.15,0.0,0.0,3,26,False
300,0.09666666666666666,0.39,0.06333333333333334,0.12,11,6,0.1,0.15,0.0,0.0,3,27,False
300,0.06333333333333334,0.31,0.023333333333333334,0.16666666666666666,8,7,0.1,0.15,0.0,0.0,3,28,False
300,0.12333333333333334,0.5133333333333333,0.056666666666666664,0.24333333333333335,18,7,0.1,0.15,0.0,0.0,3,29,False
300,0.19333333333333333,0.59,0.12333333333333334,0.21666666666666667,22,10,0.1,0.2,0.0,0.0,3,0,False
300,0.22666666666666666,0.6633333333333333,0.14,0.29333333333333333,20,6,0.1,0.2,0.0,0.0,3,1,True
300,0.22666666666666666,0.73,0.13333333333333333,0.25666666666666665,19,14,0.1,0.2,0.0,0.0,3,2,True
300,0.07666666666666666,0.3433333333333333,0.05,0.08333333333333333,13,5,0.1,0.2,0.0,0.0,3,3,False
300,0.09,0.33,0.02,0.22333333333333333,12,5,0.1,0.2,0.0,0.0,3,4,False
300,0.02666666666666667,0.09,0.023333333333333334,0.013333333333333334,3,0,0.1,0.2,0.0,0.0,3,5,False
300,0.09666666666666666,0.4066666666666667,0.02666666666666667,0.26,12,8,0.1,0.2,0.0,0.0,3,6,False
300,0.013333333333333334,0.04,0.01,0.02,4,2,0.1,0.2,0.0,0.0,3,7,False
300,0.10666666666666667,0.43,0.07,0.16333333333333333,11,10,0.1,0.2,0.0,0.0,3,8,False
300,0.11,0.38,0.07333333333333333,0.11666666666666667,7,25,0.1,0.2,0.0,0.0,3,9,False
300,0.02666666666666667,0.14666666666666667,0.01,0.05333333333333334,5,2,0.1,0.2,0.0,0.0,3,10,False
300,0.04666666666666667,0.19,0.016666666666666666,0.07,8,4,0.1,0.2,0.0,0.0,3,11,False
300,0.14,0.5233333333333333,0.08333333333333333,0.17666666666666667,19,5,0.1,0.2,0.0,0.0,3,12,False
300,0.24,0.7333333333333333,0.09333333333333334,0.39666666666666667,41,6,0.1,0.2,0.0,0.0,3,13,True
300,0.21333333333333335,0.64,0.13,0.23333333333333334,15,20,0.1,0.2,0.0,0.0,3,14,True
300,0.17333333333333334,0.5966666666666667,0.07333333333333333,0.34,26,5,0.1,0.2,0.0,0.0,3,15,False
300,0.18666666666666668,0.59,0.09666666666666666,0.31666666666666665,29,7,0.1,0.2,0.0,0.0,3,16,False
300,0.03333333333333333,0.11,0.02,0.03333333333333333,8,2,0.1,0.2,0.0,0.0,3,17,False
300,0.09,0.3233333333333333,0.05,0.14,7,2,0.1,0.2,0.0,0.0,3,18,False
300,0.18333333333333332,0.5366666666666666,0.10333333333333333,0.24666666666666667,14,5,0.1,0.2,0.0,0.0,3,19,False
300,0.2866666666666667,0.7266666666666667,0.23333333333333334,0.16333333333333333,15,21,0.1,0.2,0.0,0.0,3,20,True
300,0.043333333333333335,0.19333333333333333,0.016666666666666666,0.09666666666666666,6,2,0.1,0.2,0.0,0.0,3,21,False
300,0.10666666666666667,0.39666666666666667,0.07,0.15,17,6,0.1,0.2,0.0,0.0,3,22,False
300,0.01,0.04,0.006666666666666667,0.006666666666666667,3,0,0.1,0.2,0.0,0.0,3,23,False
300,0.19,0.64,0.1,0.2733333333333333,22,5,0.1,0.2,0.0,0.0,3,24,False
300,0.16333333333333333,0.53,0.07333333333333333,0.24,26,6,0.1,0.2,0.0,0.0,3,25,False
300,0.21333333333333335,0.58,0.17,0.18,16,4,0.1,0.2,0.0,0.0,3,26,True
300,0.12666666666666668,0.44666666666666666,0.043333333333333335,0.29333333333333333,18,7,0.1,0.2,0.0,0.0,3,27,False
300,0.21666666666666667,0.6733333333333333,0.13333333333333333,0.24666666666666667,24,7,0.1,0.2,0.0,0.0,3,28,True
300,0.23666666666666666,0.6766666666666666,0.10333333333333333,0.3933333333333333,33,7,0.1,0.2,0.0,0.0,3,29,True
300,0.27,0.7066666666666667,0.2,0.18666666666666668,24,9,0.1,0.25,0.0,0.0,3,0,True
300,0.24666666666666667,0.7033333333333334,0.10333333333333333,0.38666666666666666,29,6,0.1,0.25,0.0,0.0,3,1,True
300,0.19,0.5833333333333334,0.12333333333333334,0.21,13,10,0.1,0.25,0.0,0.0,3,2,False
300,0.22666666666666666,0.61,0.11,0.30333333333333334,17,5,0.1,0.25,0.0,0.0,3,3,True
300,0.31666666666666665,0.78,0.21,0.31,22,8,0.1,0.25,0.0,0.0,3,4,True
300,0.29,0.7566666666666667,0.18,0.37666666666666665,43,13,0.1,0.25,0.0,0.0,3,5,True
300,0.24666666666666667,0.69,0.17,0.22666666666666666,17,13,0.1,0.25,0.0,0.0,3,6,True
300,0.09666666666666666,0.38666666666666666,0.04,0.20666666666666667,11,4,0.1,0.25,0.0,0.0,3,7,False
300,0.20333333333333334,0.5966666666666667,0.1,0.29333333333333333,24,6,0.1,0.25,0.0,0.0,3,8,True
300,0.29,0.7666666666666667,0.18333333333333332,0.32666666666666666,30,7,0.1,0.25,0.0,0.0,3,9,True
300,0.18333333333333332,0.53,0.08666666666666667,0.2733333333333333,15,5,0.1,0.25,0.0,0.0,3,10,False
300,0.3566666666666667,0.7966666666666666,0.22,0.34,38,19,0.1,0.25,0.0,0.0,3,11,True
300,0.16666666666666666,0.5666666666666667,0.11,0.23333333333333334,22,5,0.1,0.25,0.0,0.0,3,12,False
300,0.24666666666666667,0.6833333333333333,0.15666666666666668,0.2833333333333333,45,6,0.1,0.25,0.0,0.0,3,13,True
300,0.043333333333333335,0.16666666666666666,0.043333333333333335,0.0033333333333333335,4,6,0.1,0.25,0.0,0.0,3,14,False
300,0.16666666666666666,0.55,0.07,0.2833333333333333,16,5,0.1,0.25,0.0,0.0,3,15,False
300,0.34,0.8066666666666666,0.21333333333333335,0.35333333333333333,50,7,0.1,0.25,0.0,0.0,3,16,True
300,0.3233333333333333,0.7633333333333333,0.17666666666666667,0.36333333333333334,27,12,0.1,0.25,0.0,0.0,3,17,True
300,0.20333333333333334,0.5766666666666667,0.08333333333333333,0.31666666666666665,36,5,0.1,0.25,0.0,0.0,3,18,True
300,0.29333333333333333,0.7266666666666667,0.17666666666666667,0.34,26,8,0.1,0.25,0.0,0.0,3,19,True
300,0.11333333333333333,0.36333333333333334,0.08,0.13,17,8,0.1,0.25,0.0,0.0,3,20,False
300,0.03,0.14333333333333334,0.006666666666666667,0.07333333333333333,6,2,0.1,0.25,0.0,0.0,3,21,False
300,0.2633333333333333,0.73,0.17,0.2833333333333333,38,5,0.1,0.25,0.0,0.0,3,22,True
300,0.016666666666666666,0.06666666666666667,0.01,0.03,5,2,0.1,0.25,0.0,0.0,3,23,False
300,0.31333333333333335,0.7766666666666666,0.19,0.30333333333333334,42,6,0.1,0.25,0.0,0.0,3,24,True
300,0.23666666666666666,0.6533333333333333,0.15333333333333332,0.24,37,6,0.1,0.25,0.0,0.0,3,25,True
300,0.19333333333333333,0.5066666666666667,0.11,0.24333333333333335,23,4,0.1,0.25,0.0,0.0,3,26,False
300,0.22333333333333333,0.5866666666666667,0.13666666666666666,0.2833333333333333,25,7,0.1,0.25,0.0,0.0,3,27,True
300,0.23,0.67,0.11666666666666667,0.3333333333333333,23,7,0.1,0.25,0.0,0.0,3,28,True
300,0.2833333333333333,0.7233333333333334,0.14666666666666667,0.34,34,6,0.1,0.25,0.0,0.0,3,29,True
300,0.3233333333333333,0.7633333333333333,0.21333333333333335,0.29,34,8,0.1,0.3,0.0,0.0,3,0,True
300,0.25666666666666665,0.6966666666666667,0.08,0.49,35,7,0.1,0.3,0.0,0.0,3,1,True
300,0.23333333333333334,0.6466666666666666,0.12333333333333334,0.2966666666666667,36,4,0.1,0.3,0.0,0.0,3,2,True
300,0.18,0.55,0.11,0.22,10,3,0.1,0.3,0.0,0.0,3,3,False
300,0.24666666666666667,0.59,0.11666666666666667,0.2833333333333333,21,8,0.1,0.3,0.0,0.0,3,4,True
300,0.25333333333333335,0.72,0.09333333333333334,0.4266666666666667,40,13,0.1,0.3,0.0,0.0,3,5,True
300,0.2733333333333333,0.6733333333333333,0.18666666666666668,0.25666666666666665,31,9,0.1,0.3,0.0,0.0,3,6,True
300,0.15666666666666668,0.48333333333333334,0.06,0.2866666666666667,20,5,0.1,0.3,0.0,0.0,3,7,False
300,0.17333333333333334,0.49333333333333335,0.08,0.2866666666666667,20,8,0.1,0.3,0.0,0.0,3,8,False
300,0.26666666666666666,0.6433333333333333,0.14333333333333334,0.31,29,6,0.1,0.3,0.0,0.0,3,9,True
300,0.26666666666666666,0.66,0.14333333333333334,0.35,35,7,0.1,0.3,0.0,0.0,3,10,True
300,0.05,0.19333333333333333,0.023333333333333334,0.07666666666666666,8,4,0.1,0.3,0.0,0.0,3,11,False
300,0.23666666666666666,0.6233333333333333,0.08333333333333333,0.4,30,3,0.1,0.3,0.0,0.0,3,12,True
300,0.3333333333333333,0.7833333333333333,0.08666666666666667,0.57,58,4,0.1,0.3,0.0,0.0,3,13,True
300,0.06666666666666667,0.23333333333333334,0.04666666666666667,0.05,6,11,0.1,0.3,0.0,0.0,3,14,False
300,0.31333333333333335,0.7766666666666666,0.22666666666666666,0.2633333333333333,40,7,0.1,0.3,0.0,0.0,3,15,True
300,0.26,0.6266666666666667,0.13333333333333333,0.33666666666666667,39,5,0.1,0.3,0.0,0.0,3,16,True
300,0.35333333333333333,0.7666666666666667,0.14666666666666667,0.4666666666666667,48,10,0.1,0.3,0.0,0.0,3,17,True
300,0.22666666666666666,0.6433333333333333,0.08,0.42,32,6,0.1,0.3,0.0,0.0,3,18,True
300,0.33,0.75,0.15666666666666668,0.4266666666666667,31,8,0.1,0.3,0.0,0.0,3,19,True
300,0.33,0.7766666666666666,0.16333333333333333,0.43,48,7,0.1,0.3,0.0,0.0,3,20,True
300,0.22666666666666666,0.5933333333333334,0.11333333333333333,0.31666666666666665,25,9,0.1,0.3,0.0,0.0,3,21,True
300,0.33,0.77,0.19333333333333333,0.35333333333333333,49,5,0.1,0.3,0.0,0.0,3,22,True
300,0.016666666666666666,0.06666666666666667,0.01,0.03,5,2,0.1,0.3,0.0,0.0,3,23,False
300,0.29333333333333333,0.7233333333333334,0.19666666666666666,0.2966666666666667,40,6,0.1,0.3,0.0,0.0,3,24,True
300,0.42,0.86,0.17333333333333334,0.5533333333333333,62,9,0.1,0.3,0.0,0.0,3,25,True
300,0.37666666666666665,0.7433333333333333,0.22666666666666666,0.36333333333333334,46,5,0.1,0.3,0.0,0.0,3,26,True
300,0.24333333333333335,0.6633333333333333,0.14333333333333334,0.31666666666666665,30,7,0.1,0.3,0.0,0.0,3,27,True
300,0.23,0.6233333333333333,0.07666666666666666,0.43666666666666665,32,6,0.1,0.3,0.0,0.0,3,28,True
300,0.4266666666666667,0.8933333333333333,0.27,0.39,64,8,0.1,0.3,0.0,0.0,3,29,True
300,0.37666666666666665,0.7433333333333333,0.19333333333333333,0.36666666666666664,43,6,0.1,0.35,0.0,0.0,3,0,True
300,0.25,0.6333333333333333,0.11,0.33,23,6,0.1,0.35,0.0,0.0,3,1,True
300,0.23,0.6033333333333334,0.1,0.36333333333333334,33,4,0.1,0.35,0.0,0.0,3,2,True
300,0.39,0.83,0.12333333333333334,0.5333333333333333,56,7,0.1,0.35,0.0,0.0,3,3,True
300,0.3,0.6733333333333333,0.14333333333333334,0.38666666666666666,33,6,0.1,0.35,0.0,0.0,3,4,True
300,0.35333333333333333,0.81,0.19333333333333333,0.4033333333333333,31,6,0.1,0.35,0.0,0.0,3,5,True
300,0.4166666666666667,0.81,0.26,0.36666666666666664,53,7,0.1,0.35,0.0,0.0,3,6,True
300,0.30666666666666664,0.6733333333333333,0.17,0.3933333333333333,34,6,0.1,0.35,0.0,0.0,3,7,True
300,0.31,0.6933333333333334,0.16666666666666666,0.3333333333333333,34,8,0.1,0.35,0.0,0.0,3,8,True
300,0.4,0.8433333333333334,0.24333333333333335,0.4,50,7,0.1,0.35,0.0,0.0,3,9,True
300,0.30666666666666664,0.72,0.17,0.35333333333333333,31,5,0.1,0.35,0.0,0.0,3,10,True
300,0.30666666666666664,0.65,0.13,0.39666666666666667,29,7,0.1,0.35,0.0,0.0,3,11,True
300,0.41,0.8066666666666666,0.22,0.44666666666666666,45,4,0.1,0.35,0.0,0.0,3,12,True
300,0.34,0.7933333333333333,0.11666666666666667,0.54,61,4,0.1,0.35,0.0,0.0,3,13,True
300,0.2866666666666667,0.65,0.14666666666666667,0.3,28,11,0.1,0.35,0.0,0.0,3,14,True
300,0.43333333333333335,0.8166666666666667,0.24,0.4633333333333333,46,7,0.1,0.35,0.0,0.0,3,15,True
300,0.22666666666666666,0.5466666666666666,0.1,0.31666666666666665,30,5,0.1,0.35,0.0,0.0,3,16,True
300,0.39,0.8133333333333334,0.14666666666666667,0.5533333333333333,42,10,0.1,0.35,0.0,0.0,3,17,True
300,0.37,0.81,0.19,0.44333333333333336,54,5,0.1,0.35,0.0,0.0,3,18,True
300,0.37333333333333335,0.7733333333333333,0.20666666666666667,0.4033333333333333,36,6,0.1,0.35,0.0,0.0,3,19,True
300,0.4033333333333333,0.8333333333333334,0.20666666666666667,0.43333333333333335,69,7,0.1,0.35,0.0,0.0,3,20,True
300,0.32666666666666666,0.7166666666666667,0.13333333333333333,0.43333333333333335,47,7,0.1,0.35,0.0,0.0,3,21,True
300,0.37666666666666665,0.7266666666666667,0.24333333333333335,0.32,41,5,0.1,0.35,0.0,0.0,3,22,True
300,0.35333333333333333,0.7133333333333334,0.20666666666666667,0.3566666666666667,31,12,0.1,0.35,0.0,0.0,3,23,True
300,0.43,0.8766666666666667,0.30666666666666664,0.32666666666666666,50,6,0.1,0.35,0.0,0.0,3,24,True
300,0.43666666666666665,0.81,0.18666666666666668,0.47,55,9,0.1,0.35,0.0,0.0,3,25,True
300,0.43666666666666665,0.8166666666666667,0.27666666666666667,0.36666666666666664,52,5,0.1,0.35,0.0,0.0,3,26,True
300,0.29333333333333333,0.6733333333333333,0.11666666666666667,0.41,39,6,0.1,0.35,0.0,0.0,3,27,True
300,0.26,0.6966666666666667,0.08333333333333333,0.45,32,5,0.1,0.35,0.0,0.0,3,28,True
300,0.48,0.85,0.22333333333333333,0.52,61,7,0.1,0.35,0.0,0.0,3,29,True
300,0.4066666666666667,0.7866666666666666,0.21333333333333335,0.4,58,7,0.1,0.4,0.0,0.0,3,0,True
300,0.38666666666666666,0.79,0.19333333333333333,0.48333333333333334,47,6,0.1,0.4,0.0,0.0,3,1,True
300,0.33,0.7433333333333333,0.14333333333333334,0.42,39,4,0.1,0.4,0.0,0.0,3,2,True
300,0.31,0.67,0.19666666666666666,0.33,26,5,0.1,0.4,0.0,0.0,3,3,True
300,0.38,0.7133333333333334,0.22666666666666666,0.3566666666666667,37,7,0.1,0.4,0.0,0.0,3,4,True
300,0.38,0.7666666666666667,0.21666666666666667,0.35,39,7,0.1,0.4,0.0,0.0,3,5,True
300,0.45,0.83,0.23666666666666666,0.48,60,7,0.1,0.4,0.0,0.0,3,6,True
300,0.4766666666666667,0.8033333333333333,0.25666666666666665,0.44,43,6,0.1,0.4,0.0,0.0,3,7,True
300,0.41,0.77,0.20666666666666667,0.43333333333333335,53,8,0.1,0.4,0.0,0.0,3,8,True
300,0.30333333333333334,0.65,0.18,0.35,33,5,0.1,0.4,0.0,0.0,3,9,True
300,0.4066666666666667,0.7766666666666666,0.28,0.29333333333333333,35,5,0.1,0.4,0.0,0.0,3,10,True
300,0.39,0.7766666666666666,0.16,0.49333333333333335,44,8,0.1,0.4,0.0,0.0,3,11,True
300,0.42,0.78,0.13666666666666666,0.5333333333333333,53,4,0.1,0.4,0.0,0.0,3,12,True
300,0.32666666666666666,0.7,0.08666666666666667,0.5633333333333334,58,4,0.1,0.4,0.0,0.0,3,13,True
300,0.4166666666666667,0.7933333333333333,0.21666666666666667,0.44333333333333336,47,10,0.1,0.4,0.0,0.0,3,14,True
300,0.47333333333333333,0.85,0.25,0.49333333333333335,68,8,0.1,0.4,0.0,0.0,3,15,True
300,0.42,0.76,0.2733333333333333,0.33666666666666667,37,7,0.1,0.4,0.0,0.0,3,16,True
300,0.48333333333333334,0.87,0.20666666666666667,0.58,76,7,0.1,0.4,0.0,0.0,3,17,True
300,0.31666666666666665,0.75,0.12333333333333334,0.4766666666666667,49,4,0.1,0.4,0.0,0.0,3,18,True
300,0.38666666666666666,0.7166666666666667,0.15,0.4766666666666667,50,6,0.1,0.4,0.0,0.0,3,19,True
300,0.48,0.8666666666666667,0.2633333333333333,0.44333333333333336,58,7,0.1,0.4,0.0,0.0,3,20,True
300,0.4533333333333333,0.81,0.3,0.33666666666666667,61,6,0.1,0.4,0.0,0.0,3,21,True
300,0.3933333333333333,0.7666666666666667,0.09,0.6,55,5,0.1,0.4,0.0,0.0,3,22,True
300,0.43666666666666665,0.8133333333333334,0.24666666666666667,0.4166666666666667,52,12,0.1,0.4,0.0,0.0,3,23,True
300,0.4066666666666667,0.8366666666666667,0.18,0.53,52,6,0.1,0.4,0.0,0.0,3,24,True
300,0.44333333333333336,0.78,0.2733333333333333,0.35333333333333333,55,6,0.1,0.4,0.0,0.0,3,25,True
300,0.45,0.7866666666666666,0.18666666666666668,0.53,61,4,0.1,0.4,0.0,0.0,3,26,True
300,0.38,0.7366666666666667,0.16333333333333333,0.44333333333333336,45,6,0.1,0.4,0.0,0.0,3,27,True
300,0.4033333333333333,0.8333333333333334,0.12666666666666668,0.55,63,6,0.1,0.4,0.0,0.0,3,28,True
300,0.49666666666666665,0.8866666666666667,0.18,0.6166666666666667,76,7,0.1,0.4,0.0,0.0,3,29,True
300,0.5433333333333333,0.8666666666666667,0.2966666666666667,0.4533333333333333,83,7,0.1,0.5,0.0,0.0,3,0,True
300,0.41,0.7966666666666666,0.14666666666666667,0.59,49,6,0.1,0.5,0.0,0.0,3,1,True
300,0.5766666666666667,0.89,0.26,0.5333333333333333,77,6,0.1,0.5,0.0,0.0,3,2,True
300,0.55,0.8766666666666667,0.24,0.53,79,6,0.1,0.5,0.0,0.0,3,3,True
300,0.4766666666666667,0.83,0.15333333333333332,0.6,64,5,0.1,0.5,0.0,0.0,3,4,True
300,0.49,0.8433333333333334,0.23333333333333334,0.47,66,6,0.1,0.5,0.0,0.0,3,5,True
300,0.49333333333333335,0.81,0.16,0.5733333333333334,72,5,0.1,0.5,0.0,0.0,3,6,True
300,0.52,0.81,0.21333333333333335,0.5233333333333333,52,7,0.1,0.5,0.0,0.0,3,7,True
300,0.6,0.9,0.19333333333333333,0.6666666666666666,105,6,0.1,0.5,0.0,0.0,3,8,True
300,0.51,0.8233333333333334,0.17666666666666667,0.5533333333333333,62,6,0.1,0.5,0.0,0.0,3,9,True
300,0.48333333333333334,0.7866666666666666,0.17666666666666667,0.5133333333333333,68,5,0.1,0.5,0.0,0.0,3,10,True
300,0.46,0.7833333333333333,0.19,0.5166666666666667,64,6,0.1,0.5,0.0,0.0,3,11,True
300,0.48333333333333334,0.82,0.14333333333333334,0.6233333333333333,81,4,0.1,0.5,0.0,0.0,3,12,True
300,0.54,0.85,0.18,0.59,85,5,0.1,0.5,0.0,0.0,3,13,True
300,0.44333333333333336,0.7966666666666666,0.19333333333333333,0.48,57,8,0.1,0.5,0.0,0.0,3,14,True
300,0.6033333333333334,0.9,0.24,0.5833333333333334,102,6,0.1,0.5,0.0,0.0,3,15,True
300,0.45666666666666667,0.79,0.18333333333333332,0.5166666666666667,73,5,0.1,0.5,0.0,0.0,3,16,True
300,0.5366666666666666,0.8633333333333333,0.17,0.6066666666666667,87,5,0.1,0.5,0.0,0.0,3,17,True
300,0.4766666666666667,0.8066666666666666,0.19333333333333333,0.54,71,4,0.1,0.5,0.0,0.0,3,18,True
300,0.44333333333333336,0.7633333333333333,0.26,0.41,53,7,0.1,0.5,0.0,0.0,3,19,True
300,0.5033333333333333,0.82,0.18666666666666668,0.5666666666666667,69,6,0.1,0.5,0.0,0.0,3,20,True
300,0.5333333333333333,0.8833333333333333,0.2633333333333333,0.5,81,5,0.1,0.5,0.0,0.0,3,21,True
300,0.56,0.88,0.20666666666666667,0.5866666666666667,89,5,0.1,0.5,0.0,0.0,3,22,True
300,0.4766666666666667,0.7866666666666666,0.24666666666666667,0.4266666666666667,44,5,0.1,0.5,0.0,0.0,3,23,True
300,0.46,0.8166666666666667,0.21666666666666667,0.49,55,5,0.1,0.5,0.0,0.0,3,24,True
300,0.6266666666666667,0.94,0.15333333333333332,0.7466666666666667,97,6,0.1,0.5,0.0,0.0,3,25,True
300,0.5133333333333333,0.8066666666666666,0.21666666666666667,0.51,81,4,0.1,0.5,0.0,0.0,3,26,True
300,0.49,0.8133333333333334,0.13333333333333333,0.62,78,6,0.1,0.5,0.0,0.0,3,27,True
300,0.49,0.8166666666666667,0.13666666666666666,0.6166666666666667,75,6,0.1,0.5,0.0,0.0,3,28,True
300,0.6333333333333333,0.93,0.13666666666666666,0.74,109,6,0.1,0.5,0.0,0.0,3,29,True
300,0.023333333333333334,0.17333333333333334,0.016666666666666666,0.06,4,2,0.2,0.1,0.0,0.0,3,0,False
300,0.01,0.04,0.01,0.0033333333333333335,3,0,0.2,0.1,0.0,0.0,3,1,False
300,0.03,0.18333333333333332,0.023333333333333334,0.06666666666666667,5,2,0.2,0.1,0.0,0.0,3,2,False
300,0.01,0.05,0.0033333333333333335,0.023333333333333334,3,0,0.2,0.1,0.0,0.0,3,3,False
300,0.01,0.043333333333333335,0.006666666666666667,0.016666666666666666,3,0,0.2,0.1,0.0,0.0,3,4,False
300,0.016666666666666666,0.06666666666666667,0.013333333333333334,0.01,4,2,0.2,0.1,0.0,0.0,3,5,False
300,0.02666666666666667,0.18,0.02666666666666667,0.03666666666666667,5,2,0.2,0.1,0.0,0.0,3,6,False
300,0.05,0.34,0.03333333333333333,0.10333333333333333,8,6,0.2,0.1,0.0,0.0,3,7,False
300,0.01,0.06,0.0033333333333333335,0.03666666666666667,3,0,0.2,0.1,0.0,0.0,3,8,False
300,0.02,0.11333333333333333,0.013333333333333334,0.023333333333333334,4,1,0.2,0.1,0.0,0.0,3,9,False
300,0.023333333333333334,0.09333333333333334,0.02,0.01,4,1,0.2,0.1,0.0,0.0,3,10,False
300,0.09333333333333334,0.38666666666666666,0.056666666666666664,0.15666666666666668,11,5,0.2,0.1,0.0,0.0,3,11,False
300,0.03666666666666667,0.23666666666666666,0.013333333333333334,0.09333333333333334,4,9,0.2,0.1,0.0,0.0,3,12,False
300,0.013333333333333334,0.04666666666666667,0.006666666666666667,0.013333333333333334,4,2,0.2,0.1,0.0,0.0,3,13,False
300,0.013333333333333334,0.1,0.006666666666666667,0.03666666666666667,3,0,0.2,0.1,0.0,0.0,3,14,False
300,0.05,0.2,0.023333333333333334,0.07333333333333333,5,2,0.2,0.1,0.0,0.0,3,15,False
300,0.013333333333333334,0.043333333333333335,0.006666666666666667,0.02,3,0,0.2,0.1,0.0,0.0,3,16,False
300,0.01,0.05,0.0033333333333333335,0.023333333333333334,3,0,0.2,0.1,0.0,0.0,3,17,False
300,0.02,0.11333333333333333,0.006666666666666667,0.043333333333333335,4,2,0.2,0.1,0.0,0.0,3,18,False
300,0.06,0.33,0.03,0.19333333333333333,9,4,0.2,0.1,0.0,0.0,3,19,False
300,0.043333333333333335,0.2966666666666667,0.02666666666666667,0.08,5,5,0.2,0.1,0.0,0.0,3,20,False
300,0.03,0.11,0.02666666666666667,0.016666666666666666,5,2,0.2,0.1,0.0,0.0,3,21,False
300,0.08333333333333333,0.44333333333333336,0.05333333333333334,0.13,11,6,0.2,0.1,0.0,0.0,3,22,False
300,0.013333333333333334,0.05,0.013333333333333334,0.0,4,1,0.2,0.1,0.0,0.0,3,23,False
300,0.016666666666666666,0.08333333333333333,0.01,0.023333333333333334,4,1,0.2,0.1,0.0,0.0,3,24,False
300,0.03,0.14,0.013333333333333334,0.05333333333333334,5,4,0.2,0.1,0.0,0.0,3,25,False
300,0.02,0.16,0.006666666666666667,0.056666666666666664,3,0,0.2,0.1,0.0,0.0,3,26,False
300,0.013333333333333334,0.07,0.01,0.02666666666666667,3,0,0.2,0.1,0.0,0.0,3,27,False
300,0.02666666666666667,0.24,0.006666666666666667,0.08666666666666667,4,5,0.2,0.1,0.0,0.0,3,28,False
300,0.04666666666666667,0.29333333333333333,0.02,0.11333333333333333,8,4,0.2,0.1,0.0,0.0,3,29,False
300,0.06333333333333334,0.2833333333333333,0.03333333333333333,0.15,7,2,0.2,0.15,0.0,0.0,3,0,False
300,0.01,0.04,0.01,0.0033333333333333335,3,0,0.2,0.15,0.0,0.0,3,1,False
300,0.04,0.24333333333333335,0.016666666666666666,0.12666666666666668,8,2,0.2,0.15,0.0,0.0,3,2,False
300,0.04666666666666667,0.26666666666666666,0.023333333333333334,0.09666666666666666,6,2,0.2,0.15,0.0,0.0,3,3,False
300,0.04666666666666667,0.19666666666666666,0.03666666666666667,0.03666666666666667,5,4,0.2,0.15,0.0,0.0,3,4,False
300,0.016666666666666666,0.06666666666666667,0.013333333333333334,0.01,4,2,0.2,0.15,0.0,0.0,3,5,False
300,0.03,0.18666666666666668,0.023333333333333334,0.043333333333333335,5,2,0.2,0.15,0.0,0.0,3,6,False
300,0.08666666666666667,0.44,0.03666666666666667,0.24333333333333335,13,6,0.2,0.15,0.0,0.0,3,7,False
300,0.05333333333333334,0.27,0.01,0.17666666666666667,8,10,0.2,0.15,0.0,0.0,3,8,False
300,0.03,0.16666666666666666,0.01,0.06,4,1,0.2,0.15,0.0,0.0,3,9,False
300,0.04,0.21,0.01,0.13333333333333333,5,1,0.2,0.15,0.0,0.0,3,10,False
300,0.09666666666666666,0.38,0.056666666666666664,0.14333333333333334,15,5,0.2,0.15,0.0,0.0,3,11,False
300,0.13,0.6566666666666666,0.06,0.33,17,7,0.2,0.15,0.0,0.0,3,12,False
300,0.15333333333333332,0.5866666666666667,0.11,0.18333333333333332,21,7,0.2,0.15,0.0,0.0,3,13,False
300,0.05333333333333334,0.27666666666666667,0.02,0.14,7,4,0.2,0.15,0.0,0.0,3,14,False
300,0.07333333333333333,0.41333333333333333,0.023333333333333334,0.21666666666666667,7,6,0.2,0.15,0.0,0.0,3,15,False
300,0.023333333333333334,0.17,0.016666666666666666,0.02666666666666667,5,2,0.2,0.15,0.0,0.0,3,16,False
300,0.01,0.05,0.0033333333333333335,0.023333333333333334,3,0,0.2,0.15,0.0,0.0,3,17,False
300,0.023333333333333334,0.11333333333333333,0.01,0.04666666666666667,4,2,0.2,0.15,0.0,0.0,3,18,False
300,0.13333333333333333,0.48333333333333334,0.08333333333333333,0.20666666666666667,15,5,0.2,0.15,0.0,0.0,3,19,False
300,0.043333333333333335,0.25666666666666665,0.02666666666666667,0.11,7,5,0.2,0.15,0.0,0.0,3,20,False
300,0.03,0.11,0.02666666666666667,0.016666666666666666,5,2,0.2,0.15,0.0,0.0,3,21,False
300,0.07666666666666666,0.37,0.03,0.23,11,4,0.2,0.15,0.0,0.0,3,22,False
300,0.04666666666666667,0.19333333333333333,0.03,0.06,8,6,0.2,0.15,0.0,0.0,3,23,False
300,0.07333333333333333,0.37666666666666665,0.03,0.17,10,2,0.2,0.15,0.0,0.0,3,24,False
300,0.08666666666666667,0.32666666666666666,0.06,0.12666666666666668,11,9,0.2,0.15,0.0,0.0,3,25,False
300,0.07333333333333333,0.31333333333333335,0.05333333333333334,0.12,9,5,0.2,0.15,0.0,0.0,3,26,False
300,0.013333333333333334,0.07,0.01,0.02666666666666667,3,0,0.2,0.15,0.0,0.0,3,27,False
300,0.11,0.52,0.056666666666666664,0.25,16,7,0.2,0.15,0.0,0.0,3,28,False
300,0.07,0.33666666666666667,0.02666666666666667,0.17666666666666667,13,3,0.2,0.15,0.0,0.0,3,29,False
300,0.13333333333333333,0.48,0.07666666666666666,0.19,12,5,0.2,0.2,0.0,0.0,3,0,False
300,0.01,0.04,0.01,0.0033333333333333335,3,0,0.2,0.2,0.0,0.0,3,1,False
300,0.09,0.37333333333333335,0.05,0.18333333333333332,11,5,0.2,0.2,0.0,0.0,3,2,False
300,0.09666666666666666,0.41,0.05333333333333334,0.19,10,4,0.2,0.2,0.0,0.0,3,3,False
300,0.13,0.5433333333333333,0.06333333333333334,0.24,20,5,0.2,0.2,0.0,0.0,3,4,False
300,0.016666666666666666,0.06666666666666667,0.013333333333333334,0.01,4,2,0.2,0.2,0.0,0.0,3,5,False
300,0.056666666666666664,0.26,0.023333333333333334,0.15333333333333332,6,5,0.2,0.2,0.0,0.0,3,6,False
300,0.13666666666666666,0.5333333333333333,0.056666666666666664,0.31666666666666665,19,6,0.2,0.2,0.0,0.0,3,7,False
300,0.14333333333333334,0.54,0.09666666666666666,0.19666666666666666,18,9,0.2,0.2,0.0,0.0,3,8,False
300,0.03,0.16666666666666666,0.01,0.06,4,1,0.2,0.2,0.0,0.0,3,9,False
300,0.15666666666666668,0.5766666666666667,0.09,0.25333333333333335,21,5,0.2,0.2,0.0,0.0,3,10,False
300,0.13333333333333333,0.4766666666666667,0.08333333333333333,0.21,18,5,0.2,0.2,0.0,0.0,3,11,False
300,0.03666666666666667,0.16333333333333333,0.02,0.04666666666666667,6,2,0.2,0.2,0.0,0.0,3,12,False
300,0.07,0.29333333333333333,0.03666666666666667,0.17,10,4,0.2,0.2,0.0,0.0,3,13,False
300,0.18333333333333332,0.65,0.11666666666666667,0.3,17,11,0.2,0.2,0.0,0.0,3,14,False
300,0.18666666666666668,0.62,0.07666666666666666,0.3566666666666667,25,9,0.2,0.2,0.0,0.0,3,15,False
300,0.13333333333333333,0.5633333333333334,0.05333333333333334,0.33,16,7,0.2,0.2,0.0,0.0,3,16,False
300,0.016666666666666666,0.06666666666666667,0.006666666666666667,0.02666666666666667,4,1,0.2,0.2,0.0,0.0,3,17,False
300,0.12666666666666668,0.48333333333333334,0.056666666666666664,0.26666666666666666,12,7,0.2,0.2,0.0,0.0,3,18,False
300,0.09333333333333334,0.35333333333333333,0.056666666666666664,0.15,12,4,0.2,0.2,0.0,0.0,3,19,False
300,0.08333333333333333,0.4,0.04,0.20333333333333334,12,5,0.2,0.2,0.0,0.0,3,20,False
300,0.14666666666666667,0.49333333333333335,0.08,0.21,15,7,0.2,0.2,0.0,0.0,3,21,False
300,0.13,0.5266666666666666,0.05333333333333334,0.26666666666666666,22,5,0.2,0.2,0.0,0.0,3,22,False
300,0.06,0.23666666666666666,0.04,0.06,11,6,0.2,0.2,0.0,0.0,3,23,False
300,0.09666666666666666,0.39666666666666667,0.05333333333333334,0.19333333333333333,10,2,0.2,0.2,0.0,0.0,3,24,False
300,0.17666666666666667,0.58,0.12,0.2,19,5,0.2,0.2,0.0,0.0,3,25,False
300,0.10333333333333333,0.4,0.02666666666666667,0.28,17,4,0.2,0.2,0.0,0.0,3,26,False
300,0.013333333333333334,0.07,0.01,0.02666666666666667,3,0,0.2,0.2,0.0,0.0,3,27,False
300,0.19,0.6033333333333334,0.11,0.2866666666666667,20,7,0.2,0.2,0.0,0.0,3,28,False
300,0.10666666666666667,0.43,0.03666666666666667,0.26,19,4,0.2,0.2,0.0,0.0,3,29,False
300,0.20666666666666667,0.62,0.12,0.29,22,7,0.2,0.25,0.0,0.0,3,0,True
300,0.15666666666666668,0.5233333333333333,0.08333333333333333,0.23666666666666666,19,8,0.2,0.25,0.0,0.0,3,1,False
300,0.08666666666666667,0.3433333333333333,0.04666666666666667,0.15,12,3,0.2,0.25,0.0,0.0,3,2,False
300,0.12666666666666668,0.46,0.056666666666666664,0.22666666666666666,13,4,0.2,0.25,0.0,0.0,3,3,False
300,0.21,0.65,0.11,0.30666666666666664,21,4,0.2,0.25,0.0,0.0,3,4,True
300,0.25,0.74,0.11,0.3933333333333333,36,10,0.2,0.25,0.0,0.0,3,5,True
300,0.15,0.5266666666666666,0.07333333333333333,0.24,16,7,0.2,0.25,0.0,0.0,3,6,False
300,0.21666666666666667,0.61,0.14,0.29333333333333333,19,5,0.2,0.25,0.0,0.0,3,7,True
300,0.22,0.63,0.13,0.25666666666666665,17,11,0.2,0.25,0.0,0.0,3,8,True
300,0.22666666666666666,0.7,0.14,0.30666666666666664,18,12,0.2,0.25,0.0,0.0,3,9,True
300,0.17333333333333334,0.5433333333333333,0.08,0.2966666666666667,21,5,0.2,0.25,0.0,0.0,3,10,False
300,0.16666666666666666,0.55,0.06,0.35333333333333333,15,4,0.2,0.25,0.0,0.0,3,11,False
300,0.17666666666666667,0.5333333333333333,0.08666666666666667,0.2833333333333333,21,7,0.2,0.25,0.0,0.0,3,12,False
300,0.18333333333333332,0.5666666666666667,0.09333333333333334,0.2833333333333333,23,6,0.2,0.25,0.0,0.0,3,13,False
300,0.15,0.5233333333333333,0.1,0.23333333333333334,13,8,0.2,0.25,0.0,0.0,3,14,False
300,0.17,0.5533333333333333,0.08666666666666667,0.31666666666666665,26,8,0.2,0.25,0.0,0.0,3,15,False
300,0.16,0.5366666666666666,0.03666666666666667,0.3233333333333333,18,6,0.2,0.25,0.0,0.0,3,16,False
300,0.016666666666666666,0.06666666666666667,0.006666666666666667,0.02666666666666667,4,1,0.2,0.25,0.0,0.0,3,17,False
300,0.16666666666666666,0.5533333333333333,0.08333333333333333,0.2833333333333333,22,8,0.2,0.25,0.0,0.0,3,18,False
300,0.17,0.53,0.09,0.27,19,4,0.2,0.25,0.0,0.0,3,19,False
300,0.15333333333333332,0.5233333333333333,0.08,0.2966666666666667,16,7,0.2,0.25,0.0,0.0,3,20,False
300,0.13666666666666666,0.53,0.043333333333333335,0.35333333333333333,22,5,0.2,0.25,0.0,0.0,3,21,False
300,0.13333333333333333,0.4866666666666667,0.05333333333333334,0.29333333333333333,23,4,0.2,0.25,0.0,0.0,3,22,False
300,0.22333333333333333,0.7,0.11333333333333333,0.37,18,7,0.2,0.25,0.0,0.0,3,23,True
300,0.18333333333333332,0.5866666666666667,0.10333333333333333,0.31,17,5,0.2,0.25,0.0,0.0,3,24,False
300,0.16666666666666666,0.5033333333333333,0.10333333333333333,0.18666666666666668,22,7,0.2,0.25,0.0,0.0,3,25,False
300,0.11333333333333333,0.4633333333333333,0.02666666666666667,0.36333333333333334,16,3,0.2,0.25,0.0,0.0,3,26,False
300,0.11,0.4,0.05333333333333334,0.16666666666666666,18,8,0.2,0.25,0.0,0.0,3,27,False
300,0.19333333333333333,0.61,0.11,0.27666666666666667,32,5,0.2,0.25,0.0,0.0,3,28,False
300,0.09,0.36333333333333334,0.016666666666666666,0.24333333333333335,15,2,0.2,0.25,0.0,0.0,3,29,False
300,0.3,0.7066666666666667,0.13666666666666666,0.4266666666666667,39,7,0.2,0.3,0.0,0.0,3,0,True
300,0.14666666666666667,0.4533333333333333,0.06333333333333334,0.25,21,7,0.2,0.3,0.0,0.0,3,1,False
300,0.09666666666666666,0.35,0.056666666666666664,0.17,14,4,0.2,0.3,0.0,0.0,3,2,False
300,0.20333333333333334,0.5766666666666667,0.1,0.36666666666666664,12,4,0.2,0.3,0.0,0.0,3,3,True
300,0.25,0.65,0.13333333333333333,0.36666666666666664,27,6,0.2,0.3,0.0,0.0,3,4,True
300,0.21333333333333335,0.63,0.12666666666666668,0.28,21,10,0.2,0.3,0.0,0.0,3,5,True
300,0.23333333333333334,0.6133333333333333,0.09,0.36666666666666664,23,11,0.2,0.3,0.0,0.0,3,6,True
300,0.15333333333333332,0.47333333333333333,0.05333333333333334,0.31,21,4,0.2,0.3,0.0,0.0,3,7,False
300,0.15,0.44666666666666666,0.08666666666666667,0.2,18,4,0.2,0.3,0.0,0.0,3,8,False
300,0.26,0.6333333333333333,0.10333333333333333,0.4033333333333333,30,9,0.2,0.3,0.0,0.0,3,9,True
300,0.2866666666666667,0.7466666666666667,0.16666666666666666,0.3233333333333333,30,6,0.2,0.3,0.0,0.0,3,10,True
300,0.18,0.53,0.07333333333333333,0.2966666666666667,19,6,0.2,0.3,0.0,0.0,3,11,False
300,0.15,0.44333333333333336,0.07,0.19,14,10,0.2,0.3,0.0,0.0,3,12,False
300,0.18333333333333332,0.5266666666666666,0.07666666666666666,0.3,29,6,0.2,0.3,0.0,0.0,3,13,False
300,0.3,0.7466666666666667,0.15666666666666668,0.41333333333333333,36,6,0.2,0.3,0.0,0.0,3,14,True
300,0.24,0.6533333333333333,0.08333333333333333,0.42,35,6,0.2,0.3,0.0,0.0,3,15,True
300,0.16,0.53,0.056666666666666664,0.35333333333333333,18,6,0.2,0.3,0.0,0.0,3,16,False
300,0.13,0.4066666666666667,0.08,0.2,12,7,0.2,0.3,0.0,0.0,3,17,False
300,0.1,0.30666666666666664,0.03,0.18,10,4,0.2,0.3,0.0,0.0,3,18,False
300,0.22666666666666666,0.6233333333333333,0.10666666666666667,0.3466666666666667,36,5,0.2,0.3,0.0,0.0,3,19,True
300,0.22333333333333333,0.6166666666666667,0.12666666666666668,0.30666666666666664,23,9,0.2,0.3,0.0,0.0,3,20,True
300,0.2633333333333333,0.64,0.10666666666666667,0.42333333333333334,35,6,0.2,0.3,0.0,0.0,3,21,True
300,0.21666666666666667,0.6066666666666667,0.07333333333333333,0.41,37,4,0.2,0.3,0.0,0.0,3,22,True
300,0.22,0.5366666666666666,0.15333333333333332,0.23,19,8,0.2,0.3,0.0,0.0,3,23,True
300,0.14666666666666667,0.54,0.06666666666666667,0.3433333333333333,19,5,0.2,0.3,0.0,0.0,3,24,False
300,0.24333333333333335,0.6166666666666667,0.16333333333333333,0.2633333333333333,39,7,0.2,0.3,0.0,0.0,3,25,True
300,0.08666666666666667,0.33,0.03,0.22666666666666666,17,3,0.2,0.3,0.0,0.0,3,26,False
300,0.22,0.5866666666666667,0.12,0.31666666666666665,17,6,0.2,0.3,0.0,0.0,3,27,True
300,0.22666666666666666,0.6466666666666666,0.13,0.36,35,5,0.2,0.3,0.0,0.0,3,28,True
300,0.22666666666666666,0.62,0.09333333333333334,0.39666666666666667,33,4,0.2,0.3,0.0,0.0,3,29,True
300,0.2866666666666667,0.69,0.14333333333333334,0.39,40,6,0.2,0.35,0.0,0.0,3,0,True
300,0.22666666666666666,0.5766666666666667,0.09,0.35333333333333333,29,8,0.2,0.35,0.0,0.0,3,1,True
300,0.25666666666666665,0.6366666666666667,0.16666666666666666,0.25333333333333335,24,4,0.2,0.35,0.0,0.0,3,2,True
300,0.16333333333333333,0.48,0.06666666666666667,0.30666666666666664,18,4,0.2,0.35,0.0,0.0,3,3,False
300,0.36333333333333334,0.8133333333333334,0.15333333333333332,0.5133333333333333,55,6,0.2,0.35,0.0,0.0,3,4,True
300,0.22666666666666666,0.68,0.06666666666666667,0.44,31,8,0.2,0.35,0.0,0.0,3,5,True
300,0.23333333333333334,0.66,0.10666666666666667,0.38333333333333336,31,7,0.2,0.35,0.0,0.0,3,6,True
300,0.25666666666666665,0.6666666666666666,0.1,0.3933333333333333,31,5,0.2,0.35,0.0,0.0,3,7,True
300,0.33666666666666667,0.77,0.14666666666666667,0.4533333333333333,38,6,0.2,0.35,0.0,0.0,3,8,True
300,0.2733333333333333,0.7033333333333334,0.11,0.47,33,5,0.2,0.35,0.0,0.0,3,9,True
300,0.27666666666666667,0.6866666666666666,0.12333333333333334,0.42333333333333334,36,5,0.2,0.35,0.0,0.0,3,10,True
300,0.29,0.69,0.13666666666666666,0.44333333333333336,40,5,0.2,0.35,0.0,0.0,3,11,True
300,0.19,0.5033333333333333,0.13666666666666666,0.21,26,6,0.2,0.35,0.0,0.0,3,12,False
300,0.20333333333333334,0.5433333333333333,0.07333333333333333,0.39,29,5,0.2,0.35,0.0,0.0,3,13,True
300,0.2833333333333333,0.73,0.11666666666666667,0.4866666666666667,42,6,0.2,0.35,0.0,0.0,3,14,True
300,0.29,0.7266666666666667,0.14666666666666667,0.38666666666666666,39,6,0.2,0.35,0.0,0.0,3,15,True
300,0.30333333333333334,0.72,0.11,0.47,46,6,0.2,0.35,0.0,0.0,3,16,True
300,0.34,0.7733333333333333,0.16,0.4666666666666667,47,9,0.2,0.35,0.0,0.0,3,17,True
300,0.19666666666666666,0.4766666666666667,0.09666666666666666,0.2866666666666667,24,4,0.2,0.35,0.0,0.0,3,18,False
300,0.28,0.7033333333333334,0.11333333333333333,0.42,41,4,0.2,0.35,0.0,0.0,3,19,True
300,0.2733333333333333,0.65,0.09,0.43333333333333335,30,6,0.2,0.35,0.0,0.0,3,20,True
300,0.3,0.71,0.13333333333333333,0.43333333333333335,34,5,0.2,0.35,0.0,0.0,3,21,True
300,0.35,0.79,0.17,0.4533333333333333,59,4,0.2,0.35,0.0,0.0,3,22,True
300,0.37333333333333335,0.7966666666666666,0.24666666666666667,0.36333333333333334,40,9,0.2,0.35,0.0,0.0,3,23,True
300,0.26666666666666666,0.6633333333333333,0.06666666666666667,0.5066666666666667,40,6,0.2,0.35,0.0,0.0,3,24,True
300,0.2633333333333333,0.6266666666666667,0.13333333333333333,0.35333333333333333,46,6,0.2,0.35,0.0,0.0,3,25,True
300,0.15666666666666668,0.44333333333333336,0.07,0.24,16,3,0.2,0.35,0.0,0.0,3,26,False
300,0.24666666666666667,0.63,0.13333333333333333,0.39,28,5,0.2,0.35,0.0,0.0,3,27,True
300,0.2966666666666667,0.7566666666666667,0.12666666666666668,0.44,44,4,0.2,0.35,0.0,0.0,3,28,True
300,0.24666666666666667,0.64,0.07,0.4633333333333333,37,4,0.2,0.35,0.0,0.0,3,29,True
300,0.25333333333333335,0.6233333333333333,0.12666666666666668,0.37666666666666665,34,6,0.2,0.4,0.0,0.0,3,0,True
300,0.15666666666666668,0.43,0.08333333333333333,0.22,16,11,0.2,0.4,0.0,0.0,3,1,False
300,0.31333333333333335,0.68,0.14333333333333334,0.3933333333333333,32,4,0.2,0.4,0.0,0.0,3,2,True
300,0.21,0.52,0.07666666666666666,0.3566666666666667,24,4,0.2,0.4,0.0,0.0,3,3,True
300,0.3333333333333333,0.69,0.13333333333333333,0.44,34,5,0.2,0.4,0.0,0.0,3,4,True
300,0.2966666666666667,0.6833333333333333,0.11666666666666667,0.39666666666666667,31,8,0.2,0.4,0.0,0.0,3,5,True
300,0.35333333333333333,0.7766666666666666,0.17666666666666667,0.44333333333333336,43,7,0.2,0.4,0.0,0.0,3,6,True
300,0.3466666666666667,0.72,0.19666666666666666,0.36,34,6,0.2,0.4,0.0,0.0,3,7,True
300,0.36,0.7266666666666667,0.12666666666666668,0.49666666666666665,45,7,0.2,0.4,0.0,0.0,3,8,True
300,0.3433333333333333,0.78,0.16333333333333333,0.43333333333333335,46,6,0.2,0.4,0.0,0.0,3,9,True
300,0.33666666666666667,0.7566666666666667,0.17333333333333334,0.4266666666666667,44,6,0.2,0.4,0.0,0.0,3,10,True
300,0.23666666666666666,0.5633333333333334,0.06333333333333334,0.41333333333333333,38,4,0.2,0.4,0.0,0.0,3,11,True
300,0.33,0.7366666666666667,0.16333333333333333,0.44,42,6,0.2,0.4,0.0,0.0,3,12,True
300,0.20333333333333334,0.5133333333333333,0.056666666666666664,0.33666666666666667,20,4,0.2,0.4,0.0,0.0,3,13,True
300,0.3433333333333333,0.7433333333333333,0.2,0.4066666666666667,38,5,0.2,0.4,0.0,0.0,3,14,True
300,0.2833333333333333,0.6733333333333333,0.12,0.41,42,6,0.2,0.4,0.0,0.0,3,15,True
300,0.33666666666666667,0.7466666666666667,0.15,0.44,44,7,0.2,0.4,0.0,0.0,3,16,True
300,0.39666666666666667,0.7733333333333333,0.11,0.5633333333333334,45,6,0.2,0.4,0.0,0.0,3,17,True
300,0.17666666666666667,0.48,0.04,0.36333333333333334,26,4,0.2,0.4,0.0,0.0,3,18,False
300,0.31333333333333335,0.69,0.14,0.4,44,4,0.2,0.4,0.0,0.0,3,19,True
300,0.35,0.7433333333333333,0.20666666666666667,0.36666666666666664,40,7,0.2,0.4,0.0,0.0,3,20,True
300,0.28,0.66,0.11666666666666667,0.4533333333333333,49,4,0.2,0.4,0.0,0.0,3,21,True
300,0.41,0.8033333333333333,0.18333333333333332,0.49666666666666665,66,4,0.2,0.4,0.0,0.0,3,22,True
300,0.4066666666666667,0.8033333333333333,0.18,0.4866666666666667,49,9,0.2,0.4,0.0,0.0,3,23,True
300,0.26666666666666666,0.6466666666666666,0.11333333333333333,0.41,35,4,0.2,0.4,0.0,0.0,3,24,True
300,0.3433333333333333,0.7566666666666667,0.18666666666666668,0.41333333333333333,46,5,0.2,0.4,0.0,0.0,3,25,True
300,0.13,0.37333333333333335,0.03,0.28,18,3,0.2,0.4,0.0,0.0,3,26,False
300,0.3933333333333333,0.8266666666666667,0.21,0.45666666666666667,48,5,0.2,0.4,0.0,0.0,3,27,True
300,0.3933333333333333,0.7933333333333333,0.18,0.5066666666666667,55,5,0.2,0.4,0.0,0.0,3,28,True
300,0.34,0.7566666666666667,0.12666666666666668,0.5,40,4,0.2,0.4,0.0,0.0,3,29,True
300,0.4266666666666667,0.74,0.17666666666666667,0.47333333333333333,57,6,0.2,0.5,0.0,0.0,3,0,True
300,0.38,0.7466666666666667,0.15333333333333332,0.49333333333333335,32,8,0.2,0.5,0.0,0.0,3,1,True
300,0.44666666666666666,0.82,0.14333333333333334,0.59,63,5,0.2,0.5,0.0,0.0,3,2,True
300,0.2866666666666667,0.6233333333333333,0.11333333333333333,0.3566666666666667,19,4,0.2,0.5,0.0,0.0,3,3,True
300,0.3566666666666667,0.71,0.15,0.45666666666666667,30,6,0.2,0.5,0.0,0.0,3,4,True
300,0.44666666666666666,0.7833333333333333,0.20333333333333334,0.5033333333333333,43,9,0.2,0.5,0.0,0.0,3,5,True
300,0.37333333333333335,0.6933333333333334,0.14,0.4766666666666667,38,7,0.2,0.5,0.0,0.0,3,6,True
300,0.36666666666666664,0.72,0.17,0.46,44,6,0.2,0.5,0.0,0.0,3,7,True
300,0.32666666666666666,0.65,0.08333333333333333,0.4766666666666667,32,5,0.2,0.5,0.0,0.0,3,8,True
300,0.5066666666666667,0.8366666666666667,0.28,0.44666666666666666,69,6,0.2,0.5,0.0,0.0,3,9,True
300,0.4633333333333333,0.81,0.19333333333333333,0.51,62,5,0.2,0.5,0.0,0.0,3,10,True
300,0.39,0.7733333333333333,0.20666666666666667,0.4266666666666667,46,4,0.2,0.5,0.0,0.0,3,11,True
300,0.42,0.82,0.12333333333333334,0.6133333333333333,64,6,0.2,0.5,0.0,0.0,3,12,True
300,0.37666666666666665,0.7366666666666667,0.19,0.4533333333333333,38,6,0.2,0.5,0.0,0.0,3,13,True
300,0.4166666666666667,0.7866666666666666,0.19333333333333333,0.51,59,5,0.2,0.5,0.0,0.0,3,14,True
300,0.3,0.6166666666666667,0.1,0.4,31,5,0.2,0.5,0.0,0.0,3,15,True
300,0.49666666666666665,0.83,0.18333333333333332,0.5733333333333334,73,5,0.2,0.5,0.0,0.0,3,16,True
300,0.3433333333333333,0.68,0.07,0.5566666666666666,42,5,0.2,0.5,0.0,0.0,3,17,True
300,0.38,0.7266666666666667,0.15333333333333332,0.49333333333333335,47,6,0.2,0.5,0.0,0.0,3,18,True
300,0.4866666666666667,0.86,0.24,0.52,69,5,0.2,0.5,0.0,0.0,3,19,True
300,0.30333333333333334,0.6466666666666666,0.13666666666666666,0.42333333333333334,36,6,0.2,0.5,0.0,0.0,3,20,True
300,0.43666666666666665,0.8133333333333334,0.16,0.55,67,4,0.2,0.5,0.0,0.0,3,21,True
300,0.5266666666666666,0.85,0.25333333333333335,0.49333333333333335,91,4,0.2,0.5,0.0,0.0,3,22,True
300,0.49333333333333335,0.8333333333333334,0.22,0.55,79,5,0.2,0.5,0.0,0.0,3,23,True
300,0.4033333333333333,0.78,0.12666666666666668,0.5833333333333334,58,5,0.2,0.5,0.0,0.0,3,24,True
300,0.37,0.7233333333333334,0.16333333333333333,0.4533333333333333,67,5,0.2,0.5,0.0,0.0,3,25,True
300,0.30333333333333334,0.64,0.11666666666666667,0.44333333333333336,30,3,0.2,0.5,0.0,0.0,3,26,True
300,0.27,0.6033333333333334,0.08,0.4166666666666667,34,3,0.2,0.5,0.0,0.0,3,27,True
300,0.5066666666666667,0.84,0.23,0.52,80,5,0.2,0.5,0.0,0.0,3,28,True
300,0.4266666666666667,0.83,0.18666666666666668,0.5266666666666666,63,4,0.2,0.5,0.0,0.0,3,29,True
300,0.03666666666666667,0.23666666666666666,0.02,0.09666666666666666,5,9,0.3,0.1,0.0,0.0,3,0,False
300,0.01,0.03333333333333333,0.006666666666666667,0.01,3,0,0.3,0.1,0.0,0.0,3,1,False
300,0.02666666666666667,0.15,0.01,0.056666666666666664,5,2,0.3,0.1,0.0,0.0,3,2,False
300,0.013333333333333334,0.06,0.006666666666666667,0.02,3,0,0.3,0.1,0.0,0.0,3,3,False
300,0.043333333333333335,0.26666666666666666,0.013333333333333334,0.14333333333333334,5,9,0.3,0.1,0.0,0.0,3,4,False
300,0.016666666666666666,0.15,0.013333333333333334,0.05,4,2,0.3,0.1,0.0,0.0,3,5,False
300,0.056666666666666664,0.24666666666666667,0.03333333333333333,0.07333333333333333,6,2,0.3,0.1,0.0,0.0,3,6,False
300,0.013333333333333334,0.09,0.01,0.006666666666666667,3,0,0.3,0.1,0.0,0.0,3,7,False
300,0.016666666666666666,0.08333333333333333,0.01,0.03,4,2,0.3,0.1,0.0,0.0,3,8,False
300,0.01,0.02666666666666667,0.01,0.0,3,0,0.3,0.1,0.0,0.0,3,9,False
300,0.08,0.46,0.023333333333333334,0.25333333333333335,9,6,0.3,0.1,0.0,0.0,3,10,False
300,0.07,0.38,0.03666666666666667,0.15666666666666668,8,5,0.3,0.1,0.0,0.0,3,11,False
300,0.01,0.05,0.006666666666666667,0.01,3,0,0.3,0.1,0.0,0.0,3,12,False
300,0.01,0.03333333333333333,0.006666666666666667,0.006666666666666667,3,0,0.3,0.1,0.0,0.0,3,13,False
300,0.016666666666666666,0.16333333333333333,0.01,0.03666666666666667,3,0,0.3,0.1,0.0,0.0,3,14,False
300,0.023333333333333334,0.18,0.0033333333333333335,0.08666666666666667,4,1,0.3,0.1,0.0,0.0,3,15,False
300,0.016666666666666666,0.056666666666666664,0.013333333333333334,0.01,3,0,0.3,0.1,0.0,0.0,3,16,False
300,0.01,0.03666666666666667,0.01,0.0033333333333333335,3,0,0.3,0.1,0.0,0.0,3,17,False
300,0.06333333333333334,0.3466666666666667,0.04,0.16,13,4,0.3,0.1,0.0,0.0,3,18,False
300,0.01,0.04,0.0033333333333333335,0.02,3,0,0.3,0.1,0.0,0.0,3,19,False
300,0.02666666666666667,0.22333333333333333,0.013333333333333334,0.09,4,2,0.3,0.1,0.0,0.0,3,20,False
300,0.043333333333333335,0.23333333333333334,0.016666666666666666,0.11,5,2,0.3,0.1,0.0,0.0,3,21,False
300,0.02,0.14333333333333334,0.013333333333333334,0.05333333333333334,3,0,0.3,0.1,0.0,0.0,3,22,False
300,0.03333333333333333,0.13666666666666666,0.016666666666666666,0.06,4,4,0.3,0.1,0.0,0.0,3,23,False
300,0.013333333333333334,0.056666666666666664,0.01,0.01,4,1,0.3,0.1,0.0,0.0,3,24,False
300,0.03,0.20333333333333334,0.013333333333333334,0.08333333333333333,6,2,0.3,0.1,0.0,0.0,3,25,False
300,0.02666666666666667,0.28,0.01,0.10666666666666667,5,5,0.3,0.1,0.0,0.0,3,26,False
300,0.013333333333333334,0.06333333333333334,0.006666666666666667,0.02,4,1,0.3,0.1,0.0,0.0,3,27,False
300,0.02,0.10333333333333333,0.013333333333333334,0.016666666666666666,3,0,0.3,0.1,0.0,0.0,3,28,False
300,0.016666666666666666,0.056666666666666664,0.006666666666666667,0.03333333333333333,4,1,0.3,0.1,0.0,0.0,3,29,False
300,0.03333333333333333,0.21,0.006666666666666667,0.14,5,3,0.3,0.15,0.0,0.0,3,0,False
300,0.01,0.03666666666666667,0.0033333333333333335,0.023333333333333334,3,0,0.3,0.15,0.0,0.0,3,1,False
300,0.043333333333333335,0.24333333333333335,0.023333333333333334,0.09,6,2,0.3,0.15,0.0,0.0,3,2,False
300,0.013333333333333334,0.06,0.006666666666666667,0.02,3,0,0.3,0.15,0.0,0.0,3,3,False
300,0.05333333333333334,0.2733333333333333,0.04,0.1,7,6,0.3,0.15,0.0,0.0,3,4,False
300,0.03666666666666667,0.18333333333333332,0.01,0.12,7,5,0.3,0.15,0.0,0.0,3,5,False
300,0.05333333333333334,0.23666666666666666,0.03333333333333333,0.06666666666666667,6,2,0.3,0.15,0.0,0.0,3,6,False
300,0.10666666666666667,0.45,0.06333333333333334,0.19666666666666666,13,9,0.3,0.15,0.0,0.0,3,7,False
300,0.08,0.3466666666666667,0.03333333333333333,0.19333333333333333,9,14,0.3,0.15,0.0,0.0,3,8,False
300,0.01,0.02666666666666667,0.01,0.0,3,0,0.3,0.15,0.0,0.0,3,9,False
300,0.1,0.5566666666666666,0.03333333333333333,0.29333333333333333,15,5,0.3,0.15,0.0,0.0,3,10,False
300,0.10666666666666667,0.4066666666666667,0.06333333333333334,0.16666666666666666,15,4,0.3,0.15,0.0,0.0,3,11,False
300,0.013333333333333334,0.06,0.0033333333333333335,0.02666666666666667,4,2,0.3,0.15,0.0,0.0,3,12,False
300,0.01,0.03333333333333333,0.006666666666666667,0.006666666666666667,3,0,0.3,0.15,0.0,0.0,3,13,False
300,0.11,0.49333333333333335,0.06,0.22333333333333333,14,4,0.3,0.15,0.0,0.0,3,14,False
300,0.06,0.33,0.03333333333333333,0.12333333333333334,7,2,0.3,0.15,0.0,0.0,3,15,False
300,0.03333333333333333,0.21333333333333335,0.013333333333333334,0.10666666666666667,3,0,0.3,0.15,0.0,0.0,3,16,False
300,0.01,0.03666666666666667,0.01,0.0033333333333333335,3,0,0.3,0.15,0.0,0.0,3,17,False
300,0.10333333333333333,0.43666666666666665,0.06,0.18666666666666668,13,5,0.3,0.15,0.0,0.0,3,18,False
300,0.01,0.04,0.0033333333333333335,0.02,3,0,0.3,0.15,0.0,0.0,3,19,False
300,0.03,0.22666666666666666,0.016666666666666666,0.09,4,2,0.3,0.15,0.0,0.0,3,20,False
300,0.03,0.15333333333333332,0.01,0.07666666666666666,5,2,0.3,0.15,0.0,0.0,3,21,False
300,0.02666666666666667,0.14666666666666667,0.013333333333333334,0.06333333333333334,4,7,0.3,0.15,0.0,0.0,3,22,False
300,0.04666666666666667,0.20333333333333334,0.023333333333333334,0.09333333333333334,5,6,0.3,0.15,0.0,0.0,3,23,False
300,0.06333333333333334,0.3,0.03,0.15666666666666668,8,8,0.3,0.15,0.0,0.0,3,24,False
300,0.03666666666666667,0.23,0.016666666666666666,0.08,6,2,0.3,0.15,0.0,0.0,3,25,False
300,0.05,0.3333333333333333,0.013333333333333334,0.22666666666666666,10,5,0.3,0.15,0.0,0.0,3,26,False
300,0.016666666666666666,0.07,0.013333333333333334,0.013333333333333334,5,1,0.3,0.15,0.0,0.0,3,27,False
300,0.04666666666666667,0.24,0.02,0.11666666666666667,6,4,0.3,0.15,0.0,0.0,3,28,False
300,0.016666666666666666,0.056666666666666664,0.006666666666666667,0.03333333333333333,4,1,0.3,0.15,0.0,0.0,3,29,False
300,0.12,0.5233333333333333,0.043333333333333335,0.32,17,5,0.3,0.2,0.0,0.0,3,0,False
300,0.01,0.03666666666666667,0.0033333333333333335,0.02,3,0,0.3,0.2,0.0,0.0,3,1,False
300,0.05333333333333334,0.30666666666666664,0.023333333333333334,0.10333333333333333,8,4,0.3,0.2,0.0,0.0,3,2,False
300,0.013333333333333334,0.06,0.006666666666666667,0.02,3,0,0.3,0.2,0.0,0.0,3,3,False
300,0.043333333333333335,0.19333333333333333,0.006666666666666667,0.14333333333333334,5,4,0.3,0.2,0.0,0.0,3,4,False
300,0.07333333333333333,0.33666666666666667,0.023333333333333334,0.21,8,7,0.3,0.2,0.0,0.0,3,5,False
300,0.13333333333333333,0.48333333333333334,0.05,0.25666666666666665,9,7,0.3,0.2,0.0,0.0,3,6,False
300,0.10666666666666667,0.43333333333333335,0.05333333333333334,0.17666666666666667,17,8,0.3,0.2,0.0,0.0,3,7,False
300,0.07,0.3233333333333333,0.03666666666666667,0.15666666666666668,8,11,0.3,0.2,0.0,0.0,3,8,False
300,0.03333333333333333,0.2,0.016666666666666666,0.10333333333333333,5,5,0.3,0.2,0.0,0.0,3,9,False
300,0.13,0.55,0.05,0.27,14,5,0.3,0.2,0.0,0.0,3,10,False
300,0.14333333333333334,0.45666666666666667,0.07666666666666666,0.23,17,4,0.3,0.2,0.0,0.0,3,11,False
300,0.16,0.5733333333333334,0.056666666666666664,0.38,27,6,0.3,0.2,0.0,0.0,3,12,False
300,0.14333333333333334,0.5666666666666667,0.06666666666666667,0.26,20,7,0.3,0.2,0.0,0.0,3,13,False
300,0.13666666666666666,0.54,0.04,0.37,20,4,0.3,0.2,0.0,0.0,3,14,False
300,0.06666666666666667,0.37666666666666665,0.013333333333333334,0.2,11,3,0.3,0.2,0.0,0.0,3,15,False
300,0.09,0.37333333333333335,0.04,0.17666666666666667,10,2,0.3,0.2,0.0,0.0,3,16,False
300,0.01,0.03666666666666667,0.01,0.0033333333333333335,3,0,0.3,0.2,0.0,0.0,3,17,False
300,0.07333333333333333,0.3466666666666667,0.023333333333333334,0.20333333333333334,8,6,0.3,0.2,0.0,0.0,3,18,False
300,0.01,0.04,0.0033333333333333335,0.02,3,0,0.3,0.2,0.0,0.0,3,19,False
300,0.06666666666666667,0.2733333333333333,0.03,0.18333333333333332,7,5,0.3,0.2,0.0,0.0,3,20,False
300,0.05333333333333334,0.20333333333333334,0.03666666666666667,0.09333333333333334,6,2,0.3,0.2,0.0,0.0,3,21,False
300,0.023333333333333334,0.11666666666666667,0.01,0.04,3,0,0.3,0.2,0.0,0.0,3,22,False
300,0.02,0.13,0.006666666666666667,0.06666666666666667,4,1,0.3,0.2,0.0,0.0,3,23,False
300,0.06333333333333334,0.3466666666666667,0.023333333333333334,0.16666666666666666,7,7,0.3,0.2,0.0,0.0,3,24,False
300,0.07333333333333333,0.35,0.04,0.15666666666666668,10,5,0.3,0.2,0.0,0.0,3,25,False
300,0.08333333333333333,0.37666666666666665,0.023333333333333334,0.26,9,5,0.3,0.2,0.0,0.0,3,26,False
300,0.056666666666666664,0.25,0.02666666666666667,0.13333333333333333,8,6,0.3,0.2,0.0,0.0,3,27,False
300,0.07666666666666666,0.2866666666666667,0.043333333333333335,0.11,9,4,0.3,0.2,0.0,0.0,3,28,False
300,0.02,0.06333333333333334,0.01,0.04,4,1,0.3,0.2,0.0,0.0,3,29,False
300,0.14,0.5033333333333333,0.016666666666666666,0.38666666666666666,25,5,0.3,0.25,0.0,0.0,3,0,False
300,0.01,0.03666666666666667,0.0033333333333333335,0.02,3,0,0.3,0.25,0.0,0.0,3,1,False
300,0.09666666666666666,0.43,0.04666666666666667,0.17,11,6,0.3,0.25,0.0,0.0,3,2,False
300,0.16666666666666666,0.5966666666666667,0.07333333333333333,0.30333333333333334,18,12,0.3,0.25,0.0,0.0,3,3,False
300,0.05333333333333334,0.22666666666666666,0.01,0.14666666666666667,7,5,0.3,0.25,0.0,0.0,3,4,False
300,0.07,0.2833333333333333,0.016666666666666666,0.22666666666666666,9,5,0.3,0.25,0.0,0.0,3,5,False
300,0.11333333333333333,0.4166666666666667,0.04,0.2633333333333333,9,7,0.3,0.25,0.0,0.0,3,6,False
300,0.10666666666666667,0.4666666666666667,0.03333333333333333,0.29333333333333333,19,8,0.3,0.25,0.0,0.0,3,7,False
300,0.07333333333333333,0.26666666666666666,0.03,0.18,8,2,0.3,0.25,0.0,0.0,3,8,False
300,0.19,0.62,0.13,0.23666666666666666,18,9,0.3,0.25,0.0,0.0,3,9,False
300,0.043333333333333335,0.15666666666666668,0.0033333333333333335,0.11666666666666667,6,1,0.3,0.25,0.0,0.0,3,10,False
300,0.13333333333333333,0.43666666666666665,0.06,0.22666666666666666,18,5,0.3,0.25,0.0,0.0,3,11,False
300,0.16666666666666666,0.5566666666666666,0.05333333333333334,0.39,24,6,0.3,0.25,0.0,0.0,3,12,False
300,0.18333333333333332,0.59,0.06,0.38,28,6,0.3,0.25,0.0,0.0,3,13,False
300,0.15,0.5433333333333333,0.07,0.28,17,3,0.3,0.25,0.0,0.0,3,14,False
300,0.13,0.5066666666666667,0.06,0.2733333333333333,18,5,0.3,0.25,0.0,0.0,3,15,False
300,0.06666666666666667,0.29333333333333333,0.04,0.12666666666666668,11,4,0.3,0.25,0.0,0.0,3,16,False
300,0.01,0.03666666666666667,0.01,0.0033333333333333335,3,0,0.3,0.25,0.0,0.0,3,17,False
300,0.06,0.29333333333333333,0.013333333333333334,0.20333333333333334,8,2,0.3,0.25,0.0,0.0,3,18,False
300,0.01,0.04,0.0033333333333333335,0.02,3,0,0.3,0.25,0.0,0.0,3,19,False
300,0.12333333333333334,0.41,0.07,0.21,15,6,0.3,0.25,0.0,0.0,3,20,False
300,0.09,0.33,0.04666666666666667,0.15333333333333332,10,6,0.3,0.25,0.0,0.0,3,21,False
300,0.023333333333333334,0.11666666666666667,0.01,0.04,3,0,0.3,0.25,0.0,0.0,3,22,False
300,0.02,0.13,0.006666666666666667,0.06666666666666667,4,1,0.3,0.25,0.0,0.0,3,23,False
300,0.10333333333333333,0.4266666666666667,0.04,0.25333333333333335,18,7,0.3,0.25,0.0,0.0,3,24,False
300,0.12333333333333334,0.43,0.05,0.24666666666666667,10,4,0.3,0.25,0.0,0.0,3,25,False
300,0.06,0.2833333333333333,0.023333333333333334,0.13333333333333333,7,6,0.3,0.25,0.0,0.0,3,26,False
300,0.06,0.25,0.03333333333333333,0.13,8,6,0.3,0.25,0.0,0.0,3,27,False
300,0.13,0.5133333333333333,0.07333333333333333,0.22,11,4,0.3,0.25,0.0,0.0,3,28,False
300,0.07,0.29333333333333333,0.043333333333333335,0.11333333333333333,7,9,0.3,0.25,0.0,0.0,3,29,False
300,0.22,0.6533333333333333,0.09,0.38666666666666666,33,4,0.3,0.3,0.0,0.0,3,0,True
300,0.01,0.03666666666666667,0.0033333333333333335,0.02,3,0,0.3,0.3,0.0,0.0,3,1,False
300,0.08,0.29,0.03666666666666667,0.13666666666666666,12,4,0.3,0.3,0.0,0.0,3,2,False
300,0.16,0.6,0.056666666666666664,0.35,21,12,0.3,0.3,0.0,0.0,3,3,False
300,0.19,0.6066666666666667,0.10333333333333333,0.2733333333333333,30,7,0.3,0.3,0.0,0.0,3,4,False
300,0.09333333333333334,0.39,0.023333333333333334,0.2833333333333333,12,5,0.3,0.3,0.0,0.0,3,5,False
300,0.2,0.6333333333333333,0.11,0.3333333333333333,22,8,0.3,0.3,0.0,0.0,3,6,False
300,0.18,0.6,0.05333333333333334,0.4066666666666667,22,9,0.3,0.3,0.0,0.0,3,7,False
300,0.12666666666666668,0.4,0.07333333333333333,0.22666666666666666,9,20,0.3,0.3,0.0,0.0,3,8,False
300,0.08333333333333333,0.32,0.03666666666666667,0.19,11,5,0.3,0.3,0.0,0.0,3,9,False
300,0.04,0.14666666666666667,0.0,0.12333333333333334,6,1,0.3,0.3,0.0,0.0,3,10,False
300,0.17333333333333334,0.5133333333333333,0.09666666666666666,0.25666666666666665,19,5,0.3,0.3,0.0,0.0,3,11,False
300,0.2,0.5833333333333334,0.05333333333333334,0.44666666666666666,29,7,0.3,0.3,0.0,0.0,3,12,False
300,0.21666666666666667,0.6033333333333334,0.12333333333333334,0.30666666666666664,33,5,0.3,0.3,0.0,0.0,3,13,True
300,0.21666666666666667,0.6466666666666666,0.10666666666666667,0.38,26,4,0.3,0.3,0.0,0.0,3,14,True
300,0.14666666666666667,0.5133333333333333,0.06,0.2833333333333333,20,4,0.3,0.3,0.0,0.0,3,15,False
300,0.07666666666666666,0.3,0.016666666666666666,0.23333333333333334,11,2,0.3,0.3,0.0,0.0,3,16,False
300,0.01,0.03666666666666667,0.01,0.0033333333333333335,3,0,0.3,0.3,0.0,0.0,3,17,False
300,0.18666666666666668,0.6166666666666667,0.06333333333333334,0.42333333333333334,18,6,0.3,0.3,0.0,0.0,3,18,False
300,0.03666666666666667,0.18333333333333332,0.016666666666666666,0.09666666666666666,5,5,0.3,0.3,0.0,0.0,3,19,False
300,0.25333333333333335,0.7066666666666667,0.14,0.36666666666666664,26,7,0.3,0.3,0.0,0.0,3,20,True
300,0.06666666666666667,0.25333333333333335,0.01,0.19,8,3,0.3,0.3,0.0,0.0,3,21,False
300,0.15333333333333332,0.43666666666666665,0.07,0.23666666666666666,19,5,0.3,0.3,0.0,0.0,3,22,False
300,0.13,0.4533333333333333,0.09333333333333334,0.17333333333333334,8,18,0.3,0.3,0.0,0.0,3,23,False
300,0.056666666666666664,0.20666666666666667,0.04,0.06666666666666667,6,3,0.3,0.3,0.0,0.0,3,24,False
300,0.16333333333333333,0.5966666666666667,0.08666666666666667,0.2833333333333333,20,5,0.3,0.3,0.0,0.0,3,25,False
300,0.16333333333333333,0.55,0.05,0.36333333333333334,15,7,0.3,0.3,0.0,0.0,3,26,False
300,0.18666666666666668,0.5433333333333333,0.07333333333333333,0.35333333333333333,24,9,0.3,0.3,0.0,0.0,3,27,False
300,0.18333333333333332,0.64,0.06666666666666667,0.4266666666666667,31,5,0.3,0.3,0.0,0.0,3,28,False
300,0.08,0.2833333333333333,0.03666666666666667,0.14333333333333334,10,8,0.3,0.3,0.0,0.0,3,29,False
300,0.28,0.67,0.15333333333333332,0.35,43,5,0.3,0.35,0.0,0.0,3,0,True
300,0.01,0.03666666666666667,0.0033333333333333335,0.023333333333333334,3,0,0.3,0.35,0.0,0.0,3,1,False
300,0.12333333333333334,0.45666666666666667,0.05333333333333334,0.24333333333333335,15,6,0.3,0.35,0.0,0.0,3,2,False
300,0.22,0.64,0.1,0.37333333333333335,15,7,0.3,0.35,0.0,0.0,3,3,True
300,0.18666666666666668,0.52,0.06666666666666667,0.34,28,6,0.3,0.35,0.0,0.0,3,4,False
300,0.12,0.39666666666666667,0.05333333333333334,0.24333333333333335,12,5,0.3,0.35,0.0,0.0,3,5,False
300,0.16,0.5266666666666666,0.043333333333333335,0.37333333333333335,21,5,0.3,0.35,0.0,0.0,3,6,False
300,0.16333333333333333,0.5466666666666666,0.05,0.38333333333333336,17,6,0.3,0.35,0.0,0.0,3,7,False
300,0.3233333333333333,0.7566666666666667,0.18,0.4033333333333333,37,7,0.3,0.35,0.0,0.0,3,8,True
300,0.21666666666666667,0.5933333333333334,0.12,0.3333333333333333,17,6,0.3,0.35,0.0,0.0,3,9,True
300,0.15,0.47,0.043333333333333335,0.3566666666666667,20,5,0.3,0.35,0.0,0.0,3,10,False
300,0.25,0.66,0.08666666666666667,0.45,37,4,0.3,0.35,0.0,0.0,3,11,True
300,0.27666666666666667,0.6566666666666666,0.13333333333333333,0.4166666666666667,33,6,0.3,0.35,0.0,0.0,3,12,True
300,0.24,0.65,0.14,0.32666666666666666,38,6,0.3,0.35,0.0,0.0,3,13,True
300,0.21666666666666667,0.6133333333333333,0.07333333333333333,0.45666666666666667,31,3,0.3,0.35,0.0,0.0,3,14,True
300,0.20333333333333334,0.58,0.08666666666666667,0.38333333333333336,16,5,0.3,0.35,0.0,0.0,3,15,True
300,0.22,0.5766666666666667,0.08333333333333333,0.4066666666666667,28,6,0.3,0.35,0.0,0.0,3,16,True
300,0.01,0.03666666666666667,0.01,0.0033333333333333335,3,0,0.3,0.35,0.0,0.0,3,17,False
300,0.22333333333333333,0.6133333333333333,0.09666666666666666,0.36666666666666664,23,5,0.3,0.35,0.0,0.0,3,18,True
300,0.25,0.6666666666666666,0.15,0.33666666666666667,29,7,0.3,0.35,0.0,0.0,3,19,True
300,0.31,0.7633333333333333,0.17,0.44333333333333336,25,11,0.3,0.35,0.0,0.0,3,20,True
300,0.13666666666666666,0.41,0.056666666666666664,0.2633333333333333,18,5,0.3,0.35,0.0,0.0,3,21,False
300,0.2733333333333333,0.7133333333333334,0.12333333333333334,0.44333333333333336,33,7,0.3,0.35,0.0,0.0,3,22,True
300,0.11,0.37,0.05333333333333334,0.16333333333333333,13,6,0.3,0.35,0.0,0.0,3,23,False
300,0.18666666666666668,0.5633333333333334,0.10333333333333333,0.2866666666666667,12,5,0.3,0.35,0.0,0.0,3,24,False
300,0.21666666666666667,0.6666666666666666,0.07666666666666666,0.39666666666666667,24,6,0.3,0.35,0.0,0.0,3,25,True
300,0.08,0.30666666666666664,0.04,0.16,10,2,0.3,0.35,0.0,0.0,3,26,False
300,0.20666666666666667,0.5933333333333334,0.043333333333333335,0.4866666666666667,29,4,0.3,0.35,0.0,0.0,3,27,True
300,0.15666666666666668,0.5033333333333333,0.043333333333333335,0.3566666666666667,26,5,0.3,0.35,0.0,0.0,3,28,False
300,0.12333333333333334,0.4,0.07,0.18333333333333332,11,9,0.3,0.35,0.0,0.0,3,29,False
300,0.24,0.6966666666666667,0.06333333333333334,0.53,42,5,0.3,0.4,0.0,0.0,3,0,True
300,0.2733333333333333,0.6933333333333334,0.10666666666666667,0.46,37,6,0.3,0.4,0.0,0.0,3,1,True
300,0.24,0.6266666666666667,0.07666666666666666,0.38,22,6,0.3,0.4,0.0,0.0,3,2,True
300,0.2,0.5533333333333333,0.09,0.3466666666666667,17,11,0.3,0.4,0.0,0.0,3,3,False
300,0.31,0.6966666666666667,0.17,0.4166666666666667,33,4,0.3,0.4,0.0,0.0,3,4,True
300,0.21333333333333335,0.5966666666666667,0.08,0.37666666666666665,18,4,0.3,0.4,0.0,0.0,3,5,True
300,0.32666666666666666,0.7633333333333333,0.14666666666666667,0.44666666666666666,41,5,0.3,0.4,0.0,0.0,3,6,True
300,0.22333333333333333,0.63,0.06666666666666667,0.42333333333333334,34,7,0.3,0.4,0.0,0.0,3,7,True
300,0.19666666666666666,0.5033333333333333,0.09666666666666666,0.28,14,5,0.3,0.4,0.0,0.0,3,8,False
300,0.2,0.5233333333333333,0.05333333333333334,0.38666666666666666,29,7,0.3,0.4,0.0,0.0,3,9,False
300,0.23,0.5966666666666667,0.07,0.41333333333333333,37,4,0.3,0.4,0.0,0.0,3,10,True
300,0.28,0.6766666666666666,0.08666666666666667,0.4533333333333333,45,4,0.3,0.4,0.0,0.0,3,11,True
300,0.29,0.66,0.16666666666666666,0.32,38,7,0.3,0.4,0.0,0.0,3,12,True
300,0.27,0.6466666666666666,0.14,0.35,38,5,0.3,0.4,0.0,0.0,3,13,True
300,0.27,0.6633333333333333,0.05,0.5366666666666666,38,4,0.3,0.4,0.0,0.0,3,14,True
300,0.17333333333333334,0.53,0.03666666666666667,0.41333333333333333,21,5,0.3,0.4,0.0,0.0,3,15,False
300,0.21,0.63,0.056666666666666664,0.3933333333333333,27,4,0.3,0.4,0.0,0.0,3,16,True
300,0.01,0.03666666666666667,0.01,0.0033333333333333335,3,0,0.3,0.4,0.0,0.0,3,17,False
300,0.2,0.5566666666666666,0.05333333333333334,0.42333333333333334,22,5,0.3,0.4,0.0,0.0,3,18,False
300,0.21333333333333335,0.6133333333333333,0.05,0.4533333333333333,34,5,0.3,0.4,0.0,0.0,3,19,True
300,0.20666666666666667,0.5466666666666666,0.10666666666666667,0.31666666666666665,30,6,0.3,0.4,0.0,0.0,3,20,True
300,0.15,0.46,0.07666666666666666,0.27,18,5,0.3,0.4,0.0,0.0,3,21,False
300,0.35,0.8233333333333334,0.14,0.5066666666666667,55,7,0.3,0.4,0.0,0.0,3,22,True
300,0.18,0.51,0.08333333333333333,0.3233333333333333,16,6,0.3,0.4,0.0,0.0,3,23,False
300,0.29333333333333333,0.6766666666666666,0.08333333333333333,0.4666666666666667,34,6,0.3,0.4,0.0,0.0,3,24,True
300,0.18333333333333332,0.5366666666666666,0.05,0.4033333333333333,28,4,0.3,0.4,0.0,0.0,3,25,False
300,0.19333333333333333,0.5933333333333334,0.06333333333333334,0.37333333333333335,19,6,0.3,0.4,0.0,0.0,3,26,False
300,0.21333333333333335,0.5833333333333334,0.10666666666666667,0.32666666666666666,28,5,0.3,0.4,0.0,0.0,3,27,True
300,0.24333333333333335,0.6133333333333333,0.11333333333333333,0.32666666666666666,34,5,0.3,0.4,0.0,0.0,3,28,True
300,0.25666666666666665,0.6433333333333333,0.12333333333333334,0.37666666666666665,22,10,0.3,0.4,0.0,0.0,3,29,True
300,0.35333333333333333,0.72,0.10333333333333333,0.5866666666666667,50,6,0.3,0.5,0.0,0.0,3,0,True
300,0.24333333333333335,0.5866666666666667,0.08333333333333333,0.4266666666666667,42,6,0.3,0.5,0.0,0.0,3,1,True
300,0.2833333333333333,0.6533333333333333,0.13,0.38,24,4,0.3,0.5,0.0,0.0,3,2,True
300,0.24666666666666667,0.6,0.09666666666666666,0.42,27,5,0.3,0.5,0.0,0.0,3,3,True
300,0.3333333333333333,0.7133333333333334,0.1,0.5466666666666666,49,5,0.3,0.5,0.0,0.0,3,4,True
300,0.18333333333333332,0.49,0.06666666666666667,0.30666666666666664,29,5,0.3,0.5,0.0,0.0,3,5,False
300,0.3933333333333333,0.81,0.15,0.5833333333333334,51,5,0.3,0.5,0.0,0.0,3,6,True
300,0.43333333333333335,0.82,0.15,0.5966666666666667,66,5,0.3,0.5,0.0,0.0,3,7,True
300,0.26666666666666666,0.6366666666666667,0.13,0.41,28,4,0.3,0.5,0.0,0.0,3,8,True
300,0.2866666666666667,0.65,0.12333333333333334,0.42,27,10,0.3,0.5,0.0,0.0,3,9,True
300,0.25,0.6033333333333334,0.06333333333333334,0.49666666666666665,43,4,0.3,0.5,0.0,0.0,3,10,True
300,0.32,0.67,0.09666666666666666,0.4766666666666667,42,5,0.3,0.5,0.0,0.0,3,11,True
300,0.35333333333333333,0.7233333333333334,0.10333333333333333,0.57,47,5,0.3,0.5,0.0,0.0,3,12,True
300,0.30333333333333334,0.7,0.14666666666666667,0.42333333333333334,37,5,0.3,0.5,0.0,0.0,3,13,True
300,0.3433333333333333,0.7133333333333334,0.13,0.5133333333333333,53,4,0.3,0.5,0.0,0.0,3,14,True
300,0.21666666666666667,0.5433333333333333,0.05,0.42,31,3,0.3,0.5,0.0,0.0,3,15,True
300,0.24,0.5933333333333334,0.056666666666666664,0.4666666666666667,41,4,0.3,0.5,0.0,0.0,3,16,True
300,0.27,0.6333333333333333,0.11,0.4033333333333333,29,8,0.3,0.5,0.0,0.0,3,17,True
300,0.26,0.6066666666666667,0.07,0.44,30,5,0.3,0.5,0.0,0.0,3,18,True
300,0.19333333333333333,0.4866666666666667,0.08,0.30333333333333334,16,6,0.3,0.5,0.0,0.0,3,19,False
300,0.34,0.7166666666666667,0.13,0.4666666666666667,50,5,0.3,0.5,0.0,0.0,3,20,True
300,0.23333333333333334,0.5566666666666666,0.10666666666666667,0.35333333333333333,26,4,0.3,0.5,0.0,0.0,3,21,True
300,0.30666666666666664,0.68,0.07666666666666666,0.5033333333333333,49,6,0.3,0.5,0.0,0.0,3,22,True
300,0.2966666666666667,0.67,0.09333333333333334,0.49,39,6,0.3,0.5,0.0,0.0,3,23,True
300,0.39666666666666667,0.79,0.13666666666666666,0.5333333333333333,57,7,0.3,0.5,0.0,0.0,3,24,True
300,0.39,0.8166666666666667,0.14333333333333334,0.59,51,5,0.3,0.5,0.0,0.0,3,25,True
300,0.18,0.4866666666666667,0.04,0.36,23,4,0.3,0.5,0.0,0.0,3,26,False
300,0.3233333333333333,0.7266666666666667,0.09,0.5466666666666666,60,5,0.3,0.5,0.0,0.0,3,27,True
300,0.23666666666666666,0.57,0.09333333333333334,0.36333333333333334,29,5,0.3,0.5,0.0,0.0,3,28,True
300,0.29333333333333333,0.6533333333333333,0.15,0.4033333333333333,26,8,0.3,0.5,0.0,0.0,3,29,True
300,0.043333333333333335,0.28,0.02,0.12666666666666668,7,2,0.4,0.1,0.0,0.0,3,0,False
300,0.016666666666666666,0.13,0.0033333333333333335,0.05333333333333334,5,1,0.4,0.1,0.0,0.0,3,1,False
300,0.03666666666666667,0.21333333333333335,0.02,0.06333333333333334,6,5,0.4,0.1,0.0,0.0,3,2,False
300,0.01,0.03666666666666667,0.0033333333333333335,0.02,3,0,0.4,0.1,0.0,0.0,3,3,False
300,0.02666666666666667,0.19666666666666666,0.013333333333333334,0.06666666666666667,6,1,0.4,0.1,0.0,0.0,3,4,False
300,0.02,0.09,0.016666666666666666,0.02666666666666667,4,2,0.4,0.1,0.0,0.0,3,5,False
300,0.043333333333333335,0.26,0.016666666666666666,0.12333333333333334,7,3,0.4,0.1,0.0,0.0,3,6,False
300,0.01,0.07,0.006666666666666667,0.01,3,0,0.4,0.1,0.0,0.0,3,7,False
300,0.02666666666666667,0.15666666666666668,0.013333333333333334,0.056666666666666664,3,0,0.4,0.1,0.0,0.0,3,8,False
300,0.02,0.11,0.01,0.056666666666666664,3,0,0.4,0.1,0.0,0.0,3,9,False
300,0.03,0.24666666666666667,0.02,0.08666666666666667,3,0,0.4,0.1,0.0,0.0,3,10,False
300,0.02,0.06,0.01,0.023333333333333334,4,1,0.4,0.1,0.0,0.0,3,11,False
300,0.013333333333333334,0.04666666666666667,0.0033333333333333335,0.023333333333333334,4,2,0.4,0.1,0.0,0.0,3,12,False
300,0.02,0.16666666666666666,0.0033333333333333335,0.08,4,2,0.4,0.1,0.0,0.0,3,13,False
300,0.013333333333333334,0.13,0.006666666666666667,0.056666666666666664,3,0,0.4,0.1,0.0,0.0,3,14,False
300,0.03,0.17,0.013333333333333334,0.07,4,2,0.4,0.1,0.0,0.0,3,15,False
300,0.01,0.02666666666666667,0.01,0.0,3,0,0.4,0.1,0.0,0.0,3,16,False
300,0.023333333333333334,0.17666666666666667,0.0033333333333333335,0.08,5,2,0.4,0.1,0.0,0.0,3,17,False
300,0.013333333333333334,0.05,0.006666666666666667,0.023333333333333334,4,1,0.4,0.1,0.0,0.0,3,18,False
300,0.01,0.043333333333333335,0.0033333333333333335,0.016666666666666666,3,0,0.4,0.1,0.0,0.0,3,19,False
300,0.03666666666666667,0.2966666666666667,0.01,0.19,6,2,0.4,0.1,0.0,0.0,3,20,False
300,0.03,0.19333333333333333,0.01,0.09333333333333334,7,2,0.4,0.1,0.0,0.0,3,21,False
300,0.016666666666666666,0.06666666666666667,0.01,0.02,4,1,0.4,0.1,0.0,0.0,3,22,False
300,0.013333333333333334,0.07666666666666666,0.01,0.016666666666666666,3,0,0.4,0.1,0.0,0.0,3,23,False
300,0.016666666666666666,0.043333333333333335,0.006666666666666667,0.023333333333333334,4,2,0.4,0.1,0.0,0.0,3,24,False
300,0.02,0.17666666666666667,0.006666666666666667,0.1,5,2,0.4,0.1,0.0,0.0,3,25,False
300,0.013333333333333334,0.06666666666666667,0.013333333333333334,0.0033333333333333335,3,0,0.4,0.1,0.0,0.0,3,26,False
300,0.01,0.05,0.006666666666666667,0.01,3,0,0.4,0.1,0.0,0.0,3,27,False
300,0.03333333333333333,0.23,0.013333333333333334,0.12,5,4,0.4,0.1,0.0,0.0,3,28,False
300,0.01,0.03666666666666667,0.006666666666666667,0.013333333333333334,3,0,0.4,0.1,0.0,0.0,3,29,False
300,0.04,0.24666666666666667,0.023333333333333334,0.10333333333333333,8,2,0.4,0.15,0.0,0.0,3,0,False
300,0.02666666666666667,0.17666666666666667,0.0033333333333333335,0.11333333333333333,5,1,0.4,0.15,0.0,0.0,3,1,False
300,0.05333333333333334,0.27,0.03333333333333333,0.09,6,5,0.4,0.15,0.0,0.0,3,2,False
300,0.05333333333333334,0.26,0.013333333333333334,0.15666666666666668,8,3,0.4,0.15,0.0,0.0,3,3,False
300,0.05333333333333334,0.27,0.02,0.13,8,2,0.4,0.15,0.0,0.0,3,4,False
300,0.023333333333333334,0.09666666666666666,0.013333333333333334,0.02666666666666667,5,2,0.4,0.15,0.0,0.0,3,5,False
300,0.023333333333333334,0.16,0.0033333333333333335,0.08666666666666667,6,2,0.4,0.15,0.0,0.0,3,6,False
300,0.03,0.18,0.016666666666666666,0.07333333333333333,5,2,0.4,0.15,0.0,0.0,3,7,False
300,0.023333333333333334,0.11,0.0,0.08666666666666667,4,1,0.4,0.15,0.0,0.0,3,8,False
300,0.02,0.11,0.01,0.056666666666666664,3,0,0.4,0.15,0.0,0.0,3,9,False
300,0.03333333333333333,0.23333333333333334,0.023333333333333334,0.1,6,4,0.4,0.15,0.0,0.0,3,10,False
300,0.09666666666666666,0.4166666666666667,0.05,0.18,11,13,0.4,0.15,0.0,0.0,3,11,False
300,0.013333333333333334,0.04666666666666667,0.0033333333333333335,0.023333333333333334,4,2,0.4,0.15,0.0,0.0,3,12,False
300,0.03333333333333333,0.21,0.013333333333333334,0.08,5,3,0.4,0.15,0.0,0.0,3,13,False
300,0.023333333333333334,0.14333333333333334,0.01,0.08,5,2,0.4,0.15,0.0,0.0,3,14,False
300,0.043333333333333335,0.2633333333333333,0.016666666666666666,0.11333333333333333,7,5,0.4,0.15,0.0,0.0,3,15,False
300,0.02,0.09,0.013333333333333334,0.04,3,0,0.4,0.15,0.0,0.0,3,16,False
300,0.05,0.23333333333333334,0.013333333333333334,0.14333333333333334,7,2,0.4,0.15,0.0,0.0,3,17,False
300,0.013333333333333334,0.05,0.006666666666666667,0.023333333333333334,4,1,0.4,0.15,0.0,0.0,3,18,False
300,0.01,0.043333333333333335,0.0033333333333333335,0.016666666666666666,3,0,0.4,0.15,0.0,0.0,3,19,False
300,0.043333333333333335,0.21666666666666667,0.016666666666666666,0.11,7,2,0.4,0.15,0.0,0.0,3,20,False
300,0.03,0.17,0.01,0.09,8,2,0.4,0.15,0.0,0.0,3,21,False
300,0.043333333333333335,0.22666666666666666,0.013333333333333334,0.14,5,2,0.4,0.15,0.0,0.0,3,22,False
300,0.016666666666666666,0.10333333333333333,0.006666666666666667,0.03333333333333333,4,2,0.4,0.15,0.0,0.0,3,23,False
300,0.03333333333333333,0.24333333333333335,0.006666666666666667,0.11333333333333333,4,2,0.4,0.15,0.0,0.0,3,24,False
300,0.03666666666666667,0.24,0.02666666666666667,0.10666666666666667,6,4,0.4,0.15,0.0,0.0,3,25,False
300,0.05,0.2966666666666667,0.023333333333333334,0.13333333333333333,8,5,0.4,0.15,0.0,0.0,3,26,False
300,0.013333333333333334,0.043333333333333335,0.013333333333333334,0.013333333333333334,4,1,0.4,0.15,0.0,0.0,3,27,False
300,0.06666666666666667,0.36333333333333334,0.03333333333333333,0.12666666666666668,9,4,0.4,0.15,0.0,0.0,3,28,False
300,0.013333333333333334,0.04666666666666667,0.01,0.013333333333333334,4,1,0.4,0.15,0.0,0.0,3,29,False
300,0.07,0.36333333333333334,0.03,0.20333333333333334,14,2,0.4,0.2,0.0,0.0,3,0,False
300,0.06666666666666667,0.30666666666666664,0.01,0.20666666666666667,7,4,0.4,0.2,0.0,0.0,3,1,False
300,0.06333333333333334,0.2833333333333333,0.03,0.12,7,5,0.4,0.2,0.0,0.0,3,2,False
300,0.06,0.2733333333333333,0.02666666666666667,0.14333333333333334,9,3,0.4,0.2,0.0,0.0,3,3,False
300,0.07666666666666666,0.37333333333333335,0.023333333333333334,0.21333333333333335,8,2,0.4,0.2,0.0,0.0,3,4,False
300,0.06666666666666667,0.2833333333333333,0.013333333333333334,0.20666666666666667,6,2,0.4,0.2,0.0,0.0,3,5,False
300,0.04666666666666667,0.21,0.01,0.13333333333333333,8,2,0.4,0.2,0.0,0.0,3,6,False
300,0.03333333333333333,0.16333333333333333,0.02,0.08666666666666667,6,2,0.4,0.2,0.0,0.0,3,7,False
300,0.023333333333333334,0.11,0.0,0.08666666666666667,4,1,0.4,0.2,0.0,0.0,3,8,False
300,0.023333333333333334,0.18333333333333332,0.01,0.06333333333333334,3,0,0.4,0.2,0.0,0.0,3,9,False
300,0.08666666666666667,0.49333333333333335,0.03,0.31333333333333335,12,5,0.4,0.2,0.0,0.0,3,10,False
300,0.09333333333333334,0.43666666666666665,0.02666666666666667,0.3,9,13,0.4,0.2,0.0,0.0,3,11,False
300,0.013333333333333334,0.04666666666666667,0.0033333333333333335,0.023333333333333334,4,2,0.4,0.2,0.0,0.0,3,12,False
300,0.08,0.37333333333333335,0.023333333333333334,0.2733333333333333,11,5,0.4,0.2,0.0,0.0,3,13,False
300,0.05333333333333334,0.23666666666666666,0.023333333333333334,0.13333333333333333,8,3,0.4,0.2,0.0,0.0,3,14,False
300,0.06666666666666667,0.4,0.0,0.32,12,4,0.4,0.2,0.0,0.0,3,15,False
300,0.07,0.38666666666666666,0.02666666666666667,0.23333333333333334,10,12,0.4,0.2,0.0,0.0,3,16,False
300,0.08333333333333333,0.37333333333333335,0.02,0.25,11,4,0.4,0.2,0.0,0.0,3,17,False
300,0.013333333333333334,0.05,0.006666666666666667,0.023333333333333334,4,1,0.4,0.2,0.0,0.0,3,18,False
300,0.01,0.043333333333333335,0.0033333333333333335,0.016666666666666666,3,0,0.4,0.2,0.0,0.0,3,19,False
300,0.08333333333333333,0.3933333333333333,0.02666666666666667,0.25,9,5,0.4,0.2,0.0,0.0,3,20,False
300,0.04666666666666667,0.21666666666666667,0.01,0.14333333333333334,8,2,0.4,0.2,0.0,0.0,3,21,False
300,0.08666666666666667,0.33,0.03333333333333333,0.21333333333333335,11,5,0.4,0.2,0.0,0.0,3,22,False
300,0.06,0.3,0.02666666666666667,0.15666666666666668,6,4,0.4,0.2,0.0,0.0,3,23,False
300,0.03333333333333333,0.24333333333333335,0.006666666666666667,0.11333333333333333,4,2,0.4,0.2,0.0,0.0,3,24,False
300,0.09333333333333334,0.43333333333333335,0.03666666666666667,0.22333333333333333,8,5,0.4,0.2,0.0,0.0,3,25,False
300,0.08666666666666667,0.37333333333333335,0.03333333333333333,0.23,10,6,0.4,0.2,0.0,0.0,3,26,False
300,0.013333333333333334,0.043333333333333335,0.013333333333333334,0.013333333333333334,4,1,0.4,0.2,0.0,0.0,3,27,False
300,0.09666666666666666,0.4033333333333333,0.05,0.17,17,5,0.4,0.2,0.0,0.0,3,28,False
300,0.02,0.06,0.013333333333333334,0.023333333333333334,6,2,0.4,0.2,0.0,0.0,3,29,False
300,0.11666666666666667,0.46,0.05333333333333334,0.22666666666666666,19,3,0.4,0.25,0.0,0.0,3,0,False
300,0.05,0.22333333333333333,0.0,0.18,7,4,0.4,0.25,0.0,0.0,3,1,False
300,0.07,0.29333333333333333,0.043333333333333335,0.11666666666666667,9,4,0.4,0.25,0.0,0.0,3,2,False
300,0.07333333333333333,0.35333333333333333,0.02,0.20666666666666667,13,4,0.4,0.25,0.0,0.0,3,3,False
300,0.09,0.32666666666666666,0.03333333333333333,0.2,11,3,0.4,0.25,0.0,0.0,3,4,False
300,0.07,0.2966666666666667,0.02666666666666667,0.18,7,2,0.4,0.25,0.0,0.0,3,5,False
300,0.05,0.21666666666666667,0.013333333333333334,0.12333333333333334,8,2,0.4,0.25,0.0,0.0,3,6,False
300,0.10666666666666667,0.4066666666666667,0.04,0.23,13,5,0.4,0.25,0.0,0.0,3,7,False
300,0.043333333333333335,0.21666666666666667,0.006666666666666667,0.17333333333333334,9,2,0.4,0.25,0.0,0.0,3,8,False
300,0.03333333333333333,0.19333333333333333,0.016666666666666666,0.11666666666666667,4,6,0.4,0.25,0.0,0.0,3,9,False
300,0.11,0.42,0.03,0.29333333333333333,12,4,0.4,0.25,0.0,0.0,3,10,False
300,0.16666666666666666,0.5666666666666667,0.08333333333333333,0.25666666666666665,21,12,0.4,0.25,0.0,0.0,3,11,False
300,0.023333333333333334,0.07333333333333333,0.013333333333333334,0.03333333333333333,4,2,0.4,0.25,0.0,0.0,3,12,False
300,0.02666666666666667,0.12,0.006666666666666667,0.08333333333333333,5,2,0.4,0.25,0.0,0.0,3,13,False
300,0.07333333333333333,0.35333333333333333,0.03,0.19,13,3,0.4,0.25,0.0,0.0,3,14,False
300,0.10333333333333333,0.4533333333333333,0.05,0.23,19,5,0.4,0.25,0.0,0.0,3,15,False
300,0.20666666666666667,0.62,0.08,0.4,35,12,0.4,0.25,0.0,0.0,3,16,True
300,0.09,0.41333333333333333,0.023333333333333334,0.21,12,5,0.4,0.25,0.0,0.0,3,17,False
300,0.013333333333333334,0.05,0.0033333333333333335,0.03666666666666667,4,1,0.4,0.25,0.0,0.0,3,18,False
300,0.01,0.043333333333333335,0.0033333333333333335,0.016666666666666666,3,0,0.4,0.25,0.0,0.0,3,19,False
300,0.11333333333333333,0.45666666666666667,0.04666666666666667,0.2633333333333333,12,6,0.4,0.25,0.0,0.0,3,20,False
300,0.09,0.30666666666666664,0.03333333333333333,0.20333333333333334,11,5,0.4,0.25,0.0,0.0,3,21,False
300,0.15,0.5733333333333334,0.08,0.30666666666666664,23,4,0.4,0.25,0.0,0.0,3,22,False
300,0.08,0.34,0.03,0.2,8,8,0.4,0.25,0.0,0.0,3,23,False
300,0.02666666666666667,0.15666666666666668,0.013333333333333334,0.06,5,2,0.4,0.25,0.0,0.0,3,24,False
300,0.12333333333333334,0.54,0.06666666666666667,0.2633333333333333,19,6,0.4,0.25,0.0,0.0,3,25,False
300,0.14,0.51,0.06,0.30666666666666664,17,7,0.4,0.25,0.0,0.0,3,26,False
300,0.013333333333333334,0.043333333333333335,0.013333333333333334,0.013333333333333334,4,1,0.4,0.25,0.0,0.0,3,27,False
300,0.12333333333333334,0.46,0.03666666666666667,0.3233333333333333,15,5,0.4,0.25,0.0,0.0,3,28,False
300,0.02,0.06,0.013333333333333334,0.023333333333333334,6,2,0.4,0.25,0.0,0.0,3,29,False
300,0.15,0.55,0.04666666666666667,0.35,22,4,0.4,0.3,0.0,0.0,3,0,False
300,0.04666666666666667,0.22,0.01,0.13666666666666666,7,4,0.4,0.3,0.0,0.0,3,1,False
300,0.07,0.28,0.043333333333333335,0.10666666666666667,12,4,0.4,0.3,0.0,0.0,3,2,False
300,0.1,0.38666666666666666,0.03333333333333333,0.25333333333333335,13,4,0.4,0.3,0.0,0.0,3,3,False
300,0.15333333333333332,0.53,0.06333333333333334,0.3433333333333333,18,3,0.4,0.3,0.0,0.0,3,4,False
300,0.04666666666666667,0.2,0.013333333333333334,0.13666666666666666,7,2,0.4,0.3,0.0,0.0,3,5,False
300,0.10333333333333333,0.3566666666666667,0.03666666666666667,0.24333333333333335,14,4,0.4,0.3,0.0,0.0,3,6,False
300,0.21333333333333335,0.6166666666666667,0.08,0.43,33,5,0.4,0.3,0.0,0.0,3,7,True
300,0.17666666666666667,0.6133333333333333,0.06666666666666667,0.4166666666666667,18,5,0.4,0.3,0.0,0.0,3,8,False
300,0.07333333333333333,0.3,0.03,0.16,7,7,0.4,0.3,0.0,0.0,3,9,False
300,0.06,0.24333333333333335,0.016666666666666666,0.14666666666666667,12,2,0.4,0.3,0.0,0.0,3,10,False
300,0.15333333333333332,0.49333333333333335,0.03333333333333333,0.37,22,10,0.4,0.3,0.0,0.0,3,11,False
300,0.13333333333333333,0.4,0.03666666666666667,0.2733333333333333,17,9,0.4,0.3,0.0,0.0,3,12,False
300,0.11666666666666667,0.4533333333333333,0.056666666666666664,0.24666666666666667,16,5,0.4,0.3,0.0,0.0,3,13,False
300,0.16,0.5033333333333333,0.03666666666666667,0.4066666666666667,25,4,0.4,0.3,0.0,0.0,3,14,False
300,0.10333333333333333,0.4666666666666667,0.03,0.29333333333333333,18,5,0.4,0.3,0.0,0.0,3,15,False
300,0.14,0.47333333333333333,0.03666666666666667,0.3466666666666667,21,9,0.4,0.3,0.0,0.0,3,16,False
300,0.11,0.4166666666666667,0.006666666666666667,0.34,21,3,0.4,0.3,0.0,0.0,3,17,False
300,0.10666666666666667,0.44666666666666666,0.03333333333333333,0.31333333333333335,9,9,0.4,0.3,0.0,0.0,3,18,False
300,0.01,0.043333333333333335,0.0033333333333333335,0.016666666666666666,3,0,0.4,0.3,0.0,0.0,3,19,False
300,0.16,0.48333333333333334,0.08,0.31666666666666665,16,6,0.4,0.3,0.0,0.0,3,20,False
300,0.11666666666666667,0.42333333333333334,0.03,0.32,19,3,0.4,0.3,0.0,0.0,3,21,False
300,0.20333333333333334,0.5966666666666667,0.08666666666666667,0.36333333333333334,30,4,0.4,0.3,0.0,0.0,3,22,True
300,0.18,0.5366666666666666,0.10666666666666667,0.27,16,7,0.4,0.3,0.0,0.0,3,23,False
300,0.14666666666666667,0.5466666666666666,0.043333333333333335,0.38333333333333336,20,9,0.4,0.3,0.0,0.0,3,24,False
300,0.12333333333333334,0.49333333333333335,0.04,0.3233333333333333,17,5,0.4,0.3,0.0,0.0,3,25,False
300,0.13333333333333333,0.4166666666666667,0.07666666666666666,0.19666666666666666,15,5,0.4,0.3,0.0,0.0,3,26,False
300,0.056666666666666664,0.29333333333333333,0.013333333333333334,0.21666666666666667,8,2,0.4,0.3,0.0,0.0,3,27,False
300,0.16,0.55,0.06,0.3466666666666667,22,5,0.4,0.3,0.0,0.0,3,28,False
300,0.13333333333333333,0.47,0.023333333333333334,0.3466666666666667,14,8,0.4,0.3,0.0,0.0,3,29,False
300,0.16666666666666666,0.5933333333333334,0.08666666666666667,0.36333333333333334,23,2,0.4,0.35,0.0,0.0,3,0,False
300,0.04666666666666667,0.21666666666666667,0.01,0.13666666666666666,7,4,0.4,0.35,0.0,0.0,3,1,False
300,0.14333333333333334,0.5033333333333333,0.03666666666666667,0.39,15,5,0.4,0.35,0.0,0.0,3,2,False
300,0.13,0.4533333333333333,0.04,0.34,18,4,0.4,0.35,0.0,0.0,3,3,False
300,0.08333333333333333,0.2866666666666667,0.023333333333333334,0.18333333333333332,15,2,0.4,0.35,0.0,0.0,3,4,False
300,0.12333333333333334,0.45666666666666667,0.043333333333333335,0.2966666666666667,15,5,0.4,0.35,0.0,0.0,3,5,False
300,0.09,0.33,0.016666666666666666,0.28,14,4,0.4,0.35,0.0,0.0,3,6,False
300,0.13,0.44666666666666666,0.04666666666666667,0.3,18,4,0.4,0.35,0.0,0.0,3,7,False
300,0.16333333333333333,0.56,0.023333333333333334,0.4633333333333333,22,4,0.4,0.35,0.0,0.0,3,8,False
300,0.13666666666666666,0.47333333333333333,0.06,0.2833333333333333,17,9,0.4,0.35,0.0,0.0,3,9,False
300,0.12333333333333334,0.4066666666666667,0.023333333333333334,0.29333333333333333,12,2,0.4,0.35,0.0,0.0,3,10,False
300,0.18333333333333332,0.49,0.04666666666666667,0.36333333333333334,30,10,0.4,0.35,0.0,0.0,3,11,False
300,0.14666666666666667,0.48,0.06333333333333334,0.26666666666666666,19,7,0.4,0.35,0.0,0.0,3,12,False
300,0.12666666666666668,0.5166666666666667,0.03333333333333333,0.38333333333333336,18,6,0.4,0.35,0.0,0.0,3,13,False
300,0.16666666666666666,0.5133333333333333,0.06,0.36,25,3,0.4,0.35,0.0,0.0,3,14,False
300,0.12666666666666668,0.5333333333333333,0.03666666666666667,0.39666666666666667,20,4,0.4,0.35,0.0,0.0,3,15,False
300,0.023333333333333334,0.08666666666666667,0.01,0.07,4,2,0.4,0.35,0.0,0.0,3,16,False
300,0.16,0.5466666666666666,0.06666666666666667,0.36666666666666664,27,3,0.4,0.35,0.0,0.0,3,17,False
300,0.10333333333333333,0.4166666666666667,0.013333333333333334,0.3433333333333333,16,6,0.4,0.35,0.0,0.0,3,18,False
300,0.15,0.51,0.03,0.38,22,4,0.4,0.35,0.0,0.0,3,19,False
300,0.15333333333333332,0.5,0.08,0.30333333333333334,17,7,0.4,0.35,0.0,0.0,3,20,False
300,0.18666666666666668,0.5,0.05333333333333334,0.36333333333333334,26,3,0.4,0.35,0.0,0.0,3,21,False
300,0.21,0.6233333333333333,0.08,0.4033333333333333,30,4,0.4,0.35,0.0,0.0,3,22,True
300,0.17333333333333334,0.53,0.09666666666666666,0.24666666666666667,17,7,0.4,0.35,0.0,0.0,3,23,False
300,0.17333333333333334,0.56,0.06666666666666667,0.36,14,8,0.4,0.35,0.0,0.0,3,24,False
300,0.21666666666666667,0.6366666666666667,0.09,0.39666666666666667,34,6,0.4,0.35,0.0,0.0,3,25,True
300,0.08666666666666667,0.32666666666666666,0.016666666666666666,0.25333333333333335,12,4,0.4,0.35,0.0,0.0,3,26,False
300,0.07,0.3333333333333333,0.02666666666666667,0.22,9,4,0.4,0.35,0.0,0.0,3,27,False
300,0.10333333333333333,0.3933333333333333,0.03333333333333333,0.23,11,5,0.4,0.35,0.0,0.0,3,28,False
300,0.11333333333333333,0.4066666666666667,0.023333333333333334,0.2833333333333333,12,5,0.4,0.35,0.0,0.0,3,29,False
300,0.23333333333333334,0.6033333333333334,0.08,0.4033333333333333,31,4,0.4,0.4,0.0,0.0,3,0,True
300,0.17666666666666667,0.5166666666666667,0.10333333333333333,0.29333333333333333,13,19,0.4,0.4,0.0,0.0,3,1,False
300,0.12,0.3566666666666667,0.04666666666666667,0.24666666666666667,18,4,0.4,0.4,0.0,0.0,3,2,False
300,0.23,0.6166666666666667,0.08666666666666667,0.42333333333333334,23,5,0.4,0.4,0.0,0.0,3,3,True
300,0.19666666666666666,0.5733333333333334,0.07333333333333333,0.38333333333333336,26,3,0.4,0.4,0.0,0.0,3,4,False
300,0.14333333333333334,0.43666666666666665,0.06,0.29,16,5,0.4,0.4,0.0,0.0,3,5,False
300,0.13,0.4066666666666667,0.043333333333333335,0.24333333333333335,14,5,0.4,0.4,0.0,0.0,3,6,False
300,0.17666666666666667,0.5466666666666666,0.04666666666666667,0.4266666666666667,26,5,0.4,0.4,0.0,0.0,3,7,False
300,0.19333333333333333,0.6166666666666667,0.04666666666666667,0.4633333333333333,28,6,0.4,0.4,0.0,0.0,3,8,False
300,0.2,0.6233333333333333,0.05,0.4633333333333333,24,9,0.4,0.4,0.0,0.0,3,9,False
300,0.2,0.59,0.04666666666666667,0.4266666666666667,29,4,0.4,0.4,0.0,0.0,3,10,False
300,0.22666666666666666,0.6266666666666667,0.07333333333333333,0.38666666666666666,39,10,0.4,0.4,0.0,0.0,3,11,True
300,0.17333333333333334,0.44,0.07,0.30666666666666664,21,8,0.4,0.4,0.0,0.0,3,12,False
300,0.12666666666666668,0.4866666666666667,0.04666666666666667,0.3566666666666667,19,5,0.4,0.4,0.0,0.0,3,13,False
300,0.18333333333333332,0.5333333333333333,0.04,0.42333333333333334,30,4,0.4,0.4,0.0,0.0,3,14,False
300,0.19666666666666666,0.6533333333333333,0.04666666666666667,0.53,33,4,0.4,0.4,0.0,0.0,3,15,False
300,0.023333333333333334,0.08666666666666667,0.01,0.07,4,2,0.4,0.4,0.0,0.0,3,16,False
300,0.23666666666666666,0.6533333333333333,0.06666666666666667,0.4866666666666667,34,3,0.4,0.4,0.0,0.0,3,17,True
300,0.10333333333333333,0.41,0.02,0.33,17,5,0.4,0.4,0.0,0.0,3,18,False
300,0.14,0.47333333333333333,0.04,0.36666666666666664,22,4,0.4,0.4,0.0,0.0,3,19,False
300,0.13333333333333333,0.4266666666666667,0.04,0.32,22,5,0.4,0.4,0.0,0.0,3,20,False
300,0.15,0.44333333333333336,0.023333333333333334,0.3566666666666667,30,3,0.4,0.4,0.0,0.0,3,21,False
300,0.22333333333333333,0.6466666666666666,0.06333333333333334,0.49666666666666665,35,4,0.4,0.4,0.0,0.0,3,22,True
300,0.16333333333333333,0.4766666666666667,0.08,0.27666666666666667,10,6,0.4,0.4,0.0,0.0,3,23,False
300,0.20333333333333334,0.6133333333333333,0.07666666666666666,0.4033333333333333,16,7,0.4,0.4,0.0,0.0,3,24,True
300,0.25333333333333335,0.6566666666666666,0.10333333333333333,0.43,36,5,0.4,0.4,0.0,0.0,3,25,True
300,0.09333333333333334,0.33,0.02666666666666667,0.23,13,4,0.4,0.4,0.0,0.0,3,26,False
300,0.16666666666666666,0.5266666666666666,0.06,0.33,21,6,0.4,0.4,0.0,0.0,3,27,False
300,0.16666666666666666,0.4866666666666667,0.056666666666666664,0.3,23,5,0.4,0.4,0.0,0.0,3,28,False
300,0.23333333333333334,0.6466666666666666,0.09,0.4166666666666667,38,7,0.4,0.4,0.0,0.0,3,29,True
300,0.21666666666666667,0.5933333333333334,0.056666666666666664,0.49,32,4,0.4,0.5,0.0,0.0,3,0,True
300,0.1,0.34,0.02666666666666667,0.2866666666666667,14,3,0.4,0.5,0.0,0.0,3,1,False
300,0.21,0.5366666666666666,0.07,0.37333333333333335,24,3,0.4,0.5,0.0,0.0,3,2,True
300,0.2866666666666667,0.7033333333333334,0.10333333333333333,0.48333333333333334,37,6,0.4,0.5,0.0,0.0,3,3,True
300,0.2833333333333333,0.6466666666666666,0.07,0.52,46,3,0.4,0.5,0.0,0.0,3,4,True
300,0.15,0.49333333333333335,0.05333333333333334,0.3333333333333333,19,5,0.4,0.5,0.0,0.0,3,5,False
300,0.13666666666666666,0.4066666666666667,0.043333333333333335,0.30666666666666664,20,4,0.4,0.5,0.0,0.0,3,6,False
300,0.2866666666666667,0.6733333333333333,0.07666666666666666,0.5333333333333333,41,4,0.4,0.5,0.0,0.0,3,7,True
300,0.23333333333333334,0.6133333333333333,0.06,0.47,30,4,0.4,0.5,0.0,0.0,3,8,True
300,0.26666666666666666,0.68,0.10333333333333333,0.44333333333333336,38,9,0.4,0.5,0.0,0.0,3,9,True
300,0.30333333333333334,0.7,0.10666666666666667,0.49,48,4,0.4,0.5,0.0,0.0,3,10,True
300,0.25,0.6066666666666667,0.05,0.48,45,10,0.4,0.5,0.0,0.0,3,11,True
300,0.19,0.4766666666666667,0.056666666666666664,0.34,16,11,0.4,0.5,0.0,0.0,3,12,False
300,0.26,0.6266666666666667,0.05,0.48333333333333334,53,5,0.4,0.5,0.0,0.0,3,13,True
300,0.28,0.5966666666666667,0.09,0.43666666666666665,27,3,0.4,0.5,0.0,0.0,3,14,True
300,0.19,0.6466666666666666,0.023333333333333334,0.5566666666666666,31,4,0.4,0.5,0.0,0.0,3,15,False
300,0.24666666666666667,0.65,0.04666666666666667,0.5366666666666666,39,5,0.4,0.5,0.0,0.0,3,16,True
300,0.30333333333333334,0.7366666666666667,0.08333333333333333,0.57,46,5,0.4,0.5,0.0,0.0,3,17,True
300,0.18,0.5366666666666666,0.06,0.4,20,8,0.4,0.5,0.0,0.0,3,18,False
300,0.22666666666666666,0.62,0.07666666666666666,0.47,30,4,0.4,0.5,0.0,0.0,3,19,True
300,0.22333333333333333,0.5366666666666666,0.11,0.33666666666666667,23,4,0.4,0.5,0.0,0.0,3,20,True
300,0.18666666666666668,0.4766666666666667,0.07333333333333333,0.35333333333333333,23,3,0.4,0.5,0.0,0.0,3,21,False
300,0.33666666666666667,0.7166666666666667,0.14,0.5133333333333333,41,4,0.4,0.5,0.0,0.0,3,22,True
300,0.2966666666666667,0.6433333333333333,0.08,0.4766666666666667,41,5,0.4,0.5,0.0,0.0,3,23,True
300,0.31333333333333335,0.7366666666666667,0.10666666666666667,0.5433333333333333,30,7,0.4,0.5,0.0,0.0,3,24,True
300,0.27,0.6733333333333333,0.16,0.3933333333333333,36,6,0.4,0.5,0.0,0.0,3,25,True
300,0.14333333333333334,0.3933333333333333,0.05333333333333334,0.2966666666666667,17,5,0.4,0.5,0.0,0.0,3,26,False
300,0.19333333333333333,0.5066666666666667,0.05333333333333334,0.39666666666666667,16,3,0.4,0.5,0.0,0.0,3,27,False
300,0.12,0.3466666666666667,0.02,0.26666666666666666,16,3,0.4,0.5,0.0,0.0,3,28,False
300,0.22666666666666666,0.5566666666666666,0.06333333333333334,0.43,28,5,0.4,0.5,0.0,0.0,3,29,True
300,0.023333333333333334,0.26,0.006666666666666667,0.14333333333333334,3,0,0.5,0.1,0.0,0.0,3,0,False
300,0.04666666666666667,0.37,0.01,0.23666666666666666,4,5,0.5,0.1,0.0,0.0,3,1,False
300,0.01,0.06333333333333334,0.006666666666666667,0.02666666666666667,3,0,0.5,0.1,0.0,0.0,3,2,False
300,0.013333333333333334,0.07333333333333333,0.006666666666666667,0.03,4,1,0.5,0.1,0.0,0.0,3,3,False
300,0.01,0.03666666666666667,0.006666666666666667,0.01,3,0,0.5,0.1,0.0,0.0,3,4,False
300,0.01,0.06333333333333334,0.0033333333333333335,0.02,3,0,0.5,0.1,0.0,0.0,3,5,False
300,0.01,0.05,0.006666666666666667,0.023333333333333334,3,0,0.5,0.1,0.0,0.0,3,6,False
300,0.016666666666666666,0.17,0.01,0.08,5,2,0.5,0.1,0.0,0.0,3,7,False
300,0.016666666666666666,0.1,0.006666666666666667,0.04,5,1,0.5,0.1,0.0,0.0,3,8,False
300,0.013333333333333334,0.056666666666666664,0.006666666666666667,0.03,4,1,0.5,0.1,0.0,0.0,3,9,False
300,0.016666666666666666,0.13333333333333333,0.01,0.05333333333333334,5,2,0.5,0.1,0.0,0.0,3,10,False
300,0.016666666666666666,0.13333333333333333,0.0033333333333333335,0.06,5,2,0.5,0.1,0.0,0.0,3,11,False
300,0.02,0.18666666666666668,0.0033333333333333335,0.09333333333333334,4,1,0.5,0.1,0.0,0.0,3,12,False
300,0.013333333333333334,0.04666666666666667,0.006666666666666667,0.023333333333333334,3,0,0.5,0.1,0.0,0.0,3,13,False
300,0.013333333333333334,0.03666666666666667,0.006666666666666667,0.02,3,0,0.5,0.1,0.0,0.0,3,14,False
300,0.02,0.09333333333333334,0.006666666666666667,0.03666666666666667,4,1,0.5,0.1,0.0,0.0,3,15,False
300,0.01,0.07333333333333333,0.0033333333333333335,0.04,3,0,0.5,0.1,0.0,0.0,3,16,False
300,0.04666666666666667,0.27,0.016666666666666666,0.14333333333333334,6,6,0.5,0.1,0.0,0.0,3,17,False
300,0.05333333333333334,0.31333333333333335,0.02,0.17,7,3,0.5,0.1,0.0,0.0,3,18,False
300,0.01,0.03333333333333333,0.0,0.02666666666666667,3,0,0.5,0.1,0.0,0.0,3,19,False
300,0.01,0.03,0.006666666666666667,0.01,3,0,0.5,0.1,0.0,0.0,3,20,False
300,0.01,0.07666666666666666,0.006666666666666667,0.02,3,0,0.5,0.1,0.0,0.0,3,21,False
300,0.01,0.09333333333333334,0.0033333333333333335,0.03666666666666667,3,0,0.5,0.1,0.0,0.0,3,22,False
300,0.023333333333333334,0.19,0.006666666666666667,0.08,3,0,0.5,0.1,0.0,0.0,3,23,False
300,0.016666666666666666,0.09666666666666666,0.006666666666666667,0.056666666666666664,5,2,0.5,0.1,0.0,0.0,3,24,False
300,0.04,0.22,0.02666666666666667,0.09666666666666666,7,2,0.5,0.1,0.0,0.0,3,25,False
300,0.01,0.04666666666666667,0.0033333333333333335,0.023333333333333334,3,0,0.5,0.1,0.0,0.0,3,26,False
300,0.01,0.03666666666666667,0.0033333333333333335,0.02,3,0,0.5,0.1,0.0,0.0,3,27,False
300,0.02,0.14666666666666667,0.01,0.06666666666666667,5,2,0.5,0.1,0.0,0.0,3,28,False
300,0.01,0.043333333333333335,0.006666666666666667,0.006666666666666667,3,0,0.5,0.1,0.0,0.0,3,29,False
300,0.023333333333333334,0.26,0.006666666666666667,0.14333333333333334,3,0,0.5,0.15,0.0,0.0,3,0,False
300,0.023333333333333334,0.12333333333333334,0.01,0.056666666666666664,3,0,0.5,0.15,0.0,0.0,3,1,False
300,0.013333333333333334,0.07666666666666666,0.006666666666666667,0.03333333333333333,4,1,0.5,0.15,0.0,0.0,3,2,False
300,0.03666666666666667,0.29,0.01,0.20666666666666667,6,1,0.5,0.15,0.0,0.0,3,3,False
300,0.01,0.03666666666666667,0.006666666666666667,0.01,3,0,0.5,0.15,0.0,0.0,3,4,False
300,0.03,0.17,0.013333333333333334,0.07,6,2,0.5,0.15,0.0,0.0,3,5,False
300,0.02666666666666667,0.11666666666666667,0.013333333333333334,0.05333333333333334,5,2,0.5,0.15,0.0,0.0,3,6,False
300,0.05,0.28,0.023333333333333334,0.14,7,2,0.5,0.15,0.0,0.0,3,7,False
300,0.016666666666666666,0.09666666666666666,0.006666666666666667,0.05,5,1,0.5,0.15,0.0,0.0,3,8,False
300,0.02,0.06666666666666667,0.006666666666666667,0.04,5,1,0.5,0.15,0.0,0.0,3,9,False
300,0.016666666666666666,0.13333333333333333,0.01,0.05333333333333334,5,2,0.5,0.15,0.0,0.0,3,10,False
300,0.023333333333333334,0.18,0.0,0.13,5,2,0.5,0.15,0.0,0.0,3,11,False
300,0.07666666666666666,0.3933333333333333,0.02,0.23666666666666666,13,4,0.5,0.15,0.0,0.0,3,12,False
300,0.016666666666666666,0.05333333333333334,0.013333333333333334,0.01,4,2,0.5,0.15,0.0,0.0,3,13,False
300,0.013333333333333334,0.03666666666666667,0.006666666666666667,0.02,3,0,0.5,0.15,0.0,0.0,3,14,False
300,0.02,0.09333333333333334,0.006666666666666667,0.03666666666666667,4,1,0.5,0.15,0.0,0.0,3,15,False
300,0.01,0.07333333333333333,0.0033333333333333335,0.04,3,0,0.5,0.15,0.0,0.0,3,16,False
300,0.06,0.4066666666666667,0.02,0.25,7,5,0.5,0.15,0.0,0.0,3,17,False
300,0.056666666666666664,0.36,0.016666666666666666,0.2,7,3,0.5,0.15,0.0,0.0,3,18,False
300,0.01,0.03333333333333333,0.0,0.02666666666666667,3,0,0.5,0.15,0.0,0.0,3,19,False
300,0.05333333333333334,0.28,0.03,0.14666666666666667,4,8,0.5,0.15,0.0,0.0,3,20,False
300,0.016666666666666666,0.09,0.006666666666666667,0.05,4,1,0.5,0.15,0.0,0.0,3,21,False
300,0.02,0.22333333333333333,0.0033333333333333335,0.15333333333333332,5,2,0.5,0.15,0.0,0.0,3,22,False
300,0.056666666666666664,0.30333333333333334,0.02666666666666667,0.18333333333333332,9,4,0.5,0.15,0.0,0.0,3,23,False
300,0.03666666666666667,0.19666666666666666,0.006666666666666667,0.14333333333333334,7,4,0.5,0.15,0.0,0.0,3,24,False
300,0.056666666666666664,0.26,0.023333333333333334,0.13666666666666666,9,4,0.5,0.15,0.0,0.0,3,25,False
300,0.01,0.04666666666666667,0.0033333333333333335,0.023333333333333334,3,0,0.5,0.15,0.0,0.0,3,26,False
300,0.01,0.03666666666666667,0.0033333333333333335,0.02,3,0,0.5,0.15,0.0,0.0,3,27,False
300,0.03333333333333333,0.18333333333333332,0.02,0.09333333333333334,5,2,0.5,0.15,0.0,0.0,3,28,False
300,0.013333333333333334,0.06333333333333334,0.01,0.006666666666666667,3,0,0.5,0.15,0.0,0.0,3,29,False
300,0.03,0.2633333333333333,0.01,0.15333333333333332,5,4,0.5,0.2,0.0,0.0,3,0,False
300,0.02666666666666667,0.13,0.013333333333333334,0.056666666666666664,3,0,0.5,0.2,0.0,0.0,3,1,False
300,0.016666666666666666,0.08,0.01,0.03333333333333333,4,1,0.5,0.2,0.0,0.0,3,2,False
300,0.08333333333333333,0.43333333333333335,0.04,0.25,10,7,0.5,0.2,0.0,0.0,3,3,False
300,0.01,0.03666666666666667,0.006666666666666667,0.01,3,0,0.5,0.2,0.0,0.0,3,4,False
300,0.03666666666666667,0.16666666666666666,0.016666666666666666,0.1,6,2,0.5,0.2,0.0,0.0,3,5,False
300,0.02666666666666667,0.11666666666666667,0.013333333333333334,0.05333333333333334,5,2,0.5,0.2,0.0,0.0,3,6,False
300,0.08666666666666667,0.41,0.043333333333333335,0.2,9,5,0.5,0.2,0.0,0.0,3,7,False
300,0.03666666666666667,0.18,0.013333333333333334,0.09666666666666666,5,1,0.5,0.2,0.0,0.0,3,8,False
300,0.02,0.06666666666666667,0.006666666666666667,0.04,5,1,0.5,0.2,0.0,0.0,3,9,False
300,0.04666666666666667,0.25666666666666665,0.013333333333333334,0.18333333333333332,6,2,0.5,0.2,0.0,0.0,3,10,False
300,0.023333333333333334,0.19,0.0,0.14,5,2,0.5,0.2,0.0,0.0,3,11,False
300,0.11,0.4766666666666667,0.04,0.25333333333333335,15,3,0.5,0.2,0.0,0.0,3,12,False
300,0.016666666666666666,0.05333333333333334,0.013333333333333334,0.01,4,2,0.5,0.2,0.0,0.0,3,13,False
300,0.016666666666666666,0.06333333333333334,0.01,0.03,4,2,0.5,0.2,0.0,0.0,3,14,False
300,0.02,0.09333333333333334,0.006666666666666667,0.03666666666666667,4,1,0.5,0.2,0.0,0.0,3,15,False
300,0.043333333333333335,0.25,0.013333333333333334,0.16,6,2,0.5,0.2,0.0,0.0,3,16,False
300,0.09333333333333334,0.43,0.03333333333333333,0.2733333333333333,8,4,0.5,0.2,0.0,0.0,3,17,False
300,0.07333333333333333,0.3233333333333333,0.023333333333333334,0.23,12,4,0.5,0.2,0.0,0.0,3,18,False
300,0.013333333333333334,0.05333333333333334,0.0,0.03333333333333333,3,0,0.5,0.2,0.0,0.0,3,19,False
300,0.03666666666666667,0.19666666666666666,0.016666666666666666,0.10666666666666667,5,8,0.5,0.2,0.0,0.0,3,20,False
300,0.03,0.14,0.016666666666666666,0.09,6,2,0.5,0.2,0.0,0.0,3,21,False
300,0.02,0.22333333333333333,0.0033333333333333335,0.14666666666666667,5,2,0.5,0.2,0.0,0.0,3,22,False
300,0.07,0.37,0.016666666666666666,0.24666666666666667,12,4,0.5,0.2,0.0,0.0,3,23,False
300,0.05,0.3,0.01,0.18,9,4,0.5,0.2,0.0,0.0,3,24,False
300,0.07333333333333333,0.32,0.03333333333333333,0.15666666666666668,9,4,0.5,0.2,0.0,0.0,3,25,False
300,0.01,0.04666666666666667,0.0033333333333333335,0.023333333333333334,3,0,0.5,0.2,0.0,0.0,3,26,False
300,0.06666666666666667,0.29,0.03,0.18666666666666668,8,5,0.5,0.2,0.0,0.0,3,27,False
300,0.05333333333333334,0.29,0.023333333333333334,0.18,8,4,0.5,0.2,0.0,0.0,3,28,False
300,0.016666666666666666,0.07333333333333333,0.013333333333333334,0.006666666666666667,3,0,0.5,0.2,0.0,0.0,3,29,False
300,0.09,0.4066666666666667,0.02,0.26666666666666666,11,3,0.5,0.25,0.0,0.0,3,0,False
300,0.09666666666666666,0.44333333333333336,0.023333333333333334,0.2866666666666667,12,7,0.5,0.25,0.0,0.0,3,1,False
300,0.04,0.22666666666666666,0.006666666666666667,0.17333333333333334,8,2,0.5,0.25,0.0,0.0,3,2,False
300,0.09333333333333334,0.42333333333333334,0.02666666666666667,0.35,13,3,0.5,0.25,0.0,0.0,3,3,False
300,0.11333333333333333,0.43,0.03,0.31666666666666665,12,7,0.5,0.25,0.0,0.0,3,4,False
300,0.08,0.3433333333333333,0.03333333333333333,0.21,7,2,0.5,0.25,0.0,0.0,3,5,False
300,0.02666666666666667,0.11666666666666667,0.013333333333333334,0.05333333333333334,5,2,0.5,0.25,0.0,0.0,3,6,False
300,0.10666666666666667,0.44666666666666666,0.04,0.32666666666666666,16,4,0.5,0.25,0.0,0.0,3,7,False
300,0.03666666666666667,0.18,0.013333333333333334,0.09666666666666666,5,1,0.5,0.25,0.0,0.0,3,8,False
300,0.02,0.06666666666666667,0.006666666666666667,0.04,5,1,0.5,0.25,0.0,0.0,3,9,False
300,0.04,0.23,0.013333333333333334,0.14666666666666667,6,2,0.5,0.25,0.0,0.0,3,10,False
300,0.07,0.33666666666666667,0.03333333333333333,0.18,7,2,0.5,0.25,0.0,0.0,3,11,False
300,0.10666666666666667,0.46,0.04,0.30666666666666664,18,4,0.5,0.25,0.0,0.0,3,12,False
300,0.07666666666666666,0.36,0.03666666666666667,0.21666666666666667,11,9,0.5,0.25,0.0,0.0,3,13,False
300,0.04,0.12,0.02666666666666667,0.05,4,2,0.5,0.25,0.0,0.0,3,14,False
300,0.07666666666666666,0.2966666666666667,0.03666666666666667,0.18,11,4,0.5,0.25,0.0,0.0,3,15,False
300,0.04,0.24,0.006666666666666667,0.15,7,3,0.5,0.25,0.0,0.0,3,16,False
300,0.07,0.29333333333333333,0.016666666666666666,0.21,13,4,0.5,0.25,0.0,0.0,3,17,False
300,0.08333333333333333,0.39,0.006666666666666667,0.2966666666666667,14,4,0.5,0.25,0.0,0.0,3,18,False
300,0.013333333333333334,0.05333333333333334,0.0,0.03333333333333333,3,0,0.5,0.25,0.0,0.0,3,19,False
300,0.03666666666666667,0.19666666666666666,0.016666666666666666,0.10666666666666667,5,8,0.5,0.25,0.0,0.0,3,20,False
300,0.03666666666666667,0.15333333333333332,0.02,0.07333333333333333,7,2,0.5,0.25,0.0,0.0,3,21,False
300,0.05333333333333334,0.31333333333333335,0.0033333333333333335,0.19666666666666666,8,4,0.5,0.25,0.0,0.0,3,22,False
300,0.08666666666666667,0.4,0.02666666666666667,0.27,12,4,0.5,0.25,0.0,0.0,3,23,False
300,0.06,0.31,0.02,0.19333333333333333,9,2,0.5,0.25,0.0,0.0,3,24,False
300,0.12,0.44666666666666666,0.05333333333333334,0.2633333333333333,17,4,0.5,0.25,0.0,0.0,3,25,False
300,0.013333333333333334,0.05,0.0033333333333333335,0.03333333333333333,4,2,0.5,0.25,0.0,0.0,3,26,False
300,0.07,0.41,0.01,0.3433333333333333,13,6,0.5,0.25,0.0,0.0,3,27,False
300,0.09,0.4166666666666667,0.03666666666666667,0.2833333333333333,8,5,0.5,0.25,0.0,0.0,3,28,False
300,0.016666666666666666,0.07333333333333333,0.013333333333333334,0.006666666666666667,3,0,0.5,0.25,0.0,0.0,3,29,False
300,0.06333333333333334,0.3333333333333333,0.0033333333333333335,0.25,11,2,0.5,0.3,0.0,0.0,3,0,False
300,0.13333333333333333,0.5133333333333333,0.03,0.36,17,4,0.5,0.3,0.0,0.0,3,1,False
300,0.06666666666666667,0.2866666666666667,0.016666666666666666,0.17666666666666667,10,2,0.5,0.3,0.0,0.0,3,2,False
300,0.13333333333333333,0.5066666666666667,0.05,0.33,19,5,0.5,0.3,0.0,0.0,3,3,False
300,0.11333333333333333,0.4066666666666667,0.03,0.27666666666666667,12,7,0.5,0.3,0.0,0.0,3,4,False
300,0.09,0.3933333333333333,0.023333333333333334,0.31,7,2,0.5,0.3,0.0,0.0,3,5,False
300,0.02666666666666667,0.11666666666666667,0.013333333333333334,0.05333333333333334,5,2,0.5,0.3,0.0,0.0,3,6,False
300,0.10333333333333333,0.4033333333333333,0.023333333333333334,0.3233333333333333,14,3,0.5,0.3,0.0,0.0,3,7,False
300,0.10666666666666667,0.3933333333333333,0.04666666666666667,0.24,14,5,0.5,0.3,0.0,0.0,3,8,False
300,0.02,0.06666666666666667,0.006666666666666667,0.04,5,1,0.5,0.3,0.0,0.0,3,9,False
300,0.07,0.28,0.02,0.17666666666666667,9,2,0.5,0.3,0.0,0.0,3,10,False
300,0.06,0.26666666666666666,0.016666666666666666,0.16666666666666666,9,3,0.5,0.3,0.0,0.0,3,11,False
300,0.11333333333333333,0.44666666666666666,0.02,0.36,22,3,0.5,0.3,0.0,0.0,3,12,False
300,0.08333333333333333,0.36333333333333334,0.02666666666666667,0.27,12,9,0.5,0.3,0.0,0.0,3,13,False
300,0.04,0.12,0.02666666666666667,0.05,4,2,0.5,0.3,0.0,0.0,3,14,False
300,0.1,0.42333333333333334,0.03,0.23666666666666666,17,4,0.5,0.3,0.0,0.0,3,15,False
300,0.09333333333333334,0.39666666666666667,0.02666666666666667,0.25333333333333335,16,3,0.5,0.3,0.0,0.0,3,16,False
300,0.06666666666666667,0.34,0.006666666666666667,0.29333333333333333,8,4,0.5,0.3,0.0,0.0,3,17,False
300,0.10666666666666667,0.39,0.013333333333333334,0.3466666666666667,13,4,0.5,0.3,0.0,0.0,3,18,False
300,0.04,0.21333333333333335,0.01,0.14333333333333334,5,6,0.5,0.3,0.0,0.0,3,19,False
300,0.11,0.4766666666666667,0.05,0.24333333333333335,8,13,0.5,0.3,0.0,0.0,3,20,False
300,0.056666666666666664,0.20333333333333334,0.03333333333333333,0.1,7,2,0.5,0.3,0.0,0.0,3,21,False
300,0.07,0.38666666666666666,0.03,0.22666666666666666,11,4,0.5,0.3,0.0,0.0,3,22,False
300,0.08,0.35,0.03,0.22333333333333333,13,3,0.5,0.3,0.0,0.0,3,23,False
300,0.06333333333333334,0.30333333333333334,0.02666666666666667,0.18,9,2,0.5,0.3,0.0,0.0,3,24,False
300,0.13333333333333333,0.4533333333333333,0.056666666666666664,0.30333333333333334,17,3,0.5,0.3,0.0,0.0,3,25,False
300,0.013333333333333334,0.05,0.0033333333333333335,0.03333333333333333,4,2,0.5,0.3,0.0,0.0,3,26,False
300,0.09,0.4033333333333333,0.016666666666666666,0.2833333333333333,10,7,0.5,0.3,0.0,0.0,3,27,False
300,0.07666666666666666,0.38333333333333336,0.016666666666666666,0.26,11,5,0.5,0.3,0.0,0.0,3,28,False
300,0.08666666666666667,0.36333333333333334,0.03,0.22666666666666666,11,8,0.5,0.3,0.0,0.0,3,29,False
300,0.09,0.3566666666666667,0.023333333333333334,0.26666666666666666,14,3,0.5,0.35,0.0,0.0,3,0,False
300,0.15333333333333332,0.5466666666666666,0.03,0.42333333333333334,24,5,0.5,0.35,0.0,0.0,3,1,False
300,0.05333333333333334,0.21666666666666667,0.02666666666666667,0.11,10,2,0.5,0.35,0.0,0.0,3,2,False
300,0.11333333333333333,0.4666666666666667,0.01,0.39666666666666667,18,3,0.5,0.35,0.0,0.0,3,3,False
300,0.12333333333333334,0.45,0.03,0.3333333333333333,12,7,0.5,0.35,0.0,0.0,3,4,False
300,0.08666666666666667,0.3566666666666667,0.016666666666666666,0.25333333333333335,11,6,0.5,0.35,0.0,0.0,3,5,False
300,0.05,0.22333333333333333,0.0033333333333333335,0.17333333333333334,5,1,0.5,0.35,0.0,0.0,3,6,False
300,0.12333333333333334,0.41333333333333333,0.016666666666666666,0.31333333333333335,19,3,0.5,0.35,0.0,0.0,3,7,False
300,0.10666666666666667,0.41333333333333333,0.03666666666666667,0.2633333333333333,10,4,0.5,0.35,0.0,0.0,3,8,False
300,0.02,0.06666666666666667,0.006666666666666667,0.04,5,1,0.5,0.35,0.0,0.0,3,9,False
300,0.05,0.23666666666666666,0.013333333333333334,0.17666666666666667,10,2,0.5,0.35,0.0,0.0,3,10,False
300,0.11,0.37333333333333335,0.04,0.26,11,4,0.5,0.35,0.0,0.0,3,11,False
300,0.13666666666666666,0.5,0.05,0.3333333333333333,23,3,0.5,0.35,0.0,0.0,3,12,False
300,0.02,0.056666666666666664,0.006666666666666667,0.04,5,2,0.5,0.35,0.0,0.0,3,13,False
300,0.043333333333333335,0.19666666666666666,0.01,0.11,4,2,0.5,0.35,0.0,0.0,3,14,False
300,0.13,0.49666666666666665,0.0033333333333333335,0.4533333333333333,21,4,0.5,0.35,0.0,0.0,3,15,False
300,0.13,0.47333333333333333,0.03666666666666667,0.32666666666666666,17,3,0.5,0.35,0.0,0.0,3,16,False
300,0.13,0.48,0.02666666666666667,0.36666666666666664,10,6,0.5,0.35,0.0,0.0,3,17,False
300,0.11333333333333333,0.4033333333333333,0.013333333333333334,0.3566666666666667,14,4,0.5,0.35,0.0,0.0,3,18,False
300,0.03666666666666667,0.19,0.0,0.15,4,5,0.5,0.35,0.0,0.0,3,19,False
300,0.06333333333333334,0.30333333333333334,0.03,0.2,9,9,0.5,0.35,0.0,0.0,3,20,False
300,0.06,0.20666666666666667,0.02,0.13666666666666666,10,3,0.5,0.35,0.0,0.0,3,21,False
300,0.08333333333333333,0.3933333333333333,0.03333333333333333,0.2633333333333333,14,4,0.5,0.35,0.0,0.0,3,22,False
300,0.12666666666666668,0.47,0.023333333333333334,0.38666666666666666,21,3,0.5,0.35,0.0,0.0,3,23,False
300,0.08,0.38,0.01,0.29333333333333333,12,4,0.5,0.35,0.0,0.0,3,24,False
300,0.16333333333333333,0.5333333333333333,0.06,0.36,29,4,0.5,0.35,0.0,0.0,3,25,False
300,0.15,0.4533333333333333,0.05,0.2833333333333333,17,7,0.5,0.35,0.0,0.0,3,26,False
300,0.12666666666666668,0.43666666666666665,0.02666666666666667,0.36,18,8,0.5,0.35,0.0,0.0,3,27,False
300,0.08666666666666667,0.38666666666666666,0.02,0.25,11,5,0.5,0.35,0.0,0.0,3,28,False
300,0.07666666666666666,0.3433333333333333,0.013333333333333334,0.24,13,8,0.5,0.35,0.0,0.0,3,29,False
300,0.08666666666666667,0.4,0.02666666666666667,0.25333333333333335,12,2,0.5,0.4,0.0,0.0,3,0,False
300,0.15666666666666668,0.5966666666666667,0.023333333333333334,0.49333333333333335,18,6,0.5,0.4,0.0,0.0,3,1,False
300,0.05333333333333334,0.21666666666666667,0.02666666666666667,0.11,10,2,0.5,0.4,0.0,0.0,3,2,False
300,0.14333333333333334,0.49666666666666665,0.04,0.3433333333333333,20,4,0.5,0.4,0.0,0.0,3,3,False
300,0.18,0.5533333333333333,0.06333333333333334,0.37333333333333335,19,7,0.5,0.4,0.0,0.0,3,4,False
300,0.12,0.38666666666666666,0.03666666666666667,0.2866666666666667,13,5,0.5,0.4,0.0,0.0,3,5,False
300,0.11333333333333333,0.35,0.06,0.18333333333333332,12,8,0.5,0.4,0.0,0.0,3,6,False
300,0.15,0.5033333333333333,0.04666666666666667,0.34,25,3,0.5,0.4,0.0,0.0,3,7,False
300,0.13,0.44,0.04666666666666667,0.26666666666666666,19,3,0.5,0.4,0.0,0.0,3,8,False
300,0.02,0.06666666666666667,0.006666666666666667,0.04,5,1,0.5,0.4,0.0,0.0,3,9,False
300,0.15666666666666668,0.51,0.05,0.3433333333333333,20,4,0.5,0.4,0.0,0.0,3,10,False
300,0.10333333333333333,0.37666666666666665,0.023333333333333334,0.3,11,4,0.5,0.4,0.0,0.0,3,11,False
300,0.13666666666666666,0.49666666666666665,0.03,0.4,23,3,0.5,0.4,0.0,0.0,3,12,False
300,0.02,0.056666666666666664,0.006666666666666667,0.04,5,2,0.5,0.4,0.0,0.0,3,13,False
300,0.18333333333333332,0.49333333333333335,0.10666666666666667,0.25,20,6,0.5,0.4,0.0,0.0,3,14,False
300,0.14,0.5033333333333333,0.03,0.44333333333333336,23,4,0.5,0.4,0.0,0.0,3,15,False
300,0.14666666666666667,0.47,0.04666666666666667,0.33666666666666667,22,4,0.5,0.4,0.0,0.0,3,16,False
300,0.07,0.31333333333333335,0.0033333333333333335,0.2733333333333333,11,6,0.5,0.4,0.0,0.0,3,17,False
300,0.10666666666666667,0.39666666666666667,0.013333333333333334,0.3466666666666667,14,4,0.5,0.4,0.0,0.0,3,18,False
300,0.05,0.25,0.0033333333333333335,0.2,5,5,0.5,0.4,0.0,0.0,3,19,False
300,0.17666666666666667,0.5766666666666667,0.043333333333333335,0.44,23,7,0.5,0.4,0.0,0.0,3,20,False
300,0.13,0.4,0.03666666666666667,0.29,9,2,0.5,0.4,0.0,0.0,3,21,False
300,0.07333333333333333,0.32666666666666666,0.013333333333333334,0.25333333333333335,13,4,0.5,0.4,0.0,0.0,3,22,False
300,0.16333333333333333,0.5333333333333333,0.05,0.4066666666666667,25,3,0.5,0.4,0.0,0.0,3,23,False
300,0.11333333333333333,0.43333333333333335,0.05333333333333334,0.28,10,2,0.5,0.4,0.0,0.0,3,24,False
300,0.19333333333333333,0.6066666666666667,0.04666666666666667,0.46,30,4,0.5,0.4,0.0,0.0,3,25,False
300,0.15,0.4533333333333333,0.03666666666666667,0.33666666666666667,21,7,0.5,0.4,0.0,0.0,3,26,False
300,0.11666666666666667,0.42,0.04,0.31666666666666665,12,7,0.5,0.4,0.0,0.0,3,27,False
300,0.11333333333333333,0.4266666666666667,0.03,0.30333333333333334,12,6,0.5,0.4,0.0,0.0,3,28,False
300,0.09333333333333334,0.37333333333333335,0.023333333333333334,0.26,13,6,0.5,0.4,0.0,0.0,3,29,False
300,0.18333333333333332,0.5433333333333333,0.043333333333333335,0.43333333333333335,22,3,0.5,0.5,0.0,0.0,3,0,False
300,0.18666666666666668,0.6,0.03,0.5366666666666666,27,4,0.5,0.5,0.0,0.0,3,1,False
300,0.16666666666666666,0.5266666666666666,0.05333333333333334,0.37,28,4,0.5,0.5,0.0,0.0,3,2,False
300,0.21333333333333335,0.6,0.04666666666666667,0.4866666666666667,22,4,0.5,0.5,0.0,0.0,3,3,True
300,0.08333333333333333,0.27666666666666667,0.006666666666666667,0.24333333333333335,15,3,0.5,0.5,0.0,0.0,3,4,False
300,0.14666666666666667,0.5066666666666667,0.04,0.33666666666666667,16,3,0.5,0.5,0.0,0.0,3,5,False
300,0.18,0.58,0.06666666666666667,0.37333333333333335,16,5,0.5,0.5,0.0,0.0,3,6,False
300,0.21333333333333335,0.5866666666666667,0.06666666666666667,0.43666666666666665,30,4,0.5,0.5,0.0,0.0,3,7,True
300,0.18333333333333332,0.5466666666666666,0.05333333333333334,0.4166666666666667,21,4,0.5,0.5,0.0,0.0,3,8,False
300,0.02,0.07,0.0033333333333333335,0.04666666666666667,5,1,0.5,0.5,0.0,0.0,3,9,False
300,0.12333333333333334,0.3933333333333333,0.056666666666666664,0.24,20,3,0.5,0.5,0.0,0.0,3,10,False
300,0.16,0.4666666666666667,0.05333333333333334,0.32666666666666666,17,8,0.5,0.5,0.0,0.0,3,11,False
300,0.17333333333333334,0.59,0.03,0.49333333333333335,28,3,0.5,0.5,0.0,0.0,3,12,False
300,0.2,0.58,0.06666666666666667,0.42333333333333334,26,6,0.5,0.5,0.0,0.0,3,13,False
300,0.12666666666666668,0.44333333333333336,0.02,0.39666666666666667,17,5,0.5,0.5,0.0,0.0,3,14,False
300,0.18666666666666668,0.5933333333333334,0.03333333333333333,0.5,32,5,0.5,0.5,0.0,0.0,3,15,False
300,0.19,0.61,0.03333333333333333,0.5,33,3,0.5,0.5,0.0,0.0,3,16,False
300,0.21333333333333335,0.58,0.06,0.43333333333333335,19,6,0.5,0.5,0.0,0.0,3,17,True
300,0.18333333333333332,0.5633333333333334,0.023333333333333334,0.48,27,4,0.5,0.5,0.0,0.0,3,18,False
300,0.08,0.31333333333333335,0.0,0.27666666666666667,9,5,0.5,0.5,0.0,0.0,3,19,False
300,0.23333333333333334,0.6866666666666666,0.07,0.5566666666666666,29,6,0.5,0.5,0.0,0.0,3,20,True
300,0.06333333333333334,0.26666666666666666,0.016666666666666666,0.17666666666666667,12,2,0.5,0.5,0.0,0.0,3,21,False
300,0.14333333333333334,0.4533333333333333,0.043333333333333335,0.3466666666666667,21,3,0.5,0.5,0.0,0.0,3,22,False
300,0.2,0.57,0.03333333333333333,0.49333333333333335,28,3,0.5,0.5,0.0,0.0,3,23,False
300,0.08666666666666667,0.36666666666666664,0.023333333333333334,0.2866666666666667,13,4,0.5,0.5,0.0,0.0,3,24,False
300,0.21333333333333335,0.57,0.056666666666666664,0.45,30,4,0.5,0.5,0.0,0.0,3,25,True
300,0.07666666666666666,0.29,0.02,0.23,11,3,0.5,0.5,0.0,0.0,3,26,False
300,0.12666666666666668,0.44333333333333336,0.05,0.32,10,6,0.5,0.5,0.0,0.0,3,27,False
300,0.16,0.5166666666666667,0.056666666666666664,0.4066666666666667,27,4,0.5,0.5,0.0,0.0,3,28,False
300,0.15333333333333332,0.49333333333333335,0.04,0.36666666666666664,23,5,0.5,0.5,0.0,0.0,3,29,False
