humans,rumor_reach_frac,exposed_frac,final_rumor_frac,final_correction_frac,peak_rumor_active,time_to_peak,network,p_share,bot_fraction,factcheck_fraction,initial_spreaders,run,cascade
300,0.05,0.3233333333333333,0.03,0.09,10,5,scale_free,0.05,0.0,0.0,3,0,False
300,0.01,0.03666666666666667,0.006666666666666667,0.023333333333333334,3,0,scale_free,0.05,0.0,0.0,3,1,False
300,0.013333333333333334,0.04666666666666667,0.01,0.02,4,1,scale_free,0.05,0.0,0.0,3,2,False
300,0.01,0.06,0.006666666666666667,0.013333333333333334,3,0,scale_free,0.05,0.0,0.0,3,3,False
300,0.01,0.06333333333333334,0.006666666666666667,0.006666666666666667,3,0,scale_free,0.05,0.0,0.0,3,4,False
300,0.01,0.04666666666666667,0.006666666666666667,0.006666666666666667,3,0,scale_free,0.05,0.0,0.0,3,5,False
300,0.013333333333333334,0.09333333333333334,0.0033333333333333335,0.023333333333333334,3,0,scale_free,0.05,0.0,0.0,3,6,False
300,0.01,0.023333333333333334,0.01,0.0,3,0,scale_free,0.05,0.0,0.0,3,7,False
300,0.01,0.043333333333333335,0.006666666666666667,0.013333333333333334,3,0,scale_free,0.05,0.0,0.0,3,8,False
300,0.01,0.043333333333333335,0.006666666666666667,0.016666666666666666,3,0,scale_free,0.05,0.0,0.0,3,9,False
300,0.013333333333333334,0.06666666666666667,0.01,0.006666666666666667,4,1,scale_free,0.05,0.0,0.0,3,10,False
300,0.013333333333333334,0.04666666666666667,0.01,0.01,4,1,scale_free,0.05,0.0,0.0,3,11,False
300,0.01,0.03333333333333333,0.006666666666666667,0.01,3,0,scale_free,0.05,0.0,0.0,3,12,False
300,0.02,0.12,0.013333333333333334,0.03333333333333333,3,0,scale_free,0.05,0.0,0.0,3,13,False
300,0.01,0.03333333333333333,0.006666666666666667,0.01,3,0,scale_free,0.05,0.0,0.0,3,14,False
300,0.016666666666666666,0.043333333333333335,0.016666666666666666,0.0,4,1,scale_free,0.05,0.0,0.0,3,15,False
300,0.01,0.043333333333333335,0.006666666666666667,0.006666666666666667,3,0,scale_free,0.05,0.0,0.0,3,16,False
300,0.013333333333333334,0.06,0.01,0.006666666666666667,4,1,scale_free,0.05,0.0,0.0,3,17,False
300,0.016666666666666666,0.14,0.006666666666666667,0.03333333333333333,4,2,scale_free,0.05,0.0,0.0,3,18,False
300,0.013333333333333334,0.06,0.0033333333333333335,0.02666666666666667,4,1,scale_free,0.05,0.0,0.0,3,19,False
300,0.05333333333333334,0.34,0.023333333333333334,0.12666666666666668,5,11,scale_free,0.05,0.0,0.0,3,20,False
300,0.01,0.05,0.01,0.0,3,0,scale_free,0.05,0.0,0.0,3,21,False
300,0.023333333333333334,0.16333333333333333,0.016666666666666666,0.03333333333333333,5,2,scale_free,0.05,0.0,0.0,3,22,False
300,0.013333333333333334,0.04666666666666667,0.013333333333333334,0.0,4,2,scale_free,0.05,0.0,0.0,3,23,False
300,0.01,0.03,0.006666666666666667,0.006666666666666667,3,0,scale_free,0.05,0.0,0.0,3,24,False
300,0.013333333333333334,0.043333333333333335,0.006666666666666667,0.013333333333333334,4,1,scale_free,0.05,0.0,0.0,3,25,False
300,0.013333333333333334,0.07666666666666666,0.01,0.006666666666666667,3,0,scale_free,0.05,0.0,0.0,3,26,False
300,0.02666666666666667,0.2833333333333333,0.013333333333333334,0.20333333333333334,4,1,scale_free,0.05,0.0,0.0,3,27,False
300,0.013333333333333334,0.043333333333333335,0.01,0.013333333333333334,3,0,scale_free,0.05,0.0,0.0,3,28,False
300,0.01,0.04,0.01,0.0,3,0,scale_free,0.05,0.0,0.0,3,29,False
300,0.06333333333333334,0.33666666666666667,0.043333333333333335,0.07666666666666666,11,5,scale_free,0.075,0.0,0.0,3,0,False
300,0.01,0.03666666666666667,0.006666666666666667,0.023333333333333334,3,0,scale_free,0.075,0.0,0.0,3,1,False
300,0.03,0.19666666666666666,0.016666666666666666,0.04666666666666667,4,1,scale_free,0.075,0.0,0.0,3,2,False
300,0.03666666666666667,0.19333333333333333,0.023333333333333334,0.08666666666666667,6,5,scale_free,0.075,0.0,0.0,3,3,False
300,0.013333333333333334,0.07,0.0033333333333333335,0.03,4,2,scale_free,0.075,0.0,0.0,3,4,False
300,0.013333333333333334,0.05,0.013333333333333334,0.0033333333333333335,4,2,scale_free,0.075,0.0,0.0,3,5,False
300,0.013333333333333334,0.09333333333333334,0.0033333333333333335,0.023333333333333334,3,0,scale_free,0.075,0.0,0.0,3,6,False
300,0.01,0.023333333333333334,0.01,0.0,3,0,scale_free,0.075,0.0,0.0,3,7,False
300,0.01,0.043333333333333335,0.006666666666666667,0.013333333333333334,3,0,scale_free,0.075,0.0,0.0,3,8,False
300,0.016666666666666666,0.1,0.01,0.03,4,2,scale_free,0.075,0.0,0.0,3,9,False
300,0.016666666666666666,0.07666666666666666,0.013333333333333334,0.006666666666666667,4,1,scale_free,0.075,0.0,0.0,3,10,False
300,0.013333333333333334,0.04666666666666667,0.01,0.01,4,1,scale_free,0.075,0.0,0.0,3,11,False
300,0.01,0.03333333333333333,0.006666666666666667,0.01,3,0,scale_free,0.075,0.0,0.0,3,12,False
300,0.02,0.12,0.013333333333333334,0.03333333333333333,3,0,scale_free,0.075,0.0,0.0,3,13,False
300,0.01,0.03333333333333333,0.006666666666666667,0.01,3,0,scale_free,0.075,0.0,0.0,3,14,False
300,0.016666666666666666,0.043333333333333335,0.016666666666666666,0.0,4,1,scale_free,0.075,0.0,0.0,3,15,False
300,0.03333333333333333,0.22333333333333333,0.02,0.05,7,2,scale_free,0.075,0.0,0.0,3,16,False
300,0.023333333333333334,0.15,0.02,0.023333333333333334,5,1,scale_free,0.075,0.0,0.0,3,17,False
300,0.02,0.15,0.01,0.06666666666666667,4,2,scale_free,0.075,0.0,0.0,3,18,False
300,0.013333333333333334,0.06,0.0033333333333333335,0.02666666666666667,4,1,scale_free,0.075,0.0,0.0,3,19,False
300,0.03666666666666667,0.23,0.016666666666666666,0.10333333333333333,6,4,scale_free,0.075,0.0,0.0,3,20,False
300,0.01,0.05,0.01,0.0,3,0,scale_free,0.075,0.0,0.0,3,21,False
300,0.03666666666666667,0.33666666666666667,0.016666666666666666,0.09333333333333334,5,2,scale_free,0.075,0.0,0.0,3,22,False
300,0.013333333333333334,0.04666666666666667,0.013333333333333334,0.0,4,2,scale_free,0.075,0.0,0.0,3,23,False
300,0.01,0.03,0.006666666666666667,0.006666666666666667,3,0,scale_free,0.075,0.0,0.0,3,24,False
300,0.013333333333333334,0.043333333333333335,0.006666666666666667,0.013333333333333334,4,1,scale_free,0.075,0.0,0.0,3,25,False
300,0.013333333333333334,0.07666666666666666,0.01,0.01,4,1,scale_free,0.075,0.0,0.0,3,26,False
300,0.05,0.31666666666666665,0.023333333333333334,0.14,7,7,scale_free,0.075,0.0,0.0,3,27,False
300,0.013333333333333334,0.043333333333333335,0.01,0.013333333333333334,3,0,scale_free,0.075,0.0,0.0,3,28,False
300,0.01,0.04,0.01,0.0,3,0,scale_free,0.075,0.0,0.0,3,29,False
300,0.07,0.3433333333333333,0.043333333333333335,0.08666666666666667,12,5,scale_free,0.1,0.0,0.0,3,0,False
300,0.013333333333333334,0.043333333333333335,0.01,0.023333333333333334,4,1,scale_free,0.1,0.0,0.0,3,1,False
300,0.05333333333333334,0.31,0.02666666666666667,0.09,6,9,scale_free,0.1,0.0,0.0,3,2,False
300,0.03666666666666667,0.19333333333333333,0.023333333333333334,0.08666666666666667,6,5,scale_free,0.1,0.0,0.0,3,3,False
300,0.023333333333333334,0.12333333333333334,0.01,0.04,4,2,scale_free,0.1,0.0,0.0,3,4,False
300,0.013333333333333334,0.05,0.013333333333333334,0.0033333333333333335,4,2,scale_free,0.1,0.0,0.0,3,5,False
300,0.08666666666666667,0.4166666666666667,0.03,0.23666666666666666,12,10,scale_free,0.1,0.0,0.0,3,6,False
300,0.01,0.023333333333333334,0.01,0.0,3,0,scale_free,0.1,0.0,0.0,3,7,False
300,0.01,0.043333333333333335,0.006666666666666667,0.013333333333333334,3,0,scale_free,0.1,0.0,0.0,3,8,False
300,0.023333333333333334,0.09,0.01,0.03666666666666667,5,2,scale_free,0.1,0.0,0.0,3,9,False
300,0.05,0.28,0.03,0.07333333333333333,9,3,scale_free,0.1,0.0,0.0,3,10,False
300,0.013333333333333334,0.04666666666666667,0.01,0.01,4,1,scale_free,0.1,0.0,0.0,3,11,False
300,0.01,0.03333333333333333,0.006666666666666667,0.01,3,0,scale_free,0.1,0.0,0.0,3,12,False
300,0.02,0.12,0.013333333333333334,0.03333333333333333,3,0,scale_free,0.1,0.0,0.0,3,13,False
300,0.01,0.03333333333333333,0.006666666666666667,0.01,3,0,scale_free,0.1,0.0,0.0,3,14,False
300,0.016666666666666666,0.043333333333333335,0.016666666666666666,0.0,4,1,scale_free,0.1,0.0,0.0,3,15,False
300,0.07666666666666666,0.4066666666666667,0.04,0.16333333333333333,9,7,scale_free,0.1,0.0,0.0,3,16,False
300,0.02666666666666667,0.13666666666666666,0.023333333333333334,0.02666666666666667,6,2,scale_free,0.1,0.0,0.0,3,17,False
300,0.05,0.22666666666666666,0.03666666666666667,0.043333333333333335,5,5,scale_free,0.1,0.0,0.0,3,18,False
300,0.02,0.08,0.01,0.023333333333333334,5,1,scale_free,0.1,0.0,0.0,3,19,False
300,0.04666666666666667,0.28,0.023333333333333334,0.09333333333333334,6,4,scale_free,0.1,0.0,0.0,3,20,False
300,0.01,0.05,0.01,0.0,3,0,scale_free,0.1,0.0,0.0,3,21,False
300,0.07333333333333333,0.41333333333333333,0.03333333333333333,0.17333333333333334,11,5,scale_free,0.1,0.0,0.0,3,22,False
300,0.013333333333333334,0.04666666666666667,0.013333333333333334,0.0,4,2,scale_free,0.1,0.0,0.0,3,23,False
300,0.01,0.03,0.006666666666666667,0.006666666666666667,3,0,scale_free,0.1,0.0,0.0,3,24,False
300,0.013333333333333334,0.043333333333333335,0.006666666666666667,0.013333333333333334,4,1,scale_free,0.1,0.0,0.0,3,25,False
300,0.016666666666666666,0.08666666666666667,0.006666666666666667,0.02,5,1,scale_free,0.1,0.0,0.0,3,26,False
300,0.07,0.4,0.04,0.12333333333333334,8,6,scale_free,0.1,0.0,0.0,3,27,False
300,0.03666666666666667,0.24666666666666667,0.02666666666666667,0.07333333333333333,7,6,scale_free,0.1,0.0,0.0,3,28,False
300,0.016666666666666666,0.06,0.013333333333333334,0.006666666666666667,4,2,scale_free,0.1,0.0,0.0,3,29,False
300,0.08,0.36666666666666664,0.05,0.09666666666666666,13,5,scale_free,0.125,0.0,0.0,3,0,False
300,0.023333333333333334,0.08333333333333333,0.016666666666666666,0.043333333333333335,5,1,scale_free,0.125,0.0,0.0,3,1,False
300,0.05333333333333334,0.31,0.02666666666666667,0.09,6,9,scale_free,0.125,0.0,0.0,3,2,False
300,0.04666666666666667,0.2633333333333333,0.023333333333333334,0.09666666666666666,7,5,scale_free,0.125,0.0,0.0,3,3,False
300,0.023333333333333334,0.12333333333333334,0.01,0.04,4,2,scale_free,0.125,0.0,0.0,3,4,False
300,0.013333333333333334,0.05,0.013333333333333334,0.0033333333333333335,4,2,scale_free,0.125,0.0,0.0,3,5,False
300,0.11,0.54,0.056666666666666664,0.20333333333333334,13,10,scale_free,0.125,0.0,0.0,3,6,False
300,0.01,0.023333333333333334,0.01,0.0,3,0,scale_free,0.125,0.0,0.0,3,7,False
300,0.04666666666666667,0.26666666666666666,0.023333333333333334,0.11333333333333333,6,2,scale_free,0.125,0.0,0.0,3,8,False
300,0.023333333333333334,0.09,0.01,0.03666666666666667,5,2,scale_free,0.125,0.0,0.0,3,9,False
300,0.05333333333333334,0.27666666666666667,0.03333333333333333,0.08333333333333333,9,3,scale_free,0.125,0.0,0.0,3,10,False
300,0.09666666666666666,0.4033333333333333,0.05,0.17666666666666667,11,7,scale_free,0.125,0.0,0.0,3,11,False
300,0.01,0.03333333333333333,0.006666666666666667,0.01,3,0,scale_free,0.125,0.0,0.0,3,12,False
300,0.023333333333333334,0.12666666666666668,0.013333333333333334,0.04,3,0,scale_free,0.125,0.0,0.0,3,13,False
300,0.01,0.03333333333333333,0.006666666666666667,0.01,3,0,scale_free,0.125,0.0,0.0,3,14,False
300,0.016666666666666666,0.043333333333333335,0.016666666666666666,0.0,4,1,scale_free,0.125,0.0,0.0,3,15,False
300,0.08,0.4066666666666667,0.04666666666666667,0.15333333333333332,10,7,scale_free,0.125,0.0,0.0,3,16,False
300,0.02666666666666667,0.13666666666666666,0.023333333333333334,0.02666666666666667,6,2,scale_free,0.125,0.0,0.0,3,17,False
300,0.14666666666666667,0.53,0.09666666666666666,0.21,12,13,scale_free,0.125,0.0,0.0,3,18,False
300,0.02,0.08,0.01,0.023333333333333334,5,1,scale_free,0.125,0.0,0.0,3,19,False
300,0.043333333333333335,0.23333333333333334,0.013333333333333334,0.08,6,2,scale_free,0.125,0.0,0.0,3,20,False
300,0.01,0.05,0.01,0.0,3,0,scale_free,0.125,0.0,0.0,3,21,False
300,0.12,0.5066666666666667,0.08,0.19666666666666666,15,5,scale_free,0.125,0.0,0.0,3,22,False
300,0.016666666666666666,0.05,0.016666666666666666,0.0,4,2,scale_free,0.125,0.0,0.0,3,23,False
300,0.01,0.03,0.006666666666666667,0.006666666666666667,3,0,scale_free,0.125,0.0,0.0,3,24,False
300,0.013333333333333334,0.043333333333333335,0.006666666666666667,0.013333333333333334,4,1,scale_free,0.125,0.0,0.0,3,25,False
300,0.11,0.5066666666666667,0.056666666666666664,0.24,11,7,scale_free,0.125,0.0,0.0,3,26,False
300,0.07333333333333333,0.3933333333333333,0.043333333333333335,0.13333333333333333,10,7,scale_free,0.125,0.0,0.0,3,27,False
300,0.07666666666666666,0.43,0.043333333333333335,0.14333333333333334,9,6,scale_free,0.125,0.0,0.0,3,28,False
300,0.02,0.07333333333333333,0.016666666666666666,0.01,4,2,scale_free,0.125,0.0,0.0,3,29,False
300,0.11333333333333333,0.48,0.056666666666666664,0.22666666666666666,18,7,scale_free,0.15,0.0,0.0,3,0,False
300,0.043333333333333335,0.17333333333333334,0.03,0.05,7,2,scale_free,0.15,0.0,0.0,3,1,False
300,0.05333333333333334,0.32,0.023333333333333334,0.14333333333333334,6,9,scale_free,0.15,0.0,0.0,3,2,False
300,0.05,0.27666666666666667,0.02666666666666667,0.08666666666666667,7,5,scale_free,0.15,0.0,0.0,3,3,False
300,0.023333333333333334,0.12333333333333334,0.01,0.04,4,2,scale_free,0.15,0.0,0.0,3,4,False
300,0.013333333333333334,0.05,0.013333333333333334,0.0033333333333333335,4,2,scale_free,0.15,0.0,0.0,3,5,False
300,0.10333333333333333,0.43,0.03,0.28,15,5,scale_free,0.15,0.0,0.0,3,6,False
300,0.01,0.023333333333333334,0.01,0.0,3,0,scale_free,0.15,0.0,0.0,3,7,False
300,0.07333333333333333,0.33,0.056666666666666664,0.07333333333333333,11,6,scale_free,0.15,0.0,0.0,3,8,False
300,0.023333333333333334,0.09,0.01,0.03666666666666667,5,2,scale_free,0.15,0.0,0.0,3,9,False
300,0.08,0.3566666666666667,0.04666666666666667,0.14333333333333334,10,3,scale_free,0.15,0.0,0.0,3,10,False
300,0.13666666666666666,0.51,0.07333333333333333,0.23,17,8,scale_free,0.15,0.0,0.0,3,11,False
300,0.07666666666666666,0.35333333333333333,0.03666666666666667,0.11,7,6,scale_free,0.15,0.0,0.0,3,12,False
300,0.08666666666666667,0.37333333333333335,0.03333333333333333,0.18,10,6,scale_free,0.15,0.0,0.0,3,13,False
300,0.01,0.03333333333333333,0.006666666666666667,0.01,3,0,scale_free,0.15,0.0,0.0,3,14,False
300,0.016666666666666666,0.043333333333333335,0.016666666666666666,0.0,4,1,scale_free,0.15,0.0,0.0,3,15,False
300,0.05333333333333334,0.2866666666666667,0.016666666666666666,0.18,9,4,scale_free,0.15,0.0,0.0,3,16,False
300,0.02666666666666667,0.13666666666666666,0.023333333333333334,0.02666666666666667,6,2,scale_free,0.15,0.0,0.0,3,17,False
300,0.07,0.2966666666666667,0.03,0.16,12,7,scale_free,0.15,0.0,0.0,3,18,False
300,0.03666666666666667,0.14333333333333334,0.02,0.05333333333333334,6,1,scale_free,0.15,0.0,0.0,3,19,False
300,0.07666666666666666,0.3333333333333333,0.043333333333333335,0.13666666666666666,12,4,scale_free,0.15,0.0,0.0,3,20,False
300,0.01,0.05,0.01,0.0,3,0,scale_free,0.15,0.0,0.0,3,21,False
300,0.15666666666666668,0.5733333333333334,0.06333333333333334,0.31333333333333335,18,5,scale_free,0.15,0.0,0.0,3,22,False
300,0.016666666666666666,0.05,0.016666666666666666,0.0,4,2,scale_free,0.15,0.0,0.0,3,23,False
300,0.01,0.03,0.006666666666666667,0.006666666666666667,3,0,scale_free,0.15,0.0,0.0,3,24,False
300,0.013333333333333334,0.043333333333333335,0.006666666666666667,0.013333333333333334,4,1,scale_free,0.15,0.0,0.0,3,25,False
300,0.09333333333333334,0.41333333333333333,0.04666666666666667,0.21666666666666667,13,6,scale_free,0.15,0.0,0.0,3,26,False
300,0.09,0.41,0.03,0.21333333333333335,14,7,scale_free,0.15,0.0,0.0,3,27,False
300,0.10333333333333333,0.49333333333333335,0.05333333333333334,0.20333333333333334,10,6,scale_free,0.15,0.0,0.0,3,28,False
300,0.09,0.4,0.05333333333333334,0.13666666666666666,12,9,scale_free,0.15,0.0,0.0,3,29,False
300,0.13333333333333333,0.5166666666666667,0.07,0.23,19,7,scale_free,0.175,0.0,0.0,3,0,False
300,0.08333333333333333,0.4033333333333333,0.02666666666666667,0.22,9,4,scale_free,0.175,0.0,0.0,3,1,False
300,0.10333333333333333,0.44333333333333336,0.07333333333333333,0.10333333333333333,10,11,scale_free,0.175,0.0,0.0,3,2,False
300,0.09333333333333334,0.4,0.05333333333333334,0.15,7,5,scale_free,0.175,0.0,0.0,3,3,False
300,0.05333333333333334,0.25333333333333335,0.016666666666666666,0.12666666666666668,6,9,scale_free,0.175,0.0,0.0,3,4,False
300,0.013333333333333334,0.05,0.013333333333333334,0.0033333333333333335,4,2,scale_free,0.175,0.0,0.0,3,5,False
300,0.15666666666666668,0.6633333333333333,0.10333333333333333,0.22333333333333333,22,7,scale_free,0.175,0.0,0.0,3,6,False
300,0.01,0.023333333333333334,0.01,0.0,3,0,scale_free,0.175,0.0,0.0,3,7,False
300,0.16333333333333333,0.5666666666666667,0.10666666666666667,0.22666666666666666,16,4,scale_free,0.175,0.0,0.0,3,8,False
300,0.023333333333333334,0.09,0.01,0.03666666666666667,5,2,scale_free,0.175,0.0,0.0,3,9,False
300,0.12,0.47,0.09666666666666666,0.10666666666666667,13,7,scale_free,0.175,0.0,0.0,3,10,False
300,0.14,0.52,0.08666666666666667,0.23666666666666666,18,8,scale_free,0.175,0.0,0.0,3,11,False
300,0.12333333333333334,0.5566666666666666,0.06666666666666667,0.19,18,9,scale_free,0.175,0.0,0.0,3,12,False
300,0.02666666666666667,0.11,0.01,0.03666666666666667,4,2,scale_free,0.175,0.0,0.0,3,13,False
300,0.043333333333333335,0.17,0.013333333333333334,0.11,4,6,scale_free,0.175,0.0,0.0,3,14,False
300,0.02,0.06,0.016666666666666666,0.01,4,1,scale_free,0.175,0.0,0.0,3,15,False
300,0.13666666666666666,0.5566666666666666,0.08666666666666667,0.24,18,6,scale_free,0.175,0.0,0.0,3,16,False
300,0.04,0.17333333333333334,0.03666666666666667,0.023333333333333334,6,2,scale_free,0.175,0.0,0.0,3,17,False
300,0.09,0.3933333333333333,0.03666666666666667,0.21666666666666667,11,6,scale_free,0.175,0.0,0.0,3,18,False
300,0.11,0.37,0.06333333333333334,0.14333333333333334,9,3,scale_free,0.175,0.0,0.0,3,19,False
300,0.11333333333333333,0.48,0.043333333333333335,0.25333333333333335,18,4,scale_free,0.175,0.0,0.0,3,20,False
300,0.02,0.08,0.02,0.0033333333333333335,4,1,scale_free,0.175,0.0,0.0,3,21,False
300,0.13,0.49333333333333335,0.043333333333333335,0.32,15,6,scale_free,0.175,0.0,0.0,3,22,False
300,0.016666666666666666,0.05,0.016666666666666666,0.0,4,2,scale_free,0.175,0.0,0.0,3,23,False
300,0.01,0.03,0.006666666666666667,0.006666666666666667,3,0,scale_free,0.175,0.0,0.0,3,24,False
300,0.16333333333333333,0.5066666666666667,0.09,0.24,23,7,scale_free,0.175,0.0,0.0,3,25,False
300,0.11666666666666667,0.41333333333333333,0.06666666666666667,0.22333333333333333,14,5,scale_free,0.175,0.0,0.0,3,26,False
300,0.12,0.47333333333333333,0.05333333333333334,0.27,15,7,scale_free,0.175,0.0,0.0,3,27,False
300,0.09,0.3566666666666667,0.03666666666666667,0.15333333333333332,13,6,scale_free,0.175,0.0,0.0,3,28,False
300,0.10666666666666667,0.5033333333333333,0.07,0.15333333333333332,16,7,scale_free,0.175,0.0,0.0,3,29,False
300,0.15,0.52,0.08333333333333333,0.2866666666666667,24,6,scale_free,0.2,0.0,0.0,3,0,False
300,0.12333333333333334,0.43666666666666665,0.05,0.22,16,7,scale_free,0.2,0.0,0.0,3,1,False
300,0.11666666666666667,0.49666666666666665,0.07333333333333333,0.19,13,11,scale_free,0.2,0.0,0.0,3,2,False
300,0.15333333333333332,0.5433333333333333,0.08666666666666667,0.23333333333333334,13,9,scale_free,0.2,0.0,0.0,3,3,False
300,0.13333333333333333,0.49333333333333335,0.09333333333333334,0.16333333333333333,7,13,scale_free,0.2,0.0,0.0,3,4,False
300,0.013333333333333334,0.05,0.013333333333333334,0.0033333333333333335,4,2,scale_free,0.2,0.0,0.0,3,5,False
300,0.17333333333333334,0.63,0.08,0.33,23,6,scale_free,0.2,0.0,0.0,3,6,False
300,0.05,0.21333333333333335,0.03666666666666667,0.05,6,8,scale_free,0.2,0.0,0.0,3,7,False
300,0.20333333333333334,0.6333333333333333,0.09,0.37,21,4,scale_free,0.2,0.0,0.0,3,8,True
300,0.023333333333333334,0.09,0.01,0.03666666666666667,5,2,scale_free,0.2,0.0,0.0,3,9,False
300,0.18333333333333332,0.6033333333333334,0.13666666666666666,0.22,14,6,scale_free,0.2,0.0,0.0,3,10,False
300,0.12666666666666668,0.44333333333333336,0.07666666666666666,0.2,12,6,scale_free,0.2,0.0,0.0,3,11,False
300,0.13333333333333333,0.5233333333333333,0.06666666666666667,0.25666666666666665,17,6,scale_free,0.2,0.0,0.0,3,12,False
300,0.02666666666666667,0.11,0.006666666666666667,0.06,4,2,scale_free,0.2,0.0,0.0,3,13,False
300,0.16333333333333333,0.5733333333333334,0.08666666666666667,0.25333333333333335,18,8,scale_free,0.2,0.0,0.0,3,14,False
300,0.02,0.06,0.016666666666666666,0.01,4,1,scale_free,0.2,0.0,0.0,3,15,False
300,0.12666666666666668,0.49,0.04,0.30666666666666664,17,4,scale_free,0.2,0.0,0.0,3,16,False
300,0.04,0.17333333333333334,0.03666666666666667,0.023333333333333334,6,2,scale_free,0.2,0.0,0.0,3,17,False
300,0.18666666666666668,0.6533333333333333,0.09,0.30333333333333334,21,8,scale_free,0.2,0.0,0.0,3,18,False
300,0.16,0.49333333333333335,0.1,0.15666666666666668,11,5,scale_free,0.2,0.0,0.0,3,19,False
300,0.19333333333333333,0.61,0.11,0.2633333333333333,24,5,scale_free,0.2,0.0,0.0,3,20,False
300,0.02,0.08,0.02,0.0033333333333333335,4,1,scale_free,0.2,0.0,0.0,3,21,False
300,0.18666666666666668,0.6033333333333334,0.12,0.22333333333333333,22,6,scale_free,0.2,0.0,0.0,3,22,False
300,0.16333333333333333,0.5333333333333333,0.11666666666666667,0.21333333333333335,25,5,scale_free,0.2,0.0,0.0,3,23,False
300,0.01,0.03,0.006666666666666667,0.006666666666666667,3,0,scale_free,0.2,0.0,0.0,3,24,False
300,0.14,0.44333333333333336,0.06,0.23333333333333334,25,7,scale_free,0.2,0.0,0.0,3,25,False
300,0.13666666666666666,0.5333333333333333,0.06,0.2833333333333333,15,5,scale_free,0.2,0.0,0.0,3,26,False
300,0.18666666666666668,0.6,0.13,0.23333333333333334,22,7,scale_free,0.2,0.0,0.0,3,27,False
300,0.14666666666666667,0.44666666666666666,0.09,0.18666666666666668,15,8,scale_free,0.2,0.0,0.0,3,28,False
300,0.20333333333333334,0.6833333333333333,0.1,0.28,24,7,scale_free,0.2,0.0,0.0,3,29,True
300,0.24666666666666667,0.7166666666666667,0.13,0.43333333333333335,31,7,scale_free,0.225,0.0,0.0,3,0,True
300,0.08666666666666667,0.31333333333333335,0.043333333333333335,0.13333333333333333,8,2,scale_free,0.225,0.0,0.0,3,1,False
300,0.17,0.53,0.1,0.19,12,14,scale_free,0.225,0.0,0.0,3,2,False
300,0.12666666666666668,0.4666666666666667,0.06333333333333334,0.22333333333333333,14,9,scale_free,0.225,0.0,0.0,3,3,False
300,0.16666666666666666,0.51,0.10333333333333333,0.17,14,9,scale_free,0.225,0.0,0.0,3,4,False
300,0.23666666666666666,0.6866666666666666,0.15666666666666668,0.24333333333333335,36,11,scale_free,0.225,0.0,0.0,3,5,True
300,0.21,0.6733333333333333,0.09,0.33,30,7,scale_free,0.225,0.0,0.0,3,6,True
300,0.11666666666666667,0.37666666666666665,0.08666666666666667,0.11,7,8,scale_free,0.225,0.0,0.0,3,7,False
300,0.10333333333333333,0.4166666666666667,0.043333333333333335,0.19666666666666666,15,3,scale_free,0.225,0.0,0.0,3,8,False
300,0.02666666666666667,0.09666666666666666,0.013333333333333334,0.03666666666666667,5,2,scale_free,0.225,0.0,0.0,3,9,False
300,0.22,0.64,0.10333333333333333,0.3233333333333333,28,7,scale_free,0.225,0.0,0.0,3,10,True
300,0.20666666666666667,0.59,0.10666666666666667,0.29333333333333333,25,9,scale_free,0.225,0.0,0.0,3,11,True
300,0.23,0.6933333333333334,0.12,0.36666666666666664,34,5,scale_free,0.225,0.0,0.0,3,12,True
300,0.12,0.43666666666666665,0.06666666666666667,0.16,14,6,scale_free,0.225,0.0,0.0,3,13,False
300,0.16666666666666666,0.58,0.09,0.26,18,8,scale_free,0.225,0.0,0.0,3,14,False
300,0.02,0.06,0.016666666666666666,0.01,4,1,scale_free,0.225,0.0,0.0,3,15,False
300,0.20666666666666667,0.62,0.09666666666666666,0.3333333333333333,30,5,scale_free,0.225,0.0,0.0,3,16,True
300,0.04,0.17333333333333334,0.03666666666666667,0.023333333333333334,6,2,scale_free,0.225,0.0,0.0,3,17,False
300,0.20666666666666667,0.6466666666666666,0.11,0.3433333333333333,24,8,scale_free,0.225,0.0,0.0,3,18,True
300,0.18,0.48333333333333334,0.11666666666666667,0.19333333333333333,15,9,scale_free,0.225,0.0,0.0,3,19,False
300,0.16,0.5233333333333333,0.05,0.33666666666666667,25,4,scale_free,0.225,0.0,0.0,3,20,False
300,0.02,0.08,0.02,0.0033333333333333335,4,1,scale_free,0.225,0.0,0.0,3,21,False
300,0.18,0.6333333333333333,0.1,0.3333333333333333,24,6,scale_free,0.225,0.0,0.0,3,22,False
300,0.29333333333333333,0.7333333333333333,0.20333333333333334,0.28,31,6,scale_free,0.225,0.0,0.0,3,23,True
300,0.01,0.03,0.006666666666666667,0.006666666666666667,3,0,scale_free,0.225,0.0,0.0,3,24,False
300,0.17,0.47333333333333333,0.07666666666666666,0.24666666666666667,29,7,scale_free,0.225,0.0,0.0,3,25,False
300,0.18666666666666668,0.61,0.12,0.2866666666666667,25,7,scale_free,0.225,0.0,0.0,3,26,False
300,0.22,0.66,0.15333333333333332,0.2833333333333333,28,8,scale_free,0.225,0.0,0.0,3,27,True
300,0.16,0.5533333333333333,0.06333333333333334,0.33666666666666667,25,5,scale_free,0.225,0.0,0.0,3,28,False
300,0.18333333333333332,0.6433333333333333,0.06,0.4066666666666667,32,6,scale_free,0.225,0.0,0.0,3,29,False
300,0.25666666666666665,0.7033333333333334,0.16,0.2866666666666667,32,5,scale_free,0.25,0.0,0.0,3,0,True
300,0.12,0.37,0.04,0.19333333333333333,12,8,scale_free,0.25,0.0,0.0,3,1,False
300,0.07,0.25,0.023333333333333334,0.15,11,8,scale_free,0.25,0.0,0.0,3,2,False
300,0.13666666666666666,0.49,0.08,0.20666666666666667,12,5,scale_free,0.25,0.0,0.0,3,3,False
300,0.12,0.37,0.06666666666666667,0.18,9,6,scale_free,0.25,0.0,0.0,3,4,False
300,0.23666666666666666,0.6566666666666666,0.13,0.31333333333333335,34,11,scale_free,0.25,0.0,0.0,3,5,True
300,0.22333333333333333,0.65,0.11666666666666667,0.34,21,13,scale_free,0.25,0.0,0.0,3,6,True
300,0.23,0.6433333333333333,0.1,0.38666666666666666,35,7,scale_free,0.25,0.0,0.0,3,7,True
300,0.2866666666666667,0.7033333333333334,0.18333333333333332,0.28,34,5,scale_free,0.25,0.0,0.0,3,8,True
300,0.10666666666666667,0.37333333333333335,0.03666666666666667,0.20666666666666667,9,9,scale_free,0.25,0.0,0.0,3,9,False
300,0.10666666666666667,0.32666666666666666,0.056666666666666664,0.17333333333333334,16,3,scale_free,0.25,0.0,0.0,3,10,False
300,0.23333333333333334,0.6766666666666666,0.09333333333333334,0.41,36,6,scale_free,0.25,0.0,0.0,3,11,True
300,0.18333333333333332,0.6266666666666667,0.1,0.29333333333333333,23,8,scale_free,0.25,0.0,0.0,3,12,False
300,0.07666666666666666,0.27666666666666667,0.03,0.14666666666666667,9,6,scale_free,0.25,0.0,0.0,3,13,False
300,0.17333333333333334,0.5733333333333334,0.09333333333333334,0.24666666666666667,21,9,scale_free,0.25,0.0,0.0,3,14,False
300,0.09,0.38666666666666666,0.03,0.28,11,4,scale_free,0.25,0.0,0.0,3,15,False
300,0.30666666666666664,0.75,0.20666666666666667,0.29333333333333333,34,6,scale_free,0.25,0.0,0.0,3,16,True
300,0.043333333333333335,0.17,0.03666666666666667,0.023333333333333334,6,2,scale_free,0.25,0.0,0.0,3,17,False
300,0.2,0.6233333333333333,0.11666666666666667,0.3233333333333333,29,7,scale_free,0.25,0.0,0.0,3,18,False
300,0.18333333333333332,0.5466666666666666,0.09666666666666666,0.25333333333333335,14,7,scale_free,0.25,0.0,0.0,3,19,False
300,0.2,0.56,0.09666666666666666,0.29,31,5,scale_free,0.25,0.0,0.0,3,20,False
300,0.16333333333333333,0.48333333333333334,0.09,0.23666666666666666,15,8,scale_free,0.25,0.0,0.0,3,21,False
300,0.18666666666666668,0.66,0.07666666666666666,0.37333333333333335,21,5,scale_free,0.25,0.0,0.0,3,22,False
300,0.3,0.7866666666666666,0.16333333333333333,0.41,35,8,scale_free,0.25,0.0,0.0,3,23,True
300,0.01,0.03,0.006666666666666667,0.006666666666666667,3,0,scale_free,0.25,0.0,0.0,3,24,False
300,0.23666666666666666,0.6133333333333333,0.14333333333333334,0.25666666666666665,28,8,scale_free,0.25,0.0,0.0,3,25,True
300,0.3466666666666667,0.8066666666666666,0.16333333333333333,0.41,50,7,scale_free,0.25,0.0,0.0,3,26,True
300,0.22,0.6333333333333333,0.11,0.31333333333333335,33,7,scale_free,0.25,0.0,0.0,3,27,True
300,0.17666666666666667,0.55,0.08666666666666667,0.25,30,5,scale_free,0.25,0.0,0.0,3,28,False
300,0.35333333333333333,0.7866666666666666,0.24333333333333335,0.31333333333333335,40,5,scale_free,0.25,0.0,0.0,3,29,True
300,0.3233333333333333,0.76,0.23,0.29333333333333333,40,8,scale_free,0.275,0.0,0.0,3,0,True
300,0.16666666666666666,0.46,0.09333333333333334,0.23,19,9,scale_free,0.275,0.0,0.0,3,1,False
300,0.21,0.57,0.13,0.27,14,17,scale_free,0.275,0.0,0.0,3,2,True
300,0.19333333333333333,0.59,0.12,0.24666666666666667,17,8,scale_free,0.275,0.0,0.0,3,3,False
300,0.22,0.6666666666666666,0.1,0.38666666666666666,29,7,scale_free,0.275,0.0,0.0,3,4,True
300,0.28,0.72,0.15,0.30666666666666664,34,11,scale_free,0.275,0.0,0.0,3,5,True
300,0.25666666666666665,0.7166666666666667,0.15666666666666668,0.33666666666666667,22,12,scale_free,0.275,0.0,0.0,3,6,True
300,0.24,0.6633333333333333,0.07,0.44666666666666666,37,6,scale_free,0.275,0.0,0.0,3,7,True
300,0.27666666666666667,0.7333333333333333,0.18,0.2966666666666667,38,6,scale_free,0.275,0.0,0.0,3,8,True
300,0.07333333333333333,0.2633333333333333,0.023333333333333334,0.15666666666666668,6,9,scale_free,0.275,0.0,0.0,3,9,False
300,0.29,0.6766666666666666,0.14666666666666667,0.37,30,7,scale_free,0.275,0.0,0.0,3,10,True
300,0.27,0.7366666666666667,0.15,0.35,32,6,scale_free,0.275,0.0,0.0,3,11,True
300,0.23,0.6766666666666666,0.14666666666666667,0.2633333333333333,20,8,scale_free,0.275,0.0,0.0,3,12,True
300,0.20666666666666667,0.6133333333333333,0.14,0.22,17,11,scale_free,0.275,0.0,0.0,3,13,True
300,0.15666666666666668,0.59,0.06666666666666667,0.29,15,7,scale_free,0.275,0.0,0.0,3,14,False
300,0.16666666666666666,0.53,0.08333333333333333,0.2966666666666667,19,4,scale_free,0.275,0.0,0.0,3,15,False
300,0.2633333333333333,0.6766666666666666,0.11,0.35333333333333333,35,5,scale_free,0.275,0.0,0.0,3,16,True
300,0.28,0.7,0.16666666666666666,0.30333333333333334,33,11,scale_free,0.275,0.0,0.0,3,17,True
300,0.22666666666666666,0.6066666666666667,0.11333333333333333,0.31,22,7,scale_free,0.275,0.0,0.0,3,18,True
300,0.22,0.5333333333333333,0.14666666666666667,0.21333333333333335,15,5,scale_free,0.275,0.0,0.0,3,19,True
300,0.20333333333333334,0.56,0.07,0.37,34,5,scale_free,0.275,0.0,0.0,3,20,True
300,0.09333333333333334,0.36333333333333334,0.03666666666666667,0.19,7,2,scale_free,0.275,0.0,0.0,3,21,False
300,0.23666666666666666,0.6733333333333333,0.09666666666666666,0.37666666666666665,27,6,scale_free,0.275,0.0,0.0,3,22,True
300,0.33,0.8133333333333334,0.18666666666666668,0.38666666666666666,52,5,scale_free,0.275,0.0,0.0,3,23,True
300,0.01,0.03,0.006666666666666667,0.006666666666666667,3,0,scale_free,0.275,0.0,0.0,3,24,False
300,0.23333333333333334,0.6066666666666667,0.11666666666666667,0.30333333333333334,32,8,scale_free,0.275,0.0,0.0,3,25,True
300,0.38,0.83,0.23333333333333334,0.35,53,6,scale_free,0.275,0.0,0.0,3,26,True
300,0.13333333333333333,0.45,0.06,0.25333333333333335,14,7,scale_free,0.275,0.0,0.0,3,27,False
300,0.2633333333333333,0.6833333333333333,0.13333333333333333,0.33666666666666667,40,6,scale_free,0.275,0.0,0.0,3,28,True
300,0.30333333333333334,0.7666666666666667,0.11,0.4533333333333333,44,6,scale_free,0.275,0.0,0.0,3,29,True
300,0.2633333333333333,0.6533333333333333,0.16666666666666666,0.28,38,6,scale_free,0.3,0.0,0.0,3,0,True
300,0.17333333333333334,0.5233333333333333,0.09666666666666666,0.25333333333333335,17,9,scale_free,0.3,0.0,0.0,3,1,False
300,0.2,0.5866666666666667,0.11333333333333333,0.25,12,20,scale_free,0.3,0.0,0.0,3,2,False
300,0.23333333333333334,0.68,0.15333333333333332,0.28,19,9,scale_free,0.3,0.0,0.0,3,3,True
300,0.17,0.54,0.06,0.31333333333333335,27,7,scale_free,0.3,0.0,0.0,3,4,False
300,0.20666666666666667,0.5466666666666666,0.07,0.38333333333333336,34,11,scale_free,0.3,0.0,0.0,3,5,True
300,0.22666666666666666,0.6333333333333333,0.11333333333333333,0.30666666666666664,20,9,scale_free,0.3,0.0,0.0,3,6,True
300,0.33,0.8033333333333333,0.14,0.46,49,7,scale_free,0.3,0.0,0.0,3,7,True
300,0.30333333333333334,0.75,0.12,0.45666666666666667,45,5,scale_free,0.3,0.0,0.0,3,8,True
300,0.27,0.6433333333333333,0.12,0.3566666666666667,25,16,scale_free,0.3,0.0,0.0,3,9,True
300,0.26666666666666666,0.63,0.14333333333333334,0.31,31,5,scale_free,0.3,0.0,0.0,3,10,True
300,0.26,0.69,0.14,0.3433333333333333,32,6,scale_free,0.3,0.0,0.0,3,11,True
300,0.2733333333333333,0.69,0.11666666666666667,0.4166666666666667,42,6,scale_free,0.3,0.0,0.0,3,12,True
300,0.3,0.7033333333333334,0.19333333333333333,0.22666666666666666,24,9,scale_free,0.3,0.0,0.0,3,13,True
300,0.2,0.54,0.08666666666666667,0.2866666666666667,25,6,scale_free,0.3,0.0,0.0,3,14,False
300,0.19,0.5366666666666666,0.09333333333333334,0.34,19,4,scale_free,0.3,0.0,0.0,3,15,False
300,0.26666666666666666,0.6966666666666667,0.06,0.49666666666666665,38,5,scale_free,0.3,0.0,0.0,3,16,True
300,0.28,0.7033333333333334,0.14,0.4266666666666667,44,4,scale_free,0.3,0.0,0.0,3,17,True
300,0.2633333333333333,0.6533333333333333,0.16333333333333333,0.33,34,6,scale_free,0.3,0.0,0.0,3,18,True
300,0.2633333333333333,0.5866666666666667,0.13333333333333333,0.3333333333333333,30,8,scale_free,0.3,0.0,0.0,3,19,True
300,0.2833333333333333,0.6933333333333334,0.18333333333333332,0.33,33,5,scale_free,0.3,0.0,0.0,3,20,True
300,0.28,0.6633333333333333,0.13666666666666666,0.36333333333333334,36,6,scale_free,0.3,0.0,0.0,3,21,True
300,0.33,0.76,0.2,0.3566666666666667,45,7,scale_free,0.3,0.0,0.0,3,22,True
300,0.36666666666666664,0.8,0.17,0.43333333333333335,58,6,scale_free,0.3,0.0,0.0,3,23,True
300,0.01,0.03,0.006666666666666667,0.016666666666666666,3,0,scale_free,0.3,0.0,0.0,3,24,False
300,0.21333333333333335,0.5633333333333334,0.07666666666666666,0.3433333333333333,33,7,scale_free,0.3,0.0,0.0,3,25,True
300,0.31666666666666665,0.7233333333333334,0.17333333333333334,0.37,42,6,scale_free,0.3,0.0,0.0,3,26,True
300,0.23666666666666666,0.6433333333333333,0.09333333333333334,0.38333333333333336,31,8,scale_free,0.3,0.0,0.0,3,27,True
300,0.2833333333333333,0.7466666666666667,0.15333333333333332,0.37333333333333335,45,6,scale_free,0.3,0.0,0.0,3,28,True
300,0.36333333333333334,0.7966666666666666,0.21333333333333335,0.36666666666666664,44,6,scale_free,0.3,0.0,0.0,3,29,True
300,0.30666666666666664,0.73,0.19333333333333333,0.2966666666666667,40,6,scale_free,0.325,0.0,0.0,3,0,True
300,0.13,0.4266666666666667,0.06,0.25,17,7,scale_free,0.325,0.0,0.0,3,1,False
300,0.10333333333333333,0.32,0.06666666666666667,0.14333333333333334,10,4,scale_free,0.325,0.0,0.0,3,2,False
300,0.19,0.5933333333333334,0.06666666666666667,0.3466666666666667,20,4,scale_free,0.325,0.0,0.0,3,3,False
300,0.22,0.5466666666666666,0.09,0.31333333333333335,32,4,scale_free,0.325,0.0,0.0,3,4,True
300,0.22666666666666666,0.6333333333333333,0.11333333333333333,0.3233333333333333,31,7,scale_free,0.325,0.0,0.0,3,5,True
300,0.16666666666666666,0.49666666666666665,0.06666666666666667,0.27666666666666667,18,7,scale_free,0.325,0.0,0.0,3,6,False
300,0.2966666666666667,0.72,0.13,0.44333333333333336,43,7,scale_free,0.325,0.0,0.0,3,7,True
300,0.2633333333333333,0.6933333333333334,0.13666666666666666,0.36333333333333334,37,5,scale_free,0.325,0.0,0.0,3,8,True
300,0.26,0.6833333333333333,0.12333333333333334,0.37666666666666665,20,6,scale_free,0.325,0.0,0.0,3,9,True
300,0.29,0.6766666666666666,0.13,0.41333333333333333,27,4,scale_free,0.325,0.0,0.0,3,10,True
300,0.26,0.6666666666666666,0.11666666666666667,0.37333333333333335,28,6,scale_free,0.325,0.0,0.0,3,11,True
300,0.3433333333333333,0.7466666666666667,0.17,0.42333333333333334,41,5,scale_free,0.325,0.0,0.0,3,12,True
300,0.2966666666666667,0.6966666666666667,0.15,0.3933333333333333,43,4,scale_free,0.325,0.0,0.0,3,13,True
300,0.2966666666666667,0.6833333333333333,0.14,0.42,29,7,scale_free,0.325,0.0,0.0,3,14,True
300,0.21666666666666667,0.58,0.09666666666666666,0.3933333333333333,29,5,scale_free,0.325,0.0,0.0,3,15,True
300,0.3433333333333333,0.79,0.19666666666666666,0.4,48,5,scale_free,0.325,0.0,0.0,3,16,True
300,0.2966666666666667,0.7333333333333333,0.12333333333333334,0.4666666666666667,50,5,scale_free,0.325,0.0,0.0,3,17,True
300,0.25333333333333335,0.6233333333333333,0.09666666666666666,0.37,34,5,scale_free,0.325,0.0,0.0,3,18,True
300,0.30333333333333334,0.6533333333333333,0.15,0.3566666666666667,35,9,scale_free,0.325,0.0,0.0,3,19,True
300,0.24,0.6066666666666667,0.08,0.41333333333333333,33,5,scale_free,0.325,0.0,0.0,3,20,True
300,0.13666666666666666,0.37,0.056666666666666664,0.23,17,5,scale_free,0.325,0.0,0.0,3,21,False
300,0.25,0.6533333333333333,0.08333333333333333,0.45,38,6,scale_free,0.325,0.0,0.0,3,22,True
300,0.38666666666666666,0.7833333333333333,0.22,0.43666666666666665,57,5,scale_free,0.325,0.0,0.0,3,23,True
300,0.01,0.03,0.006666666666666667,0.016666666666666666,3,0,scale_free,0.325,0.0,0.0,3,24,False
300,0.4066666666666667,0.8166666666666667,0.21333333333333335,0.44666666666666666,49,9,scale_free,0.325,0.0,0.0,3,25,True
300,0.44666666666666666,0.8533333333333334,0.22333333333333333,0.49666666666666665,61,6,scale_free,0.325,0.0,0.0,3,26,True
300,0.30333333333333334,0.6833333333333333,0.17333333333333334,0.36,19,19,scale_free,0.325,0.0,0.0,3,27,True
300,0.19,0.5033333333333333,0.09333333333333334,0.2866666666666667,17,7,scale_free,0.325,0.0,0.0,3,28,False
300,0.32,0.7466666666666667,0.15333333333333332,0.41333333333333333,39,5,scale_free,0.325,0.0,0.0,3,29,True
300,0.31333333333333335,0.66,0.16333333333333333,0.37,40,5,scale_free,0.35,0.0,0.0,3,0,True
300,0.22333333333333333,0.5366666666666666,0.10666666666666667,0.33666666666666667,23,7,scale_free,0.35,0.0,0.0,3,1,True
300,0.18,0.4533333333333333,0.08666666666666667,0.25333333333333335,15,3,scale_free,0.35,0.0,0.0,3,2,False
300,0.22333333333333333,0.5933333333333334,0.10666666666666667,0.33,27,6,scale_free,0.35,0.0,0.0,3,3,True
300,0.22666666666666666,0.5633333333333334,0.08333333333333333,0.3433333333333333,32,4,scale_free,0.35,0.0,0.0,3,4,True
300,0.27,0.6733333333333333,0.12666666666666668,0.38,30,7,scale_free,0.35,0.0,0.0,3,5,True
300,0.36,0.8033333333333333,0.17,0.44666666666666666,41,10,scale_free,0.35,0.0,0.0,3,6,True
300,0.31,0.7233333333333334,0.10333333333333333,0.4866666666666667,45,6,scale_free,0.35,0.0,0.0,3,7,True
300,0.36666666666666664,0.76,0.16,0.4633333333333333,56,5,scale_free,0.35,0.0,0.0,3,8,True
300,0.32666666666666666,0.7233333333333334,0.17333333333333334,0.37666666666666665,36,7,scale_free,0.35,0.0,0.0,3,9,True
300,0.35333333333333333,0.7233333333333334,0.19333333333333333,0.3933333333333333,42,6,scale_free,0.35,0.0,0.0,3,10,True
300,0.34,0.7333333333333333,0.11,0.5066666666666667,46,5,scale_free,0.35,0.0,0.0,3,11,True
300,0.3566666666666667,0.7833333333333333,0.14,0.4866666666666667,47,6,scale_free,0.35,0.0,0.0,3,12,True
300,0.34,0.7266666666666667,0.19333333333333333,0.36333333333333334,53,5,scale_free,0.35,0.0,0.0,3,13,True
300,0.3,0.6666666666666666,0.12666666666666668,0.39666666666666667,27,7,scale_free,0.35,0.0,0.0,3,14,True
300,0.26666666666666666,0.64,0.12333333333333334,0.41,30,5,scale_free,0.35,0.0,0.0,3,15,True
300,0.37333333333333335,0.8166666666666667,0.13666666666666666,0.5233333333333333,60,6,scale_free,0.35,0.0,0.0,3,16,True
300,0.36333333333333334,0.8033333333333333,0.18333333333333332,0.43,52,5,scale_free,0.35,0.0,0.0,3,17,True
300,0.2866666666666667,0.67,0.14,0.37,36,5,scale_free,0.35,0.0,0.0,3,18,True
300,0.30666666666666664,0.68,0.18,0.30666666666666664,35,9,scale_free,0.35,0.0,0.0,3,19,True
300,0.3,0.6933333333333334,0.16333333333333333,0.36666666666666664,36,5,scale_free,0.35,0.0,0.0,3,20,True
300,0.23333333333333334,0.5766666666666667,0.10333333333333333,0.3433333333333333,30,6,scale_free,0.35,0.0,0.0,3,21,True
300,0.30666666666666664,0.7033333333333334,0.09333333333333334,0.48,47,6,scale_free,0.35,0.0,0.0,3,22,True
300,0.3466666666666667,0.7833333333333333,0.14666666666666667,0.48333333333333334,57,5,scale_free,0.35,0.0,0.0,3,23,True
300,0.01,0.03,0.006666666666666667,0.016666666666666666,3,0,scale_free,0.35,0.0,0.0,3,24,False
300,0.35333333333333333,0.77,0.15666666666666668,0.47,51,8,scale_free,0.35,0.0,0.0,3,25,True
300,0.39666666666666667,0.8233333333333334,0.16,0.53,76,6,scale_free,0.35,0.0,0.0,3,26,True
300,0.29,0.6733333333333333,0.13333333333333333,0.4033333333333333,29,8,scale_free,0.35,0.0,0.0,3,27,True
300,0.36666666666666664,0.7633333333333333,0.18,0.41,48,5,scale_free,0.35,0.0,0.0,3,28,True
300,0.25333333333333335,0.63,0.04,0.49,40,5,scale_free,0.35,0.0,0.0,3,29,True
300,0.36,0.7333333333333333,0.12333333333333334,0.49,54,6,scale_free,0.375,0.0,0.0,3,0,True
300,0.33666666666666667,0.75,0.20333333333333334,0.3566666666666667,40,6,scale_free,0.375,0.0,0.0,3,1,True
300,0.15,0.41333333333333333,0.07,0.22,16,5,scale_free,0.375,0.0,0.0,3,2,False
300,0.32,0.7733333333333333,0.10666666666666667,0.5166666666666667,40,6,scale_free,0.375,0.0,0.0,3,3,True
300,0.2866666666666667,0.6466666666666666,0.09,0.48333333333333334,36,4,scale_free,0.375,0.0,0.0,3,4,True
300,0.2733333333333333,0.6333333333333333,0.10333333333333333,0.41333333333333333,33,6,scale_free,0.375,0.0,0.0,3,5,True
300,0.25333333333333335,0.6533333333333333,0.13333333333333333,0.35,21,6,scale_free,0.375,0.0,0.0,3,6,True
300,0.3233333333333333,0.7,0.15333333333333332,0.4166666666666667,37,7,scale_free,0.375,0.0,0.0,3,7,True
300,0.4,0.8033333333333333,0.22666666666666666,0.36333333333333334,59,5,scale_free,0.375,0.0,0.0,3,8,True
300,0.39,0.7533333333333333,0.2,0.43333333333333335,39,5,scale_free,0.375,0.0,0.0,3,9,True
300,0.30666666666666664,0.66,0.1,0.4633333333333333,39,5,scale_free,0.375,0.0,0.0,3,10,True
300,0.3,0.6733333333333333,0.08666666666666667,0.44666666666666666,40,5,scale_free,0.375,0.0,0.0,3,11,True
300,0.2833333333333333,0.6733333333333333,0.07666666666666666,0.46,53,5,scale_free,0.375,0.0,0.0,3,12,True
300,0.24666666666666667,0.58,0.09333333333333334,0.38,43,4,scale_free,0.375,0.0,0.0,3,13,True
300,0.35333333333333333,0.7133333333333334,0.12666666666666668,0.47333333333333333,55,5,scale_free,0.375,0.0,0.0,3,14,True
300,0.25,0.6,0.11,0.38666666666666666,31,5,scale_free,0.375,0.0,0.0,3,15,True
300,0.4766666666666667,0.8733333333333333,0.27,0.45666666666666667,65,5,scale_free,0.375,0.0,0.0,3,16,True
300,0.39666666666666667,0.82,0.15666666666666668,0.49,67,5,scale_free,0.375,0.0,0.0,3,17,True
300,0.22666666666666666,0.56,0.09666666666666666,0.3433333333333333,37,5,scale_free,0.375,0.0,0.0,3,18,True
300,0.29333333333333333,0.59,0.14666666666666667,0.32666666666666666,25,5,scale_free,0.375,0.0,0.0,3,19,True
300,0.33666666666666667,0.73,0.16666666666666666,0.45666666666666667,51,6,scale_free,0.375,0.0,0.0,3,20,True
300,0.29333333333333333,0.6466666666666666,0.12666666666666668,0.4066666666666667,32,6,scale_free,0.375,0.0,0.0,3,21,True
300,0.37666666666666665,0.7833333333333333,0.18333333333333332,0.46,43,5,scale_free,0.375,0.0,0.0,3,22,True
300,0.41,0.8266666666666667,0.29333333333333333,0.3333333333333333,57,6,scale_free,0.375,0.0,0.0,3,23,True
300,0.01,0.03,0.006666666666666667,0.016666666666666666,3,0,scale_free,0.375,0.0,0.0,3,24,False
300,0.30333333333333334,0.69,0.08333333333333333,0.4633333333333333,43,7,scale_free,0.375,0.0,0.0,3,25,True
300,0.44,0.86,0.21666666666666667,0.5,73,6,scale_free,0.375,0.0,0.0,3,26,True
300,0.31666666666666665,0.69,0.15,0.36333333333333334,43,6,scale_free,0.375,0.0,0.0,3,27,True
300,0.34,0.73,0.14666666666666667,0.4633333333333333,59,4,scale_free,0.375,0.0,0.0,3,28,True
300,0.4266666666666667,0.8133333333333334,0.25666666666666665,0.38333333333333336,60,5,scale_free,0.375,0.0,0.0,3,29,True
300,0.41333333333333333,0.8066666666666666,0.23,0.42333333333333334,59,6,scale_free,0.4,0.0,0.0,3,0,True
300,0.16666666666666666,0.3933333333333333,0.09333333333333334,0.17,19,6,scale_free,0.4,0.0,0.0,3,1,False
300,0.3233333333333333,0.74,0.15333333333333332,0.4066666666666667,37,6,scale_free,0.4,0.0,0.0,3,2,True
300,0.32,0.7366666666666667,0.10666666666666667,0.5266666666666666,39,5,scale_free,0.4,0.0,0.0,3,3,True
300,0.29,0.64,0.1,0.41,41,5,scale_free,0.4,0.0,0.0,3,4,True
300,0.4166666666666667,0.8233333333333334,0.19333333333333333,0.45,56,6,scale_free,0.4,0.0,0.0,3,5,True
300,0.4066666666666667,0.75,0.24,0.37,38,9,scale_free,0.4,0.0,0.0,3,6,True
300,0.32,0.7366666666666667,0.14,0.4533333333333333,41,7,scale_free,0.4,0.0,0.0,3,7,True
300,0.43666666666666665,0.8266666666666667,0.22666666666666666,0.41333333333333333,69,5,scale_free,0.4,0.0,0.0,3,8,True
300,0.29,0.6733333333333333,0.09666666666666666,0.4266666666666667,38,7,scale_free,0.4,0.0,0.0,3,9,True
300,0.32,0.69,0.14666666666666667,0.43333333333333335,40,4,scale_free,0.4,0.0,0.0,3,10,True
300,0.33666666666666667,0.7233333333333334,0.14333333333333334,0.45,43,5,scale_free,0.4,0.0,0.0,3,11,True
300,0.42333333333333334,0.8333333333333334,0.19666666666666666,0.4866666666666667,63,5,scale_free,0.4,0.0,0.0,3,12,True
300,0.3433333333333333,0.68,0.17,0.41333333333333333,46,4,scale_free,0.4,0.0,0.0,3,13,True
300,0.3466666666666667,0.7333333333333333,0.10666666666666667,0.54,55,5,scale_free,0.4,0.0,0.0,3,14,True
300,0.42333333333333334,0.82,0.22333333333333333,0.44666666666666666,54,6,scale_free,0.4,0.0,0.0,3,15,True
300,0.3433333333333333,0.78,0.11666666666666667,0.53,58,4,scale_free,0.4,0.0,0.0,3,16,True
300,0.4166666666666667,0.8366666666666667,0.18666666666666668,0.5,77,5,scale_free,0.4,0.0,0.0,3,17,True
300,0.25666666666666665,0.6033333333333334,0.11,0.36666666666666664,37,5,scale_free,0.4,0.0,0.0,3,18,True
300,0.4066666666666667,0.7766666666666666,0.23666666666666666,0.36333333333333334,35,9,scale_free,0.4,0.0,0.0,3,19,True
300,0.32,0.7233333333333334,0.1,0.53,43,5,scale_free,0.4,0.0,0.0,3,20,True
300,0.19,0.45666666666666667,0.08666666666666667,0.27,21,3,scale_free,0.4,0.0,0.0,3,21,False
300,0.4166666666666667,0.8133333333333334,0.16333333333333333,0.5433333333333333,57,6,scale_free,0.4,0.0,0.0,3,22,True
300,0.45666666666666667,0.8466666666666667,0.21333333333333335,0.49,59,6,scale_free,0.4,0.0,0.0,3,23,True
300,0.01,0.03,0.006666666666666667,0.016666666666666666,3,0,scale_free,0.4,0.0,0.0,3,24,False
300,0.33,0.7066666666666667,0.10333333333333333,0.48333333333333334,41,7,scale_free,0.4,0.0,0.0,3,25,True
300,0.36666666666666664,0.79,0.12,0.53,62,6,scale_free,0.4,0.0,0.0,3,26,True
300,0.36666666666666664,0.7233333333333334,0.19333333333333333,0.4066666666666667,45,6,scale_free,0.4,0.0,0.0,3,27,True
300,0.37333333333333335,0.7333333333333333,0.15,0.51,62,4,scale_free,0.4,0.0,0.0,3,28,True
300,0.42,0.8166666666666667,0.19,0.47333333333333333,63,5,scale_free,0.4,0.0,0.0,3,29,True
300,0.41333333333333333,0.8033333333333333,0.16,0.55,69,6,scale_free,0.425,0.0,0.0,3,0,True
300,0.36333333333333334,0.6833333333333333,0.18333333333333332,0.38666666666666666,37,6,scale_free,0.425,0.0,0.0,3,1,True
300,0.33666666666666667,0.69,0.15,0.4066666666666667,40,5,scale_free,0.425,0.0,0.0,3,2,True
300,0.34,0.73,0.12,0.47333333333333333,45,5,scale_free,0.425,0.0,0.0,3,3,True
300,0.2966666666666667,0.6366666666666667,0.1,0.41,42,5,scale_free,0.425,0.0,0.0,3,4,True
300,0.33,0.76,0.15666666666666668,0.4266666666666667,40,5,scale_free,0.425,0.0,0.0,3,5,True
300,0.34,0.71,0.15666666666666668,0.42333333333333334,32,7,scale_free,0.425,0.0,0.0,3,6,True
300,0.36,0.7566666666666667,0.14333333333333334,0.5333333333333333,39,5,scale_free,0.425,0.0,0.0,3,7,True
300,0.39666666666666667,0.8233333333333334,0.17,0.4866666666666667,53,5,scale_free,0.425,0.0,0.0,3,8,True
300,0.43333333333333335,0.8433333333333334,0.14333333333333334,0.62,66,6,scale_free,0.425,0.0,0.0,3,9,True
300,0.4166666666666667,0.8,0.14333333333333334,0.57,66,6,scale_free,0.425,0.0,0.0,3,10,True
300,0.37666666666666665,0.77,0.09,0.5766666666666667,41,5,scale_free,0.425,0.0,0.0,3,11,True
300,0.38,0.8,0.16,0.5133333333333333,61,5,scale_free,0.425,0.0,0.0,3,12,True
300,0.43333333333333335,0.7866666666666666,0.25,0.39,63,5,scale_free,0.425,0.0,0.0,3,13,True
300,0.47333333333333333,0.87,0.14,0.6366666666666667,75,6,scale_free,0.425,0.0,0.0,3,14,True
300,0.32,0.6133333333333333,0.15666666666666668,0.38333333333333336,40,5,scale_free,0.425,0.0,0.0,3,15,True
300,0.4,0.7766666666666666,0.15333333333333332,0.5366666666666666,72,4,scale_free,0.425,0.0,0.0,3,16,True
300,0.4266666666666667,0.8333333333333334,0.17333333333333334,0.51,72,5,scale_free,0.425,0.0,0.0,3,17,True
300,0.3466666666666667,0.6833333333333333,0.09,0.51,52,5,scale_free,0.425,0.0,0.0,3,18,True
300,0.27666666666666667,0.5733333333333334,0.16,0.28,29,4,scale_free,0.425,0.0,0.0,3,19,True
300,0.31,0.7166666666666667,0.13,0.45666666666666667,37,5,scale_free,0.425,0.0,0.0,3,20,True
300,0.36,0.71,0.16666666666666666,0.42333333333333334,40,6,scale_free,0.425,0.0,0.0,3,21,True
300,0.3233333333333333,0.7133333333333334,0.11333333333333333,0.5133333333333333,52,5,scale_free,0.425,0.0,0.0,3,22,True
300,0.4266666666666667,0.82,0.17,0.5366666666666666,61,6,scale_free,0.425,0.0,0.0,3,23,True
300,0.01,0.03,0.0,0.03,3,0,scale_free,0.425,0.0,0.0,3,24,False
300,0.39666666666666667,0.7733333333333333,0.21,0.45,51,8,scale_free,0.425,0.0,0.0,3,25,True
300,0.4033333333333333,0.7766666666666666,0.16,0.49333333333333335,60,6,scale_free,0.425,0.0,0.0,3,26,True
300,0.38666666666666666,0.7866666666666666,0.10666666666666667,0.5933333333333334,63,6,scale_free,0.425,0.0,0.0,3,27,True
300,0.36333333333333334,0.72,0.14,0.5,62,4,scale_free,0.425,0.0,0.0,3,28,True
300,0.48,0.8466666666666667,0.24,0.51,69,5,scale_free,0.425,0.0,0.0,3,29,True
300,0.46,0.8,0.11666666666666667,0.6033333333333334,66,6,scale_free,0.45,0.0,0.0,3,0,True
300,0.32666666666666666,0.6366666666666667,0.14333333333333334,0.37,42,6,scale_free,0.45,0.0,0.0,3,1,True
300,0.3933333333333333,0.78,0.17333333333333334,0.46,48,6,scale_free,0.45,0.0,0.0,3,2,True
300,0.30666666666666664,0.67,0.08666666666666667,0.5066666666666667,46,5,scale_free,0.45,0.0,0.0,3,3,True
300,0.31,0.65,0.09666666666666666,0.4766666666666667,47,5,scale_free,0.45,0.0,0.0,3,4,True
300,0.37666666666666665,0.74,0.16,0.4633333333333333,40,5,scale_free,0.45,0.0,0.0,3,5,True
300,0.33666666666666667,0.7066666666666667,0.17333333333333334,0.37,44,7,scale_free,0.45,0.0,0.0,3,6,True
300,0.3233333333333333,0.7066666666666667,0.11666666666666667,0.48333333333333334,50,6,scale_free,0.45,0.0,0.0,3,7,True
300,0.4,0.7766666666666666,0.17666666666666667,0.4633333333333333,67,4,scale_free,0.45,0.0,0.0,3,8,True
300,0.4633333333333333,0.8533333333333334,0.15333333333333332,0.61,77,6,scale_free,0.45,0.0,0.0,3,9,True
300,0.53,0.8766666666666667,0.26,0.5033333333333333,70,6,scale_free,0.45,0.0,0.0,3,10,True
300,0.39,0.7233333333333334,0.13,0.49666666666666665,42,6,scale_free,0.45,0.0,0.0,3,11,True
300,0.4066666666666667,0.81,0.16333333333333333,0.54,62,5,scale_free,0.45,0.0,0.0,3,12,True
300,0.38,0.7566666666666667,0.13333333333333333,0.5266666666666666,59,4,scale_free,0.45,0.0,0.0,3,13,True
300,0.45,0.8466666666666667,0.15,0.5633333333333334,67,6,scale_free,0.45,0.0,0.0,3,14,True
300,0.36,0.7133333333333334,0.14666666666666667,0.49666666666666665,49,5,scale_free,0.45,0.0,0.0,3,15,True
300,0.43,0.81,0.14,0.6,70,4,scale_free,0.45,0.0,0.0,3,16,True
300,0.44333333333333336,0.86,0.19666666666666666,0.5333333333333333,79,5,scale_free,0.45,0.0,0.0,3,17,True
300,0.5,0.8533333333333334,0.29333333333333333,0.45,77,5,scale_free,0.45,0.0,0.0,3,18,True
300,0.35333333333333333,0.7333333333333333,0.18,0.41333333333333333,31,6,scale_free,0.45,0.0,0.0,3,19,True
300,0.38,0.7133333333333334,0.18666666666666668,0.44333333333333336,38,5,scale_free,0.45,0.0,0.0,3,20,True
300,0.30666666666666664,0.6433333333333333,0.14333333333333334,0.3566666666666667,32,6,scale_free,0.45,0.0,0.0,3,21,True
300,0.26,0.65,0.056666666666666664,0.54,43,5,scale_free,0.45,0.0,0.0,3,22,True
300,0.4633333333333333,0.8666666666666667,0.11,0.69,80,5,scale_free,0.45,0.0,0.0,3,23,True
300,0.01,0.03,0.0,0.03,3,0,scale_free,0.45,0.0,0.0,3,24,False
300,0.4,0.7966666666666666,0.11,0.6133333333333333,61,7,scale_free,0.45,0.0,0.0,3,25,True
300,0.20333333333333334,0.4866666666666667,0.08,0.3233333333333333,24,6,scale_free,0.45,0.0,0.0,3,26,True
300,0.38,0.75,0.15,0.5133333333333333,56,6,scale_free,0.45,0.0,0.0,3,27,True
300,0.36333333333333334,0.7466666666666667,0.11333333333333333,0.5466666666666666,54,4,scale_free,0.45,0.0,0.0,3,28,True
300,0.42,0.81,0.11333333333333333,0.6066666666666667,76,5,scale_free,0.45,0.0,0.0,3,29,True
300,0.45666666666666667,0.8033333333333333,0.18,0.49,79,6,scale_free,0.475,0.0,0.0,3,0,True
300,0.37,0.6766666666666666,0.14666666666666667,0.4266666666666667,41,7,scale_free,0.475,0.0,0.0,3,1,True
300,0.3933333333333333,0.78,0.18,0.44,39,5,scale_free,0.475,0.0,0.0,3,2,True
300,0.4,0.7766666666666666,0.17,0.48,45,5,scale_free,0.475,0.0,0.0,3,3,True
300,0.5033333333333333,0.87,0.14333333333333334,0.66,80,5,scale_free,0.475,0.0,0.0,3,4,True
300,0.35,0.6866666666666666,0.17333333333333334,0.39666666666666667,55,5,scale_free,0.475,0.0,0.0,3,5,True
300,0.49,0.8333333333333334,0.24666666666666667,0.48,58,7,scale_free,0.475,0.0,0.0,3,6,True
300,0.32,0.68,0.1,0.5066666666666667,45,5,scale_free,0.475,0.0,0.0,3,7,True
300,0.5066666666666667,0.8433333333333334,0.16333333333333333,0.5933333333333334,81,5,scale_free,0.475,0.0,0.0,3,8,True
300,0.4533333333333333,0.8566666666666667,0.13,0.64,71,5,scale_free,0.475,0.0,0.0,3,9,True
300,0.47333333333333333,0.7966666666666666,0.22333333333333333,0.48,73,5,scale_free,0.475,0.0,0.0,3,10,True
300,0.4766666666666667,0.84,0.25,0.47333333333333333,46,6,scale_free,0.475,0.0,0.0,3,11,True
300,0.41,0.77,0.18333333333333332,0.49,64,5,scale_free,0.475,0.0,0.0,3,12,True
300,0.4033333333333333,0.7633333333333333,0.17,0.48333333333333334,64,4,scale_free,0.475,0.0,0.0,3,13,True
300,0.4666666666666667,0.84,0.2,0.5266666666666666,69,7,scale_free,0.475,0.0,0.0,3,14,True
300,0.37666666666666665,0.7466666666666667,0.15,0.5166666666666667,49,5,scale_free,0.475,0.0,0.0,3,15,True
300,0.5433333333333333,0.86,0.22,0.57,82,5,scale_free,0.475,0.0,0.0,3,16,True
300,0.4766666666666667,0.82,0.18333333333333332,0.5433333333333333,81,5,scale_free,0.475,0.0,0.0,3,17,True
300,0.5066666666666667,0.8566666666666667,0.21,0.5666666666666667,79,5,scale_free,0.475,0.0,0.0,3,18,True
300,0.32666666666666666,0.6766666666666666,0.17666666666666667,0.36333333333333334,35,8,scale_free,0.475,0.0,0.0,3,19,True
300,0.36333333333333334,0.7033333333333334,0.13333333333333333,0.5066666666666667,45,5,scale_free,0.475,0.0,0.0,3,20,True
300,0.4166666666666667,0.7866666666666666,0.16333333333333333,0.5033333333333333,59,6,scale_free,0.475,0.0,0.0,3,21,True
300,0.36333333333333334,0.7433333333333333,0.14666666666666667,0.5266666666666666,46,5,scale_free,0.475,0.0,0.0,3,22,True
300,0.49,0.8733333333333333,0.15,0.62,82,5,scale_free,0.475,0.0,0.0,3,23,True
300,0.01,0.03,0.0,0.03,3,0,scale_free,0.475,0.0,0.0,3,24,False
300,0.44666666666666666,0.8133333333333334,0.12333333333333334,0.6133333333333333,64,7,scale_free,0.475,0.0,0.0,3,25,True
300,0.43666666666666665,0.7933333333333333,0.2,0.4533333333333333,36,7,scale_free,0.475,0.0,0.0,3,26,True
300,0.38,0.7266666666666667,0.07666666666666666,0.5766666666666667,66,6,scale_free,0.475,0.0,0.0,3,27,True
300,0.35,0.7233333333333334,0.09666666666666666,0.5466666666666666,55,4,scale_free,0.475,0.0,0.0,3,28,True
300,0.4266666666666667,0.8433333333333334,0.11666666666666667,0.65,81,5,scale_free,0.475,0.0,0.0,3,29,True
300,0.4033333333333333,0.7833333333333333,0.15666666666666668,0.54,57,5,scale_free,0.5,0.0,0.0,3,0,True
300,0.37,0.6866666666666666,0.15666666666666668,0.42333333333333334,33,5,scale_free,0.5,0.0,0.0,3,1,True
300,0.42333333333333334,0.7766666666666666,0.19666666666666666,0.44333333333333336,51,7,scale_free,0.5,0.0,0.0,3,2,True
300,0.35333333333333333,0.7633333333333333,0.14,0.53,50,6,scale_free,0.5,0.0,0.0,3,3,True
300,0.45666666666666667,0.83,0.11,0.65,80,4,scale_free,0.5,0.0,0.0,3,4,True
300,0.37666666666666665,0.7433333333333333,0.17333333333333334,0.45666666666666667,54,4,scale_free,0.5,0.0,0.0,3,5,True
300,0.43666666666666665,0.8066666666666666,0.13333333333333333,0.5833333333333334,62,6,scale_free,0.5,0.0,0.0,3,6,True
300,0.4066666666666667,0.78,0.13,0.56,50,6,scale_free,0.5,0.0,0.0,3,7,True
300,0.46,0.82,0.17,0.5766666666666667,75,5,scale_free,0.5,0.0,0.0,3,8,True
300,0.5366666666666666,0.88,0.26666666666666666,0.53,79,5,scale_free,0.5,0.0,0.0,3,9,True
300,0.44333333333333336,0.79,0.11,0.61,70,5,scale_free,0.5,0.0,0.0,3,10,True
300,0.44666666666666666,0.7733333333333333,0.17666666666666667,0.49333333333333335,55,6,scale_free,0.5,0.0,0.0,3,11,True
300,0.4266666666666667,0.78,0.12333333333333334,0.5766666666666667,66,5,scale_free,0.5,0.0,0.0,3,12,True
300,0.39666666666666667,0.7633333333333333,0.18,0.4666666666666667,64,4,scale_free,0.5,0.0,0.0,3,13,True
300,0.48,0.8733333333333333,0.18666666666666668,0.58,73,6,scale_free,0.5,0.0,0.0,3,14,True
300,0.38,0.7,0.08,0.5366666666666666,62,5,scale_free,0.5,0.0,0.0,3,15,True
300,0.5566666666666666,0.8833333333333333,0.14333333333333334,0.67,87,4,scale_free,0.5,0.0,0.0,3,16,True
300,0.49,0.8566666666666667,0.16,0.6166666666666667,81,5,scale_free,0.5,0.0,0.0,3,17,True
300,0.45666666666666667,0.8066666666666666,0.13,0.5966666666666667,78,5,scale_free,0.5,0.0,0.0,3,18,True
300,0.4,0.7933333333333333,0.23,0.39666666666666667,38,8,scale_free,0.5,0.0,0.0,3,19,True
300,0.30666666666666664,0.6766666666666666,0.06666666666666667,0.54,46,6,scale_free,0.5,0.0,0.0,3,20,True
300,0.4266666666666667,0.7766666666666666,0.16333333333333333,0.5133333333333333,58,6,scale_free,0.5,0.0,0.0,3,21,True
300,0.5,0.8466666666666667,0.15,0.64,78,5,scale_free,0.5,0.0,0.0,3,22,True
300,0.5433333333333333,0.8533333333333334,0.18333333333333332,0.59,78,5,scale_free,0.5,0.0,0.0,3,23,True
300,0.01,0.03,0.0,0.03,3,0,scale_free,0.5,0.0,0.0,3,24,False
300,0.48333333333333334,0.8366666666666667,0.08,0.6966666666666667,70,8,scale_free,0.5,0.0,0.0,3,25,True
300,0.5033333333333333,0.8566666666666667,0.29333333333333333,0.44333333333333336,79,5,scale_free,0.5,0.0,0.0,3,26,True
300,0.5033333333333333,0.8233333333333334,0.2733333333333333,0.4666666666666667,73,6,scale_free,0.5,0.0,0.0,3,27,True
300,0.38333333333333336,0.7766666666666666,0.12666666666666668,0.56,56,4,scale_free,0.5,0.0,0.0,3,28,True
300,0.52,0.8633333333333333,0.21666666666666667,0.56,77,5,scale_free,0.5,0.0,0.0,3,29,True
300,0.4866666666666667,0.8466666666666667,0.24666666666666667,0.48333333333333334,83,5,scale_free,0.525,0.0,0.0,3,0,True
300,0.31666666666666665,0.6133333333333333,0.09666666666666666,0.43333333333333335,37,6,scale_free,0.525,0.0,0.0,3,1,True
300,0.43666666666666665,0.8,0.21666666666666667,0.44333333333333336,48,5,scale_free,0.525,0.0,0.0,3,2,True
300,0.37,0.7633333333333333,0.10666666666666667,0.5766666666666667,53,5,scale_free,0.525,0.0,0.0,3,3,True
300,0.4666666666666667,0.8566666666666667,0.18,0.5933333333333334,68,5,scale_free,0.525,0.0,0.0,3,4,True
300,0.48333333333333334,0.8466666666666667,0.17666666666666667,0.5833333333333334,67,5,scale_free,0.525,0.0,0.0,3,5,True
300,0.3566666666666667,0.7033333333333334,0.12666666666666668,0.44333333333333336,42,5,scale_free,0.525,0.0,0.0,3,6,True
300,0.43666666666666665,0.7666666666666667,0.11333333333333333,0.55,66,6,scale_free,0.525,0.0,0.0,3,7,True
300,0.48333333333333334,0.8533333333333334,0.17,0.5966666666666667,80,5,scale_free,0.525,0.0,0.0,3,8,True
300,0.51,0.8366666666666667,0.16333333333333333,0.6033333333333334,82,5,scale_free,0.525,0.0,0.0,3,9,True
300,0.5733333333333334,0.9,0.19666666666666666,0.6433333333333333,90,5,scale_free,0.525,0.0,0.0,3,10,True
300,0.42,0.7633333333333333,0.18,0.46,61,6,scale_free,0.525,0.0,0.0,3,11,True
300,0.46,0.7733333333333333,0.15,0.5433333333333333,72,5,scale_free,0.525,0.0,0.0,3,12,True
300,0.48,0.82,0.24,0.5,67,5,scale_free,0.525,0.0,0.0,3,13,True
300,0.5233333333333333,0.8566666666666667,0.21333333333333335,0.5733333333333334,77,6,scale_free,0.525,0.0,0.0,3,14,True
300,0.5,0.8533333333333334,0.2633333333333333,0.51,73,5,scale_free,0.525,0.0,0.0,3,15,True
300,0.5566666666666666,0.9033333333333333,0.19666666666666666,0.63,87,4,scale_free,0.525,0.0,0.0,3,16,True
300,0.58,0.9066666666666666,0.24333333333333335,0.5733333333333334,83,5,scale_free,0.525,0.0,0.0,3,17,True
300,0.5,0.85,0.24333333333333335,0.5033333333333333,89,5,scale_free,0.525,0.0,0.0,3,18,True
300,0.44,0.8,0.25,0.4,37,6,scale_free,0.525,0.0,0.0,3,19,True
300,0.4633333333333333,0.8066666666666666,0.17,0.55,47,5,scale_free,0.525,0.0,0.0,3,20,True
300,0.37333333333333335,0.7266666666666667,0.18,0.44666666666666666,54,5,scale_free,0.525,0.0,0.0,3,21,True
300,0.5433333333333333,0.85,0.19333333333333333,0.5933333333333334,92,5,scale_free,0.525,0.0,0.0,3,22,True
300,0.5633333333333334,0.88,0.18666666666666668,0.6333333333333333,98,5,scale_free,0.525,0.0,0.0,3,23,True
300,0.48,0.8133333333333334,0.12,0.6266666666666667,70,7,scale_free,0.525,0.0,0.0,3,24,True
300,0.4866666666666667,0.84,0.14666666666666667,0.6166666666666667,72,7,scale_free,0.525,0.0,0.0,3,25,True
300,0.5733333333333334,0.89,0.35,0.41,80,5,scale_free,0.525,0.0,0.0,3,26,True
300,0.51,0.83,0.26666666666666666,0.47333333333333333,73,6,scale_free,0.525,0.0,0.0,3,27,True
300,0.44666666666666666,0.8,0.21333333333333335,0.47,66,5,scale_free,0.525,0.0,0.0,3,28,True
300,0.5266666666666666,0.8633333333333333,0.13666666666666666,0.6566666666666666,87,5,scale_free,0.525,0.0,0.0,3,29,True
300,0.5133333333333333,0.8633333333333333,0.2,0.57,81,5,scale_free,0.55,0.0,0.0,3,0,True
300,0.41333333333333333,0.7433333333333333,0.21666666666666667,0.4066666666666667,37,5,scale_free,0.55,0.0,0.0,3,1,True
300,0.48,0.8433333333333334,0.23333333333333334,0.49666666666666665,71,5,scale_free,0.55,0.0,0.0,3,2,True
300,0.4,0.7633333333333333,0.043333333333333335,0.6866666666666666,64,5,scale_free,0.55,0.0,0.0,3,3,True
300,0.48333333333333334,0.84,0.15333333333333332,0.6066666666666667,75,5,scale_free,0.55,0.0,0.0,3,4,True
300,0.5166666666666667,0.8233333333333334,0.26,0.49,74,5,scale_free,0.55,0.0,0.0,3,5,True
300,0.39,0.7033333333333334,0.09666666666666666,0.53,44,5,scale_free,0.55,0.0,0.0,3,6,True
300,0.45,0.77,0.10666666666666667,0.5833333333333334,67,6,scale_free,0.55,0.0,0.0,3,7,True
300,0.4666666666666667,0.83,0.15,0.5833333333333334,77,4,scale_free,0.55,0.0,0.0,3,8,True
300,0.5533333333333333,0.87,0.20333333333333334,0.5966666666666667,80,5,scale_free,0.55,0.0,0.0,3,9,True
300,0.61,0.9166666666666666,0.22333333333333333,0.63,96,6,scale_free,0.55,0.0,0.0,3,10,True
300,0.49666666666666665,0.7833333333333333,0.20333333333333334,0.5033333333333333,56,6,scale_free,0.55,0.0,0.0,3,11,True
300,0.51,0.8333333333333334,0.16,0.6,78,5,scale_free,0.55,0.0,0.0,3,12,True
300,0.4266666666666667,0.7633333333333333,0.17333333333333334,0.49333333333333335,59,4,scale_free,0.55,0.0,0.0,3,13,True
300,0.42333333333333334,0.73,0.12666666666666668,0.5433333333333333,64,5,scale_free,0.55,0.0,0.0,3,14,True
300,0.53,0.85,0.16,0.6566666666666666,91,5,scale_free,0.55,0.0,0.0,3,15,True
300,0.5566666666666666,0.8966666666666666,0.18,0.6566666666666666,88,4,scale_free,0.55,0.0,0.0,3,16,True
300,0.5366666666666666,0.9066666666666666,0.16,0.68,98,5,scale_free,0.55,0.0,0.0,3,17,True
300,0.54,0.89,0.11,0.7266666666666667,95,5,scale_free,0.55,0.0,0.0,3,18,True
300,0.5133333333333333,0.8433333333333334,0.15,0.62,77,5,scale_free,0.55,0.0,0.0,3,19,True
300,0.4,0.7166666666666667,0.14666666666666667,0.5066666666666667,44,4,scale_free,0.55,0.0,0.0,3,20,True
300,0.37666666666666665,0.7233333333333334,0.17,0.47,55,5,scale_free,0.55,0.0,0.0,3,21,True
300,0.4866666666666667,0.84,0.10333333333333333,0.7,83,5,scale_free,0.55,0.0,0.0,3,22,True
300,0.6033333333333334,0.9166666666666666,0.24,0.5866666666666667,103,5,scale_free,0.55,0.0,0.0,3,23,True
300,0.5066666666666667,0.8166666666666667,0.18333333333333332,0.5533333333333333,82,7,scale_free,0.55,0.0,0.0,3,24,True
300,0.4766666666666667,0.82,0.08333333333333333,0.6833333333333333,72,7,scale_free,0.55,0.0,0.0,3,25,True
300,0.57,0.8933333333333333,0.19,0.6466666666666666,105,5,scale_free,0.55,0.0,0.0,3,26,True
300,0.38333333333333336,0.6966666666666667,0.14666666666666667,0.5,50,4,scale_free,0.55,0.0,0.0,3,27,True
300,0.48,0.8166666666666667,0.2,0.5233333333333333,60,4,scale_free,0.55,0.0,0.0,3,28,True
300,0.4533333333333333,0.7966666666666666,0.13666666666666666,0.57,60,5,scale_free,0.55,0.0,0.0,3,29,True
300,0.52,0.8566666666666667,0.21333333333333335,0.5666666666666667,81,5,scale_free,0.575,0.0,0.0,3,0,True
300,0.48,0.8066666666666666,0.21,0.51,36,5,scale_free,0.575,0.0,0.0,3,1,True
300,0.51,0.8533333333333334,0.19333333333333333,0.5633333333333334,69,5,scale_free,0.575,0.0,0.0,3,2,True
300,0.41,0.7866666666666666,0.13666666666666666,0.6066666666666667,58,5,scale_free,0.575,0.0,0.0,3,3,True
300,0.5733333333333334,0.8633333333333333,0.2866666666666667,0.5133333333333333,81,5,scale_free,0.575,0.0,0.0,3,4,True
300,0.5266666666666666,0.8566666666666667,0.13,0.68,90,5,scale_free,0.575,0.0,0.0,3,5,True
300,0.43666666666666665,0.7266666666666667,0.15,0.5066666666666667,50,5,scale_free,0.575,0.0,0.0,3,6,True
300,0.4866666666666667,0.8233333333333334,0.19666666666666666,0.5333333333333333,75,6,scale_free,0.575,0.0,0.0,3,7,True
300,0.5433333333333333,0.8533333333333334,0.16333333333333333,0.64,92,4,scale_free,0.575,0.0,0.0,3,8,True
300,0.51,0.8366666666666667,0.15,0.64,88,5,scale_free,0.575,0.0,0.0,3,9,True
300,0.5166666666666667,0.8366666666666667,0.17,0.6033333333333334,88,5,scale_free,0.575,0.0,0.0,3,10,True
300,0.4666666666666667,0.7566666666666667,0.20666666666666667,0.48,62,5,scale_free,0.575,0.0,0.0,3,11,True
300,0.4766666666666667,0.7866666666666666,0.08666666666666667,0.65,73,5,scale_free,0.575,0.0,0.0,3,12,True
300,0.44,0.8033333333333333,0.18,0.52,66,5,scale_free,0.575,0.0,0.0,3,13,True
300,0.49666666666666665,0.8166666666666667,0.18333333333333332,0.5633333333333334,75,5,scale_free,0.575,0.0,0.0,3,14,True
300,0.4766666666666667,0.83,0.13666666666666666,0.61,69,4,scale_free,0.575,0.0,0.0,3,15,True
300,0.5466666666666666,0.8566666666666667,0.16,0.63,93,4,scale_free,0.575,0.0,0.0,3,16,True
300,0.5433333333333333,0.9033333333333333,0.11,0.7333333333333333,95,5,scale_free,0.575,0.0,0.0,3,17,True
300,0.5366666666666666,0.9,0.15,0.68,99,5,scale_free,0.575,0.0,0.0,3,18,True
300,0.5766666666666667,0.8666666666666667,0.21,0.6,81,5,scale_free,0.575,0.0,0.0,3,19,True
300,0.44333333333333336,0.7666666666666667,0.13666666666666666,0.5733333333333334,49,5,scale_free,0.575,0.0,0.0,3,20,True
300,0.4066666666666667,0.7,0.15,0.49333333333333335,54,6,scale_free,0.575,0.0,0.0,3,21,True
300,0.52,0.8733333333333333,0.07,0.7666666666666667,91,5,scale_free,0.575,0.0,0.0,3,22,True
300,0.5833333333333334,0.86,0.17,0.6433333333333333,100,5,scale_free,0.575,0.0,0.0,3,23,True
300,0.49,0.83,0.13666666666666666,0.6366666666666667,82,7,scale_free,0.575,0.0,0.0,3,24,True
300,0.58,0.88,0.20333333333333334,0.6,78,8,scale_free,0.575,0.0,0.0,3,25,True
300,0.5633333333333334,0.8666666666666667,0.13,0.7066666666666667,104,5,scale_free,0.575,0.0,0.0,3,26,True
300,0.5266666666666666,0.8566666666666667,0.1,0.7066666666666667,98,5,scale_free,0.575,0.0,0.0,3,27,True
300,0.43333333333333335,0.7866666666666666,0.1,0.5833333333333334,70,5,scale_free,0.575,0.0,0.0,3,28,True
300,0.5266666666666666,0.84,0.12,0.6333333333333333,95,5,scale_free,0.575,0.0,0.0,3,29,True
300,0.53,0.86,0.24333333333333335,0.54,85,5,scale_free,0.6,0.0,0.0,3,0,True
300,0.42,0.7033333333333334,0.18,0.43666666666666665,38,5,scale_free,0.6,0.0,0.0,3,1,True
300,0.48,0.8333333333333334,0.20666666666666667,0.5333333333333333,62,4,scale_free,0.6,0.0,0.0,3,2,True
300,0.43666666666666665,0.8133333333333334,0.15666666666666668,0.5933333333333334,54,4,scale_free,0.6,0.0,0.0,3,3,True
300,0.6066666666666667,0.8833333333333333,0.29333333333333333,0.5233333333333333,83,5,scale_free,0.6,0.0,0.0,3,4,True
300,0.52,0.8333333333333334,0.19,0.58,85,5,scale_free,0.6,0.0,0.0,3,5,True
300,0.4866666666666667,0.8033333333333333,0.18666666666666668,0.5466666666666666,55,6,scale_free,0.6,0.0,0.0,3,6,True
300,0.5433333333333333,0.87,0.20666666666666667,0.6133333333333333,70,6,scale_free,0.6,0.0,0.0,3,7,True
300,0.5666666666666667,0.89,0.25333333333333335,0.56,88,4,scale_free,0.6,0.0,0.0,3,8,True
300,0.5566666666666666,0.8933333333333333,0.15333333333333332,0.6933333333333334,97,5,scale_free,0.6,0.0,0.0,3,9,True
300,0.53,0.8233333333333334,0.09333333333333334,0.6766666666666666,77,5,scale_free,0.6,0.0,0.0,3,10,True
300,0.58,0.8666666666666667,0.20666666666666667,0.6066666666666667,69,5,scale_free,0.6,0.0,0.0,3,11,True
300,0.47333333333333333,0.81,0.12666666666666668,0.62,76,5,scale_free,0.6,0.0,0.0,3,12,True
300,0.46,0.8033333333333333,0.12666666666666668,0.6166666666666667,88,4,scale_free,0.6,0.0,0.0,3,13,True
300,0.5166666666666667,0.8166666666666667,0.15333333333333332,0.62,87,5,scale_free,0.6,0.0,0.0,3,14,True
300,0.52,0.83,0.12,0.6833333333333333,79,5,scale_free,0.6,0.0,0.0,3,15,True
300,0.5833333333333334,0.8933333333333333,0.18333333333333332,0.6566666666666666,105,4,scale_free,0.6,0.0,0.0,3,16,True
300,0.61,0.9166666666666666,0.26,0.58,101,5,scale_free,0.6,0.0,0.0,3,17,True
300,0.5833333333333334,0.9266666666666666,0.14666666666666667,0.7266666666666667,98,5,scale_free,0.6,0.0,0.0,3,18,True
300,0.58,0.86,0.22333333333333333,0.5666666666666667,82,5,scale_free,0.6,0.0,0.0,3,19,True
300,0.47,0.7733333333333333,0.18666666666666668,0.5133333333333333,50,5,scale_free,0.6,0.0,0.0,3,20,True
300,0.42,0.7166666666666667,0.11,0.54,59,5,scale_free,0.6,0.0,0.0,3,21,True
300,0.6,0.9,0.15333333333333332,0.69,112,5,scale_free,0.6,0.0,0.0,3,22,True
300,0.6033333333333334,0.8933333333333333,0.25333333333333335,0.6033333333333334,100,5,scale_free,0.6,0.0,0.0,3,23,True
300,0.5166666666666667,0.84,0.24,0.5166666666666667,70,8,scale_free,0.6,0.0,0.0,3,24,True
300,0.48333333333333334,0.7933333333333333,0.12666666666666668,0.6166666666666667,72,7,scale_free,0.6,0.0,0.0,3,25,True
300,0.5833333333333334,0.8766666666666667,0.17666666666666667,0.65,97,5,scale_free,0.6,0.0,0.0,3,26,True
300,0.49666666666666665,0.8033333333333333,0.17666666666666667,0.5533333333333333,82,5,scale_free,0.6,0.0,0.0,3,27,True
300,0.48333333333333334,0.79,0.14,0.59,75,5,scale_free,0.6,0.0,0.0,3,28,True
300,0.59,0.89,0.14333333333333334,0.7133333333333334,107,5,scale_free,0.6,0.0,0.0,3,29,True
300,0.013333333333333334,0.06666666666666667,0.006666666666666667,0.02,3,0,small_world,0.05,0.0,0.0,3,0,False
300,0.01,0.04,0.006666666666666667,0.013333333333333334,3,0,small_world,0.05,0.0,0.0,3,1,False
300,0.02,0.08,0.01,0.03,5,1,small_world,0.05,0.0,0.0,3,2,False
300,0.01,0.05,0.006666666666666667,0.013333333333333334,3,0,small_world,0.05,0.0,0.0,3,3,False
300,0.01,0.05,0.01,0.0,3,0,small_world,0.05,0.0,0.0,3,4,False
300,0.016666666666666666,0.06333333333333334,0.01,0.016666666666666666,3,0,small_world,0.05,0.0,0.0,3,5,False
300,0.016666666666666666,0.07,0.006666666666666667,0.03,5,2,small_world,0.05,0.0,0.0,3,6,False
300,0.01,0.043333333333333335,0.006666666666666667,0.006666666666666667,3,0,small_world,0.05,0.0,0.0,3,7,False
300,0.016666666666666666,0.07666666666666666,0.016666666666666666,0.0,3,0,small_world,0.05,0.0,0.0,3,8,False
300,0.013333333333333334,0.056666666666666664,0.0033333333333333335,0.03333333333333333,3,0,small_world,0.05,0.0,0.0,3,9,False
300,0.01,0.03666666666666667,0.0033333333333333335,0.01,3,0,small_world,0.05,0.0,0.0,3,10,False
300,0.016666666666666666,0.08666666666666667,0.01,0.016666666666666666,4,2,small_world,0.05,0.0,0.0,3,11,False
300,0.016666666666666666,0.06,0.01,0.023333333333333334,4,1,small_world,0.05,0.0,0.0,3,12,False
300,0.013333333333333334,0.05,0.01,0.016666666666666666,3,0,small_world,0.05,0.0,0.0,3,13,False
300,0.013333333333333334,0.06,0.01,0.02,4,2,small_world,0.05,0.0,0.0,3,14,False
300,0.02666666666666667,0.09666666666666666,0.02,0.02,5,2,small_world,0.05,0.0,0.0,3,15,False
300,0.01,0.056666666666666664,0.0033333333333333335,0.02666666666666667,3,0,small_world,0.05,0.0,0.0,3,16,False
300,0.013333333333333334,0.07,0.013333333333333334,0.0,4,1,small_world,0.05,0.0,0.0,3,17,False
300,0.016666666666666666,0.07333333333333333,0.013333333333333334,0.013333333333333334,4,1,small_world,0.05,0.0,0.0,3,18,False
300,0.013333333333333334,0.05333333333333334,0.006666666666666667,0.03333333333333333,4,1,small_world,0.05,0.0,0.0,3,19,False
300,0.016666666666666666,0.06,0.013333333333333334,0.013333333333333334,4,2,small_world,0.05,0.0,0.0,3,20,False
300,0.01,0.05,0.006666666666666667,0.01,3,0,small_world,0.05,0.0,0.0,3,21,False
300,0.013333333333333334,0.06333333333333334,0.01,0.01,4,1,small_world,0.05,0.0,0.0,3,22,False
300,0.01,0.05,0.006666666666666667,0.01,3,0,small_world,0.05,0.0,0.0,3,23,False
300,0.013333333333333334,0.05333333333333334,0.006666666666666667,0.02666666666666667,4,2,small_world,0.05,0.0,0.0,3,24,False
300,0.016666666666666666,0.06666666666666667,0.0033333333333333335,0.03,4,1,small_world,0.05,0.0,0.0,3,25,False
300,0.013333333333333334,0.07,0.01,0.01,3,0,small_world,0.05,0.0,0.0,3,26,False
300,0.016666666666666666,0.08666666666666667,0.016666666666666666,0.0,5,2,small_world,0.05,0.0,0.0,3,27,False
300,0.016666666666666666,0.08666666666666667,0.013333333333333334,0.023333333333333334,3,0,small_world,0.05,0.0,0.0,3,28,False
300,0.016666666666666666,0.08666666666666667,0.013333333333333334,0.03333333333333333,4,1,small_world,0.05,0.0,0.0,3,29,False
300,0.02,0.08666666666666667,0.0033333333333333335,0.06,4,2,small_world,0.075,0.0,0.0,3,0,False
300,0.01,0.04,0.006666666666666667,0.013333333333333334,3,0,small_world,0.075,0.0,0.0,3,1,False
300,0.043333333333333335,0.12333333333333334,0.02666666666666667,0.02666666666666667,8,5,small_world,0.075,0.0,0.0,3,2,False
300,0.016666666666666666,0.06666666666666667,0.013333333333333334,0.02,3,0,small_world,0.075,0.0,0.0,3,3,False
300,0.013333333333333334,0.06,0.013333333333333334,0.0,3,0,small_world,0.075,0.0,0.0,3,4,False
300,0.03,0.07,0.023333333333333334,0.013333333333333334,5,4,small_world,0.075,0.0,0.0,3,5,False
300,0.016666666666666666,0.07,0.006666666666666667,0.03,5,2,small_world,0.075,0.0,0.0,3,6,False
300,0.013333333333333334,0.05333333333333334,0.013333333333333334,0.006666666666666667,3,0,small_world,0.075,0.0,0.0,3,7,False
300,0.016666666666666666,0.07666666666666666,0.016666666666666666,0.0,3,0,small_world,0.075,0.0,0.0,3,8,False
300,0.016666666666666666,0.06666666666666667,0.0033333333333333335,0.04,3,0,small_world,0.075,0.0,0.0,3,9,False
300,0.01,0.03666666666666667,0.0033333333333333335,0.01,3,0,small_world,0.075,0.0,0.0,3,10,False
300,0.023333333333333334,0.09,0.016666666666666666,0.016666666666666666,4,2,small_world,0.075,0.0,0.0,3,11,False
300,0.02,0.07333333333333333,0.013333333333333334,0.02666666666666667,4,1,small_world,0.075,0.0,0.0,3,12,False
300,0.013333333333333334,0.05,0.01,0.016666666666666666,3,0,small_world,0.075,0.0,0.0,3,13,False
300,0.016666666666666666,0.06333333333333334,0.01,0.03333333333333333,4,2,small_world,0.075,0.0,0.0,3,14,False
300,0.02666666666666667,0.09666666666666666,0.02,0.02,5,2,small_world,0.075,0.0,0.0,3,15,False
300,0.02,0.07666666666666666,0.016666666666666666,0.03,3,0,small_world,0.075,0.0,0.0,3,16,False
300,0.013333333333333334,0.07,0.013333333333333334,0.0,4,1,small_world,0.075,0.0,0.0,3,17,False
300,0.016666666666666666,0.07666666666666666,0.013333333333333334,0.013333333333333334,5,1,small_world,0.075,0.0,0.0,3,18,False
300,0.013333333333333334,0.05333333333333334,0.006666666666666667,0.03333333333333333,4,1,small_world,0.075,0.0,0.0,3,19,False
300,0.023333333333333334,0.08666666666666667,0.02,0.023333333333333334,5,2,small_world,0.075,0.0,0.0,3,20,False
300,0.01,0.05,0.006666666666666667,0.01,3,0,small_world,0.075,0.0,0.0,3,21,False
300,0.013333333333333334,0.06333333333333334,0.01,0.01,4,1,small_world,0.075,0.0,0.0,3,22,False
300,0.01,0.05,0.006666666666666667,0.01,3,0,small_world,0.075,0.0,0.0,3,23,False
300,0.013333333333333334,0.05333333333333334,0.006666666666666667,0.02666666666666667,4,2,small_world,0.075,0.0,0.0,3,24,False
300,0.016666666666666666,0.06666666666666667,0.0033333333333333335,0.03,4,1,small_world,0.075,0.0,0.0,3,25,False
300,0.013333333333333334,0.056666666666666664,0.006666666666666667,0.02,4,1,small_world,0.075,0.0,0.0,3,26,False
300,0.016666666666666666,0.08666666666666667,0.016666666666666666,0.0,5,2,small_world,0.075,0.0,0.0,3,27,False
300,0.03,0.11666666666666667,0.023333333333333334,0.04,4,2,small_world,0.075,0.0,0.0,3,28,False
300,0.02,0.10333333333333333,0.013333333333333334,0.04666666666666667,4,1,small_world,0.075,0.0,0.0,3,29,False
300,0.02,0.08666666666666667,0.0033333333333333335,0.06,4,2,small_world,0.1,0.0,0.0,3,0,False
300,0.013333333333333334,0.056666666666666664,0.006666666666666667,0.02,4,1,small_world,0.1,0.0,0.0,3,1,False
300,0.04666666666666667,0.14,0.023333333333333334,0.04,8,5,small_world,0.1,0.0,0.0,3,2,False
300,0.02666666666666667,0.08666666666666667,0.016666666666666666,0.02666666666666667,3,0,small_world,0.1,0.0,0.0,3,3,False
300,0.016666666666666666,0.06333333333333334,0.01,0.013333333333333334,3,0,small_world,0.1,0.0,0.0,3,4,False
300,0.03,0.07,0.023333333333333334,0.013333333333333334,5,4,small_world,0.1,0.0,0.0,3,5,False
300,0.023333333333333334,0.08666666666666667,0.016666666666666666,0.02666666666666667,5,2,small_world,0.1,0.0,0.0,3,6,False
300,0.013333333333333334,0.05333333333333334,0.013333333333333334,0.006666666666666667,3,0,small_world,0.1,0.0,0.0,3,7,False
300,0.016666666666666666,0.07666666666666666,0.016666666666666666,0.0,3,0,small_world,0.1,0.0,0.0,3,8,False
300,0.02,0.07,0.006666666666666667,0.03,4,2,small_world,0.1,0.0,0.0,3,9,False
300,0.02,0.04666666666666667,0.013333333333333334,0.01,4,1,small_world,0.1,0.0,0.0,3,10,False
300,0.023333333333333334,0.10333333333333333,0.016666666666666666,0.016666666666666666,4,2,small_world,0.1,0.0,0.0,3,11,False
300,0.02,0.07333333333333333,0.013333333333333334,0.02666666666666667,4,1,small_world,0.1,0.0,0.0,3,12,False
300,0.02,0.07666666666666666,0.02,0.013333333333333334,4,1,small_world,0.1,0.0,0.0,3,13,False
300,0.016666666666666666,0.06333333333333334,0.01,0.03333333333333333,4,2,small_world,0.1,0.0,0.0,3,14,False
300,0.03,0.10333333333333333,0.023333333333333334,0.013333333333333334,5,2,small_world,0.1,0.0,0.0,3,15,False
300,0.016666666666666666,0.07333333333333333,0.006666666666666667,0.02666666666666667,4,1,small_world,0.1,0.0,0.0,3,16,False
300,0.016666666666666666,0.07666666666666666,0.013333333333333334,0.01,4,1,small_world,0.1,0.0,0.0,3,17,False
300,0.02666666666666667,0.08666666666666667,0.006666666666666667,0.043333333333333335,5,1,small_world,0.1,0.0,0.0,3,18,False
300,0.013333333333333334,0.05333333333333334,0.006666666666666667,0.03333333333333333,4,1,small_world,0.1,0.0,0.0,3,19,False
300,0.023333333333333334,0.08666666666666667,0.02,0.023333333333333334,5,2,small_world,0.1,0.0,0.0,3,20,False
300,0.01,0.05,0.006666666666666667,0.01,3,0,small_world,0.1,0.0,0.0,3,21,False
300,0.016666666666666666,0.06,0.01,0.013333333333333334,5,1,small_world,0.1,0.0,0.0,3,22,False
300,0.01,0.05,0.006666666666666667,0.01,3,0,small_world,0.1,0.0,0.0,3,23,False
300,0.02,0.08333333333333333,0.006666666666666667,0.03666666666666667,5,2,small_world,0.1,0.0,0.0,3,24,False
300,0.016666666666666666,0.06666666666666667,0.0033333333333333335,0.03,4,1,small_world,0.1,0.0,0.0,3,25,False
300,0.03333333333333333,0.08666666666666667,0.02666666666666667,0.02,6,1,small_world,0.1,0.0,0.0,3,26,False
300,0.023333333333333334,0.09333333333333334,0.023333333333333334,0.0,5,2,small_world,0.1,0.0,0.0,3,27,False
300,0.03,0.11666666666666667,0.023333333333333334,0.04,4,2,small_world,0.1,0.0,0.0,3,28,False
300,0.02666666666666667,0.10666666666666667,0.02,0.02666666666666667,5,2,small_world,0.1,0.0,0.0,3,29,False
300,0.02,0.08666666666666667,0.0033333333333333335,0.06,4,2,small_world,0.125,0.0,0.0,3,0,False
300,0.016666666666666666,0.056666666666666664,0.006666666666666667,0.03,5,1,small_world,0.125,0.0,0.0,3,1,False
300,0.05,0.15,0.02666666666666667,0.04,8,5,small_world,0.125,0.0,0.0,3,2,False
300,0.02,0.07,0.013333333333333334,0.016666666666666666,4,2,small_world,0.125,0.0,0.0,3,3,False
300,0.016666666666666666,0.06333333333333334,0.01,0.013333333333333334,3,0,small_world,0.125,0.0,0.0,3,4,False
300,0.03333333333333333,0.07333333333333333,0.02666666666666667,0.023333333333333334,5,4,small_world,0.125,0.0,0.0,3,5,False
300,0.023333333333333334,0.08666666666666667,0.016666666666666666,0.02666666666666667,5,2,small_world,0.125,0.0,0.0,3,6,False
300,0.023333333333333334,0.06666666666666667,0.023333333333333334,0.0033333333333333335,4,5,small_world,0.125,0.0,0.0,3,7,False
300,0.016666666666666666,0.07666666666666666,0.016666666666666666,0.0,3,0,small_world,0.125,0.0,0.0,3,8,False
300,0.02,0.07,0.006666666666666667,0.03,4,2,small_world,0.125,0.0,0.0,3,9,False
300,0.02,0.04666666666666667,0.013333333333333334,0.01,4,1,small_world,0.125,0.0,0.0,3,10,False
300,0.02666666666666667,0.09,0.013333333333333334,0.02666666666666667,4,2,small_world,0.125,0.0,0.0,3,11,False
300,0.02,0.07333333333333333,0.013333333333333334,0.02666666666666667,4,1,small_world,0.125,0.0,0.0,3,12,False
300,0.02666666666666667,0.09333333333333334,0.013333333333333334,0.03333333333333333,4,1,small_world,0.125,0.0,0.0,3,13,False
300,0.02,0.07,0.013333333333333334,0.03666666666666667,4,2,small_world,0.125,0.0,0.0,3,14,False
300,0.03,0.10333333333333333,0.023333333333333334,0.013333333333333334,5,2,small_world,0.125,0.0,0.0,3,15,False
300,0.023333333333333334,0.07666666666666666,0.016666666666666666,0.03,5,1,small_world,0.125,0.0,0.0,3,16,False
300,0.016666666666666666,0.07666666666666666,0.013333333333333334,0.01,4,1,small_world,0.125,0.0,0.0,3,17,False
300,0.03666666666666667,0.12333333333333334,0.02,0.05333333333333334,6,2,small_world,0.125,0.0,0.0,3,18,False
300,0.013333333333333334,0.05333333333333334,0.006666666666666667,0.03333333333333333,4,1,small_world,0.125,0.0,0.0,3,19,False
300,0.023333333333333334,0.08666666666666667,0.02,0.023333333333333334,5,2,small_world,0.125,0.0,0.0,3,20,False
300,0.01,0.05,0.006666666666666667,0.01,3,0,small_world,0.125,0.0,0.0,3,21,False
300,0.02,0.07333333333333333,0.013333333333333334,0.013333333333333334,5,1,small_world,0.125,0.0,0.0,3,22,False
300,0.03,0.08666666666666667,0.02,0.023333333333333334,4,2,small_world,0.125,0.0,0.0,3,23,False
300,0.03,0.10333333333333333,0.016666666666666666,0.03333333333333333,6,2,small_world,0.125,0.0,0.0,3,24,False
300,0.016666666666666666,0.06666666666666667,0.0033333333333333335,0.03,4,1,small_world,0.125,0.0,0.0,3,25,False
300,0.03333333333333333,0.08666666666666667,0.016666666666666666,0.03,6,1,small_world,0.125,0.0,0.0,3,26,False
300,0.02666666666666667,0.1,0.02666666666666667,0.0,5,2,small_world,0.125,0.0,0.0,3,27,False
300,0.03,0.12,0.016666666666666666,0.05,5,2,small_world,0.125,0.0,0.0,3,28,False
300,0.03,0.12,0.023333333333333334,0.02666666666666667,5,2,small_world,0.125,0.0,0.0,3,29,False
300,0.03,0.09666666666666666,0.01,0.05,5,2,small_world,0.15,0.0,0.0,3,0,False
300,0.016666666666666666,0.056666666666666664,0.006666666666666667,0.03,5,1,small_world,0.15,0.0,0.0,3,1,False
300,0.05,0.15,0.02666666666666667,0.04,8,5,small_world,0.15,0.0,0.0,3,2,False
300,0.02,0.07,0.013333333333333334,0.016666666666666666,4,2,small_world,0.15,0.0,0.0,3,3,False
300,0.016666666666666666,0.06333333333333334,0.01,0.013333333333333334,3,0,small_world,0.15,0.0,0.0,3,4,False
300,0.03666666666666667,0.09666666666666666,0.02666666666666667,0.023333333333333334,5,4,small_world,0.15,0.0,0.0,3,5,False
300,0.023333333333333334,0.08666666666666667,0.016666666666666666,0.02666666666666667,5,2,small_world,0.15,0.0,0.0,3,6,False
300,0.023333333333333334,0.06666666666666667,0.023333333333333334,0.0033333333333333335,4,5,small_world,0.15,0.0,0.0,3,7,False
300,0.02666666666666667,0.08666666666666667,0.023333333333333334,0.006666666666666667,3,0,small_world,0.15,0.0,0.0,3,8,False
300,0.02,0.07,0.006666666666666667,0.03,4,2,small_world,0.15,0.0,0.0,3,9,False
300,0.02,0.04666666666666667,0.013333333333333334,0.01,4,1,small_world,0.15,0.0,0.0,3,10,False
300,0.04666666666666667,0.13333333333333333,0.03,0.04666666666666667,8,3,small_world,0.15,0.0,0.0,3,11,False
300,0.02,0.07333333333333333,0.013333333333333334,0.02666666666666667,4,1,small_world,0.15,0.0,0.0,3,12,False
300,0.043333333333333335,0.10333333333333333,0.03333333333333333,0.02,5,1,small_world,0.15,0.0,0.0,3,13,False
300,0.02,0.07,0.013333333333333334,0.03666666666666667,4,2,small_world,0.15,0.0,0.0,3,14,False
300,0.02,0.07666666666666666,0.01,0.02666666666666667,6,2,small_world,0.15,0.0,0.0,3,15,False
300,0.023333333333333334,0.07666666666666666,0.016666666666666666,0.03,5,1,small_world,0.15,0.0,0.0,3,16,False
300,0.016666666666666666,0.07666666666666666,0.013333333333333334,0.01,4,1,small_world,0.15,0.0,0.0,3,17,False
300,0.07,0.18333333333333332,0.04,0.07666666666666666,6,2,small_world,0.15,0.0,0.0,3,18,False
300,0.013333333333333334,0.05333333333333334,0.006666666666666667,0.03333333333333333,4,1,small_world,0.15,0.0,0.0,3,19,False
300,0.05333333333333334,0.16333333333333333,0.02,0.09666666666666666,6,2,small_world,0.15,0.0,0.0,3,20,False
300,0.01,0.05,0.006666666666666667,0.01,3,0,small_world,0.15,0.0,0.0,3,21,False
300,0.02,0.07333333333333333,0.013333333333333334,0.013333333333333334,5,1,small_world,0.15,0.0,0.0,3,22,False
300,0.03,0.08666666666666667,0.02,0.023333333333333334,4,2,small_world,0.15,0.0,0.0,3,23,False
300,0.03666666666666667,0.13,0.02666666666666667,0.03666666666666667,7,2,small_world,0.15,0.0,0.0,3,24,False
300,0.016666666666666666,0.06666666666666667,0.0033333333333333335,0.03,4,1,small_world,0.15,0.0,0.0,3,25,False
300,0.03666666666666667,0.09333333333333334,0.03,0.02,6,1,small_world,0.15,0.0,0.0,3,26,False
300,0.03,0.1,0.02666666666666667,0.01,5,2,small_world,0.15,0.0,0.0,3,27,False
300,0.05333333333333334,0.16333333333333333,0.03,0.07,7,4,small_world,0.15,0.0,0.0,3,28,False
300,0.03333333333333333,0.12,0.02,0.04666666666666667,5,2,small_world,0.15,0.0,0.0,3,29,False
300,0.02666666666666667,0.08666666666666667,0.016666666666666666,0.03,5,2,small_world,0.175,0.0,0.0,3,0,False
300,0.016666666666666666,0.056666666666666664,0.006666666666666667,0.03,5,1,small_world,0.175,0.0,0.0,3,1,False
300,0.06333333333333334,0.17666666666666667,0.056666666666666664,0.03,10,5,small_world,0.175,0.0,0.0,3,2,False
300,0.03,0.08333333333333333,0.023333333333333334,0.016666666666666666,4,2,small_world,0.175,0.0,0.0,3,3,False
300,0.03,0.07666666666666666,0.02,0.023333333333333334,5,4,small_world,0.175,0.0,0.0,3,4,False
300,0.03666666666666667,0.09666666666666666,0.02666666666666667,0.023333333333333334,5,4,small_world,0.175,0.0,0.0,3,5,False
300,0.023333333333333334,0.08666666666666667,0.016666666666666666,0.02666666666666667,5,2,small_world,0.175,0.0,0.0,3,6,False
300,0.03,0.10333333333333333,0.02666666666666667,0.01,5,5,small_world,0.175,0.0,0.0,3,7,False
300,0.02,0.08666666666666667,0.013333333333333334,0.023333333333333334,5,2,small_world,0.175,0.0,0.0,3,8,False
300,0.02,0.07,0.006666666666666667,0.03,4,2,small_world,0.175,0.0,0.0,3,9,False
300,0.02666666666666667,0.05333333333333334,0.02,0.01,4,1,small_world,0.175,0.0,0.0,3,10,False
300,0.04666666666666667,0.13333333333333333,0.02666666666666667,0.05333333333333334,8,3,small_world,0.175,0.0,0.0,3,11,False
300,0.02666666666666667,0.07666666666666666,0.013333333333333334,0.02666666666666667,5,2,small_world,0.175,0.0,0.0,3,12,False
300,0.043333333333333335,0.10333333333333333,0.03333333333333333,0.02,5,1,small_world,0.175,0.0,0.0,3,13,False
300,0.023333333333333334,0.07333333333333333,0.016666666666666666,0.03333333333333333,4,2,small_world,0.175,0.0,0.0,3,14,False
300,0.08333333333333333,0.21666666666666667,0.06,0.056666666666666664,6,2,small_world,0.175,0.0,0.0,3,15,False
300,0.023333333333333334,0.07333333333333333,0.01,0.04,6,2,small_world,0.175,0.0,0.0,3,16,False
300,0.016666666666666666,0.07666666666666666,0.013333333333333334,0.01,4,1,small_world,0.175,0.0,0.0,3,17,False
300,0.07,0.18666666666666668,0.043333333333333335,0.06333333333333334,6,2,small_world,0.175,0.0,0.0,3,18,False
300,0.03,0.08666666666666667,0.016666666666666666,0.05,5,1,small_world,0.175,0.0,0.0,3,19,False
300,0.04666666666666667,0.10333333333333333,0.04,0.02666666666666667,7,2,small_world,0.175,0.0,0.0,3,20,False
300,0.03666666666666667,0.13333333333333333,0.016666666666666666,0.06666666666666667,4,1,small_world,0.175,0.0,0.0,3,21,False
300,0.023333333333333334,0.07,0.013333333333333334,0.02666666666666667,6,1,small_world,0.175,0.0,0.0,3,22,False
300,0.03333333333333333,0.09333333333333334,0.01,0.04666666666666667,4,2,small_world,0.175,0.0,0.0,3,23,False
300,0.03666666666666667,0.12333333333333334,0.03,0.03666666666666667,8,2,small_world,0.175,0.0,0.0,3,24,False
300,0.06666666666666667,0.17,0.023333333333333334,0.09333333333333334,5,2,small_world,0.175,0.0,0.0,3,25,False
300,0.03666666666666667,0.09666666666666666,0.03,0.02,7,3,small_world,0.175,0.0,0.0,3,26,False
300,0.03666666666666667,0.12333333333333334,0.016666666666666666,0.05,6,2,small_world,0.175,0.0,0.0,3,27,False
300,0.05333333333333334,0.16,0.02666666666666667,0.08333333333333333,7,4,small_world,0.175,0.0,0.0,3,28,False
300,0.03333333333333333,0.12,0.02,0.04666666666666667,5,2,small_world,0.175,0.0,0.0,3,29,False
300,0.02,0.07666666666666666,0.013333333333333334,0.03666666666666667,6,2,small_world,0.2,0.0,0.0,3,0,False
300,0.016666666666666666,0.056666666666666664,0.006666666666666667,0.03,5,1,small_world,0.2,0.0,0.0,3,1,False
300,0.07666666666666666,0.19,0.056666666666666664,0.05333333333333334,10,5,small_world,0.2,0.0,0.0,3,2,False
300,0.07333333333333333,0.20666666666666667,0.023333333333333334,0.11333333333333333,6,7,small_world,0.2,0.0,0.0,3,3,False
300,0.03,0.07666666666666666,0.02,0.023333333333333334,5,4,small_world,0.2,0.0,0.0,3,4,False
300,0.03666666666666667,0.09666666666666666,0.02666666666666667,0.023333333333333334,5,4,small_world,0.2,0.0,0.0,3,5,False
300,0.023333333333333334,0.08666666666666667,0.016666666666666666,0.02666666666666667,5,2,small_world,0.2,0.0,0.0,3,6,False
300,0.03,0.10666666666666667,0.023333333333333334,0.016666666666666666,5,2,small_world,0.2,0.0,0.0,3,7,False
300,0.02666666666666667,0.09666666666666666,0.013333333333333334,0.03,5,2,small_world,0.2,0.0,0.0,3,8,False
300,0.02,0.07,0.006666666666666667,0.03,4,2,small_world,0.2,0.0,0.0,3,9,False
300,0.02666666666666667,0.05333333333333334,0.02,0.01,4,1,small_world,0.2,0.0,0.0,3,10,False
300,0.12333333333333334,0.25,0.08,0.1,15,5,small_world,0.2,0.0,0.0,3,11,False
300,0.04,0.11,0.023333333333333334,0.02666666666666667,8,2,small_world,0.2,0.0,0.0,3,12,False
300,0.043333333333333335,0.10333333333333333,0.03333333333333333,0.02,5,1,small_world,0.2,0.0,0.0,3,13,False
300,0.04666666666666667,0.11,0.03,0.04666666666666667,6,6,small_world,0.2,0.0,0.0,3,14,False
300,0.09,0.24333333333333335,0.04666666666666667,0.10333333333333333,9,15,small_world,0.2,0.0,0.0,3,15,False
300,0.023333333333333334,0.07333333333333333,0.01,0.04,6,2,small_world,0.2,0.0,0.0,3,16,False
300,0.016666666666666666,0.07666666666666666,0.01,0.02666666666666667,4,1,small_world,0.2,0.0,0.0,3,17,False
300,0.10333333333333333,0.25333333333333335,0.06333333333333334,0.10666666666666667,8,11,small_world,0.2,0.0,0.0,3,18,False
300,0.03333333333333333,0.08666666666666667,0.016666666666666666,0.04666666666666667,6,1,small_world,0.2,0.0,0.0,3,19,False
300,0.04666666666666667,0.10333333333333333,0.04,0.02666666666666667,7,2,small_world,0.2,0.0,0.0,3,20,False
300,0.06666666666666667,0.19,0.043333333333333335,0.07333333333333333,5,14,small_world,0.2,0.0,0.0,3,21,False
300,0.023333333333333334,0.07,0.013333333333333334,0.02666666666666667,6,1,small_world,0.2,0.0,0.0,3,22,False
300,0.03,0.08333333333333333,0.02666666666666667,0.02,4,2,small_world,0.2,0.0,0.0,3,23,False
300,0.043333333333333335,0.12666666666666668,0.03666666666666667,0.013333333333333334,8,2,small_world,0.2,0.0,0.0,3,24,False
300,0.04,0.08666666666666667,0.023333333333333334,0.03666666666666667,5,2,small_world,0.2,0.0,0.0,3,25,False
300,0.06666666666666667,0.15,0.03333333333333333,0.05,8,3,small_world,0.2,0.0,0.0,3,26,False
300,0.06,0.16666666666666666,0.03,0.07666666666666666,6,2,small_world,0.2,0.0,0.0,3,27,False
300,0.056666666666666664,0.16,0.023333333333333334,0.09,7,4,small_world,0.2,0.0,0.0,3,28,False
300,0.043333333333333335,0.14333333333333334,0.02,0.07333333333333333,6,4,small_world,0.2,0.0,0.0,3,29,False
300,0.04666666666666667,0.10666666666666667,0.03666666666666667,0.04,8,4,small_world,0.225,0.0,0.0,3,0,False
300,0.04666666666666667,0.14,0.03333333333333333,0.04666666666666667,6,1,small_world,0.225,0.0,0.0,3,1,False
300,0.07666666666666666,0.19,0.056666666666666664,0.05333333333333334,10,5,small_world,0.225,0.0,0.0,3,2,False
300,0.06333333333333334,0.18666666666666668,0.01,0.13333333333333333,6,7,small_world,0.225,0.0,0.0,3,3,False
300,0.04,0.08,0.016666666666666666,0.03666666666666667,7,3,small_world,0.225,0.0,0.0,3,4,False
300,0.03333333333333333,0.08666666666666667,0.023333333333333334,0.02666666666666667,4,3,small_world,0.225,0.0,0.0,3,5,False
300,0.023333333333333334,0.08666666666666667,0.016666666666666666,0.02666666666666667,5,2,small_world,0.225,0.0,0.0,3,6,False
300,0.03,0.10666666666666667,0.023333333333333334,0.016666666666666666,5,2,small_world,0.225,0.0,0.0,3,7,False
300,0.05,0.12666666666666668,0.016666666666666666,0.06333333333333334,7,3,small_world,0.225,0.0,0.0,3,8,False
300,0.03333333333333333,0.11333333333333333,0.023333333333333334,0.05,5,2,small_world,0.225,0.0,0.0,3,9,False
300,0.02666666666666667,0.05333333333333334,0.02,0.01,4,1,small_world,0.225,0.0,0.0,3,10,False
300,0.08666666666666667,0.20333333333333334,0.06666666666666667,0.03666666666666667,9,3,small_world,0.225,0.0,0.0,3,11,False
300,0.07333333333333333,0.20666666666666667,0.04,0.07666666666666666,9,2,small_world,0.225,0.0,0.0,3,12,False
300,0.07,0.19666666666666666,0.03333333333333333,0.08333333333333333,7,7,small_world,0.225,0.0,0.0,3,13,False
300,0.043333333333333335,0.09333333333333334,0.04,0.023333333333333334,7,6,small_world,0.225,0.0,0.0,3,14,False
300,0.10666666666666667,0.28,0.06333333333333334,0.10666666666666667,10,15,small_world,0.225,0.0,0.0,3,15,False
300,0.023333333333333334,0.07333333333333333,0.01,0.04,6,2,small_world,0.225,0.0,0.0,3,16,False
300,0.016666666666666666,0.07666666666666666,0.01,0.02666666666666667,4,1,small_world,0.225,0.0,0.0,3,17,False
300,0.12333333333333334,0.30333333333333334,0.06,0.16333333333333333,10,8,small_world,0.225,0.0,0.0,3,18,False
300,0.02666666666666667,0.06666666666666667,0.02,0.02,6,1,small_world,0.225,0.0,0.0,3,19,False
300,0.04666666666666667,0.10333333333333333,0.04,0.02666666666666667,7,2,small_world,0.225,0.0,0.0,3,20,False
300,0.06,0.18666666666666668,0.04,0.06666666666666667,6,13,small_world,0.225,0.0,0.0,3,21,False
300,0.023333333333333334,0.07,0.013333333333333334,0.02666666666666667,6,1,small_world,0.225,0.0,0.0,3,22,False
300,0.03,0.08333333333333333,0.02666666666666667,0.02,4,2,small_world,0.225,0.0,0.0,3,23,False
300,0.08,0.19666666666666666,0.06,0.04666666666666667,8,2,small_world,0.225,0.0,0.0,3,24,False
300,0.04,0.08666666666666667,0.023333333333333334,0.03666666666666667,5,2,small_world,0.225,0.0,0.0,3,25,False
300,0.043333333333333335,0.10333333333333333,0.02666666666666667,0.03666666666666667,9,3,small_world,0.225,0.0,0.0,3,26,False
300,0.03666666666666667,0.11666666666666667,0.023333333333333334,0.04666666666666667,6,2,small_world,0.225,0.0,0.0,3,27,False
300,0.09333333333333334,0.21666666666666667,0.03666666666666667,0.12333333333333334,8,6,small_world,0.225,0.0,0.0,3,28,False
300,0.10666666666666667,0.3,0.07333333333333333,0.09666666666666666,7,11,small_world,0.225,0.0,0.0,3,29,False
300,0.06333333333333334,0.15333333333333332,0.04,0.07,9,4,small_world,0.25,0.0,0.0,3,0,False
300,0.06,0.15,0.05333333333333334,0.03333333333333333,6,1,small_world,0.25,0.0,0.0,3,1,False
300,0.08666666666666667,0.24666666666666667,0.056666666666666664,0.09,13,5,small_world,0.25,0.0,0.0,3,2,False
300,0.06333333333333334,0.18666666666666668,0.01,0.13333333333333333,6,7,small_world,0.25,0.0,0.0,3,3,False
300,0.05333333333333334,0.10333333333333333,0.023333333333333334,0.05333333333333334,10,4,small_world,0.25,0.0,0.0,3,4,False
300,0.03666666666666667,0.1,0.016666666666666666,0.06,4,3,small_world,0.25,0.0,0.0,3,5,False
300,0.04666666666666667,0.17,0.03333333333333333,0.02666666666666667,8,2,small_world,0.25,0.0,0.0,3,6,False
300,0.06666666666666667,0.19666666666666666,0.04,0.07,5,2,small_world,0.25,0.0,0.0,3,7,False
300,0.15666666666666668,0.37333333333333335,0.12333333333333334,0.11,8,11,small_world,0.25,0.0,0.0,3,8,False
300,0.11,0.26666666666666666,0.06333333333333334,0.12333333333333334,7,11,small_world,0.25,0.0,0.0,3,9,False
300,0.05,0.10333333333333333,0.043333333333333335,0.01,5,6,small_world,0.25,0.0,0.0,3,10,False
300,0.14,0.29,0.08,0.12,12,8,small_world,0.25,0.0,0.0,3,11,False
300,0.08333333333333333,0.23,0.043333333333333335,0.11,9,2,small_world,0.25,0.0,0.0,3,12,False
300,0.10333333333333333,0.22333333333333333,0.06,0.11333333333333333,9,8,small_world,0.25,0.0,0.0,3,13,False
300,0.043333333333333335,0.09333333333333334,0.04,0.023333333333333334,7,6,small_world,0.25,0.0,0.0,3,14,False
300,0.09333333333333334,0.23666666666666666,0.06666666666666667,0.07,8,14,small_world,0.25,0.0,0.0,3,15,False
300,0.023333333333333334,0.07333333333333333,0.01,0.04,6,2,small_world,0.25,0.0,0.0,3,16,False
300,0.016666666666666666,0.07666666666666666,0.01,0.02666666666666667,4,1,small_world,0.25,0.0,0.0,3,17,False
300,0.03666666666666667,0.11333333333333333,0.01,0.06666666666666667,8,2,small_world,0.25,0.0,0.0,3,18,False
300,0.02666666666666667,0.06666666666666667,0.02,0.02,6,1,small_world,0.25,0.0,0.0,3,19,False
300,0.04666666666666667,0.10333333333333333,0.04,0.02666666666666667,7,2,small_world,0.25,0.0,0.0,3,20,False
300,0.23,0.51,0.10666666666666667,0.27,12,9,small_world,0.25,0.0,0.0,3,21,True
300,0.07333333333333333,0.21333333333333335,0.043333333333333335,0.07333333333333333,6,1,small_world,0.25,0.0,0.0,3,22,False
300,0.02666666666666667,0.07333333333333333,0.02,0.023333333333333334,4,2,small_world,0.25,0.0,0.0,3,23,False
300,0.07666666666666666,0.17666666666666667,0.06666666666666667,0.02,9,4,small_world,0.25,0.0,0.0,3,24,False
300,0.07666666666666666,0.19,0.03333333333333333,0.1,5,2,small_world,0.25,0.0,0.0,3,25,False
300,0.08666666666666667,0.21,0.056666666666666664,0.07666666666666666,10,3,small_world,0.25,0.0,0.0,3,26,False
300,0.04,0.12333333333333334,0.02666666666666667,0.04,6,2,small_world,0.25,0.0,0.0,3,27,False
300,0.11333333333333333,0.2733333333333333,0.04666666666666667,0.14,9,6,small_world,0.25,0.0,0.0,3,28,False
300,0.14333333333333334,0.3466666666666667,0.09,0.12666666666666668,7,9,small_world,0.25,0.0,0.0,3,29,False
300,0.08666666666666667,0.21333333333333335,0.06333333333333334,0.08666666666666667,10,4,small_world,0.275,0.0,0.0,3,0,False
300,0.06666666666666667,0.15,0.04666666666666667,0.056666666666666664,6,1,small_world,0.275,0.0,0.0,3,1,False
300,0.08333333333333333,0.22,0.03333333333333333,0.10666666666666667,14,4,small_world,0.275,0.0,0.0,3,2,False
300,0.07,0.21,0.03333333333333333,0.09666666666666666,7,7,small_world,0.275,0.0,0.0,3,3,False
300,0.05333333333333334,0.10333333333333333,0.023333333333333334,0.05333333333333334,10,4,small_world,0.275,0.0,0.0,3,4,False
300,0.03666666666666667,0.1,0.016666666666666666,0.06,4,3,small_world,0.275,0.0,0.0,3,5,False
300,0.04666666666666667,0.17,0.03333333333333333,0.03,8,2,small_world,0.275,0.0,0.0,3,6,False
300,0.11333333333333333,0.24333333333333335,0.05,0.12666666666666668,11,9,small_world,0.275,0.0,0.0,3,7,False
300,0.18666666666666668,0.4533333333333333,0.1,0.23,12,3,small_world,0.275,0.0,0.0,3,8,False
300,0.11,0.26666666666666666,0.06333333333333334,0.12333333333333334,7,11,small_world,0.275,0.0,0.0,3,9,False
300,0.1,0.21666666666666667,0.04666666666666667,0.1,7,6,small_world,0.275,0.0,0.0,3,10,False
300,0.19333333333333333,0.4266666666666667,0.11666666666666667,0.16666666666666666,13,7,small_world,0.275,0.0,0.0,3,11,False
300,0.13666666666666666,0.2966666666666667,0.06666666666666667,0.14333333333333334,11,5,small_world,0.275,0.0,0.0,3,12,False
300,0.09666666666666666,0.24666666666666667,0.03,0.15333333333333332,8,2,small_world,0.275,0.0,0.0,3,13,False
300,0.043333333333333335,0.09333333333333334,0.04,0.023333333333333334,7,6,small_world,0.275,0.0,0.0,3,14,False
300,0.20333333333333334,0.44333333333333336,0.11333333333333333,0.20333333333333334,13,10,small_world,0.275,0.0,0.0,3,15,True
300,0.023333333333333334,0.07333333333333333,0.01,0.04,6,2,small_world,0.275,0.0,0.0,3,16,False
300,0.03666666666666667,0.13,0.03333333333333333,0.023333333333333334,5,2,small_world,0.275,0.0,0.0,3,17,False
300,0.15666666666666668,0.38,0.04666666666666667,0.23333333333333334,11,4,small_world,0.275,0.0,0.0,3,18,False
300,0.03,0.07666666666666666,0.023333333333333334,0.02,6,1,small_world,0.275,0.0,0.0,3,19,False
300,0.04666666666666667,0.10333333333333333,0.04,0.02666666666666667,7,2,small_world,0.275,0.0,0.0,3,20,False
300,0.07,0.18666666666666668,0.03333333333333333,0.08666666666666667,7,6,small_world,0.275,0.0,0.0,3,21,False
300,0.05,0.15333333333333332,0.02666666666666667,0.06333333333333334,6,1,small_world,0.275,0.0,0.0,3,22,False
300,0.08,0.17333333333333334,0.043333333333333335,0.07333333333333333,6,12,small_world,0.275,0.0,0.0,3,23,False
300,0.12,0.2966666666666667,0.1,0.05333333333333334,10,2,small_world,0.275,0.0,0.0,3,24,False
300,0.08666666666666667,0.22333333333333333,0.05,0.1,5,2,small_world,0.275,0.0,0.0,3,25,False
300,0.22333333333333333,0.4866666666666667,0.14,0.19333333333333333,12,4,small_world,0.275,0.0,0.0,3,26,True
300,0.07,0.21,0.03333333333333333,0.11,11,4,small_world,0.275,0.0,0.0,3,27,False
300,0.13,0.33,0.06666666666666667,0.15333333333333332,10,4,small_world,0.275,0.0,0.0,3,28,False
300,0.14333333333333334,0.32666666666666666,0.05333333333333334,0.20333333333333334,9,12,small_world,0.275,0.0,0.0,3,29,False
300,0.18,0.41,0.06333333333333334,0.22,11,4,small_world,0.3,0.0,0.0,3,0,False
300,0.07,0.15333333333333332,0.06333333333333334,0.03,6,1,small_world,0.3,0.0,0.0,3,1,False
300,0.08666666666666667,0.23666666666666666,0.03666666666666667,0.11,14,4,small_world,0.3,0.0,0.0,3,2,False
300,0.03666666666666667,0.1,0.006666666666666667,0.07333333333333333,6,2,small_world,0.3,0.0,0.0,3,3,False
300,0.05333333333333334,0.10333333333333333,0.023333333333333334,0.05333333333333334,10,4,small_world,0.3,0.0,0.0,3,4,False
300,0.21333333333333335,0.44666666666666666,0.12,0.20666666666666667,9,20,small_world,0.3,0.0,0.0,3,5,True
300,0.06333333333333334,0.19,0.05333333333333334,0.03,9,4,small_world,0.3,0.0,0.0,3,6,False
300,0.11333333333333333,0.27,0.07333333333333333,0.11,11,9,small_world,0.3,0.0,0.0,3,7,False
300,0.14666666666666667,0.30666666666666664,0.09,0.12666666666666668,13,3,small_world,0.3,0.0,0.0,3,8,False
300,0.19666666666666666,0.42333333333333334,0.11666666666666667,0.2,10,10,small_world,0.3,0.0,0.0,3,9,False
300,0.09,0.16666666666666666,0.04,0.07666666666666666,7,5,small_world,0.3,0.0,0.0,3,10,False
300,0.2,0.42333333333333334,0.12333333333333334,0.15666666666666668,13,7,small_world,0.3,0.0,0.0,3,11,False
300,0.16666666666666666,0.32,0.1,0.12,12,2,small_world,0.3,0.0,0.0,3,12,False
300,0.19666666666666666,0.4066666666666667,0.09,0.23666666666666666,10,7,small_world,0.3,0.0,0.0,3,13,False
300,0.06,0.13666666666666666,0.013333333333333334,0.08333333333333333,7,6,small_world,0.3,0.0,0.0,3,14,False
300,0.21666666666666667,0.4666666666666667,0.10666666666666667,0.23,16,15,small_world,0.3,0.0,0.0,3,15,True
300,0.023333333333333334,0.07333333333333333,0.01,0.04,6,2,small_world,0.3,0.0,0.0,3,16,False
300,0.05333333333333334,0.16,0.03666666666666667,0.03333333333333333,5,1,small_world,0.3,0.0,0.0,3,17,False
300,0.26,0.5266666666666666,0.17,0.20666666666666667,20,7,small_world,0.3,0.0,0.0,3,18,True
300,0.02666666666666667,0.06666666666666667,0.013333333333333334,0.04,6,1,small_world,0.3,0.0,0.0,3,19,False
300,0.05333333333333334,0.10666666666666667,0.04,0.03666666666666667,8,4,small_world,0.3,0.0,0.0,3,20,False
300,0.23333333333333334,0.48333333333333334,0.08,0.2833333333333333,10,11,small_world,0.3,0.0,0.0,3,21,True
300,0.08666666666666667,0.25,0.05,0.09333333333333334,6,1,small_world,0.3,0.0,0.0,3,22,False
300,0.09,0.19,0.04,0.10666666666666667,7,12,small_world,0.3,0.0,0.0,3,23,False
300,0.08,0.18666666666666668,0.03,0.09333333333333334,16,4,small_world,0.3,0.0,0.0,3,24,False
300,0.08333333333333333,0.18666666666666668,0.043333333333333335,0.1,6,15,small_world,0.3,0.0,0.0,3,25,False
300,0.23,0.5033333333333333,0.17,0.16333333333333333,12,4,small_world,0.3,0.0,0.0,3,26,True
300,0.07666666666666666,0.22666666666666666,0.05333333333333334,0.09,13,4,small_world,0.3,0.0,0.0,3,27,False
300,0.19666666666666666,0.4,0.09666666666666666,0.23,13,9,small_world,0.3,0.0,0.0,3,28,False
300,0.18333333333333332,0.38333333333333336,0.13,0.14333333333333334,10,12,small_world,0.3,0.0,0.0,3,29,False
300,0.08666666666666667,0.2,0.03333333333333333,0.1,13,4,small_world,0.325,0.0,0.0,3,0,False
300,0.18333333333333332,0.44,0.1,0.22,11,17,small_world,0.325,0.0,0.0,3,1,False
300,0.13666666666666666,0.3,0.08333333333333333,0.14,18,5,small_world,0.325,0.0,0.0,3,2,False
300,0.08666666666666667,0.20666666666666667,0.04666666666666667,0.10666666666666667,9,4,small_world,0.325,0.0,0.0,3,3,False
300,0.2,0.4166666666666667,0.11,0.20666666666666667,11,3,small_world,0.325,0.0,0.0,3,4,False
300,0.18,0.37333333333333335,0.12,0.12333333333333334,9,25,small_world,0.325,0.0,0.0,3,5,False
300,0.21,0.49,0.12666666666666668,0.21333333333333335,13,4,small_world,0.325,0.0,0.0,3,6,True
300,0.14333333333333334,0.32,0.09666666666666666,0.10666666666666667,11,5,small_world,0.325,0.0,0.0,3,7,False
300,0.37666666666666665,0.6866666666666666,0.22333333333333333,0.31333333333333335,32,10,small_world,0.325,0.0,0.0,3,8,True
300,0.11333333333333333,0.28,0.04666666666666667,0.16333333333333333,12,4,small_world,0.325,0.0,0.0,3,9,False
300,0.09,0.16666666666666666,0.04,0.07666666666666666,7,5,small_world,0.325,0.0,0.0,3,10,False
300,0.18666666666666668,0.42,0.1,0.22,11,2,small_world,0.325,0.0,0.0,3,11,False
300,0.10333333333333333,0.22666666666666666,0.05,0.12333333333333334,13,4,small_world,0.325,0.0,0.0,3,12,False
300,0.2833333333333333,0.5633333333333334,0.16,0.2866666666666667,12,23,small_world,0.325,0.0,0.0,3,13,True
300,0.08666666666666667,0.18,0.05333333333333334,0.06,11,6,small_world,0.325,0.0,0.0,3,14,False
300,0.29,0.5466666666666666,0.21666666666666667,0.16333333333333333,21,9,small_world,0.325,0.0,0.0,3,15,True
300,0.21666666666666667,0.44333333333333336,0.12,0.21666666666666667,10,2,small_world,0.325,0.0,0.0,3,16,True
300,0.06666666666666667,0.17666666666666667,0.043333333333333335,0.05,5,1,small_world,0.325,0.0,0.0,3,17,False
300,0.25333333333333335,0.51,0.11,0.29,27,5,small_world,0.325,0.0,0.0,3,18,True
300,0.02666666666666667,0.06666666666666667,0.013333333333333334,0.04,6,1,small_world,0.325,0.0,0.0,3,19,False
300,0.05333333333333334,0.10666666666666667,0.04,0.03666666666666667,8,4,small_world,0.325,0.0,0.0,3,20,False
300,0.11333333333333333,0.30666666666666664,0.06666666666666667,0.12,7,5,small_world,0.325,0.0,0.0,3,21,False
300,0.08333333333333333,0.22333333333333333,0.04666666666666667,0.09333333333333334,6,1,small_world,0.325,0.0,0.0,3,22,False
300,0.17333333333333334,0.33,0.14,0.11,15,14,small_world,0.325,0.0,0.0,3,23,False
300,0.18333333333333332,0.3933333333333333,0.08333333333333333,0.19,18,4,small_world,0.325,0.0,0.0,3,24,False
300,0.08333333333333333,0.18666666666666668,0.043333333333333335,0.1,6,15,small_world,0.325,0.0,0.0,3,25,False
300,0.21,0.43,0.14,0.16666666666666666,13,4,small_world,0.325,0.0,0.0,3,26,True
300,0.15333333333333332,0.35,0.08333333333333333,0.17333333333333334,14,4,small_world,0.325,0.0,0.0,3,27,False
300,0.16333333333333333,0.3933333333333333,0.09666666666666666,0.18,13,13,small_world,0.325,0.0,0.0,3,28,False
300,0.21333333333333335,0.44,0.10333333333333333,0.24,15,10,small_world,0.325,0.0,0.0,3,29,True
300,0.09666666666666666,0.19,0.04,0.11,13,4,small_world,0.35,0.0,0.0,3,0,False
300,0.056666666666666664,0.13666666666666666,0.04,0.05,6,1,small_world,0.35,0.0,0.0,3,1,False
300,0.3433333333333333,0.6166666666666667,0.25,0.20666666666666667,18,5,small_world,0.35,0.0,0.0,3,2,True
300,0.09,0.20333333333333334,0.043333333333333335,0.1,9,4,small_world,0.35,0.0,0.0,3,3,False
300,0.10666666666666667,0.18666666666666668,0.043333333333333335,0.10333333333333333,11,3,small_world,0.35,0.0,0.0,3,4,False
300,0.04,0.11333333333333333,0.01,0.06666666666666667,5,2,small_world,0.35,0.0,0.0,3,5,False
300,0.21666666666666667,0.4533333333333333,0.11333333333333333,0.22333333333333333,23,7,small_world,0.35,0.0,0.0,3,6,True
300,0.16333333333333333,0.3466666666666667,0.09333333333333334,0.17,12,7,small_world,0.35,0.0,0.0,3,7,False
300,0.34,0.65,0.13666666666666666,0.4066666666666667,22,12,small_world,0.35,0.0,0.0,3,8,True
300,0.13333333333333333,0.32666666666666666,0.05,0.18333333333333332,11,4,small_world,0.35,0.0,0.0,3,9,False
300,0.09333333333333334,0.15666666666666668,0.043333333333333335,0.07,7,5,small_world,0.35,0.0,0.0,3,10,False
300,0.14666666666666667,0.32666666666666666,0.08,0.16666666666666666,16,3,small_world,0.35,0.0,0.0,3,11,False
300,0.16666666666666666,0.3333333333333333,0.11666666666666667,0.14,18,4,small_world,0.35,0.0,0.0,3,12,False
300,0.09333333333333334,0.19333333333333333,0.03333333333333333,0.12666666666666668,10,7,small_world,0.35,0.0,0.0,3,13,False
300,0.09,0.17666666666666667,0.05,0.07,11,6,small_world,0.35,0.0,0.0,3,14,False
300,0.28,0.56,0.19333333333333333,0.19333333333333333,14,10,small_world,0.35,0.0,0.0,3,15,True
300,0.21333333333333335,0.44333333333333336,0.11333333333333333,0.24333333333333335,10,2,small_world,0.35,0.0,0.0,3,16,True
300,0.043333333333333335,0.13666666666666666,0.03333333333333333,0.03,5,1,small_world,0.35,0.0,0.0,3,17,False
300,0.25,0.5466666666666666,0.1,0.33,24,7,small_world,0.35,0.0,0.0,3,18,True
300,0.02666666666666667,0.07,0.013333333333333334,0.03333333333333333,6,1,small_world,0.35,0.0,0.0,3,19,False
300,0.05333333333333334,0.10666666666666667,0.04,0.03666666666666667,8,4,small_world,0.35,0.0,0.0,3,20,False
300,0.11,0.2833333333333333,0.05333333333333334,0.13333333333333333,12,5,small_world,0.35,0.0,0.0,3,21,False
300,0.2866666666666667,0.53,0.16333333333333333,0.25,11,11,small_world,0.35,0.0,0.0,3,22,True
300,0.3233333333333333,0.6033333333333334,0.23666666666666666,0.21333333333333335,15,14,small_world,0.35,0.0,0.0,3,23,True
300,0.21333333333333335,0.42,0.12666666666666668,0.18666666666666668,19,4,small_world,0.35,0.0,0.0,3,24,True
300,0.22666666666666666,0.42333333333333334,0.15333333333333332,0.15333333333333332,8,8,small_world,0.35,0.0,0.0,3,25,True
300,0.10333333333333333,0.24666666666666667,0.056666666666666664,0.14333333333333334,13,4,small_world,0.35,0.0,0.0,3,26,False
300,0.3,0.63,0.16,0.33666666666666667,14,4,small_world,0.35,0.0,0.0,3,27,True
300,0.2833333333333333,0.6233333333333333,0.15,0.33,14,9,small_world,0.35,0.0,0.0,3,28,True
300,0.19666666666666666,0.37,0.12666666666666668,0.14666666666666667,15,11,small_world,0.35,0.0,0.0,3,29,False
300,0.23,0.45,0.09666666666666666,0.28,15,9,small_world,0.375,0.0,0.0,3,0,True
300,0.06,0.17666666666666667,0.03666666666666667,0.09333333333333334,6,1,small_world,0.375,0.0,0.0,3,1,False
300,0.21666666666666667,0.4033333333333333,0.16,0.11,18,5,small_world,0.375,0.0,0.0,3,2,True
300,0.18333333333333332,0.41,0.10333333333333333,0.18666666666666668,9,4,small_world,0.375,0.0,0.0,3,3,False
300,0.10333333333333333,0.19666666666666666,0.04,0.10666666666666667,11,3,small_world,0.375,0.0,0.0,3,4,False
300,0.03,0.09,0.013333333333333334,0.04,5,2,small_world,0.375,0.0,0.0,3,5,False
300,0.28,0.5233333333333333,0.15333333333333332,0.2633333333333333,19,7,small_world,0.375,0.0,0.0,3,6,True
300,0.3333333333333333,0.5666666666666667,0.17,0.32666666666666666,25,10,small_world,0.375,0.0,0.0,3,7,True
300,0.4,0.71,0.25666666666666665,0.30666666666666664,27,13,small_world,0.375,0.0,0.0,3,8,True
300,0.23333333333333334,0.43333333333333335,0.14,0.22333333333333333,11,3,small_world,0.375,0.0,0.0,3,9,True
300,0.2,0.3933333333333333,0.09666666666666666,0.19666666666666666,11,15,small_world,0.375,0.0,0.0,3,10,False
300,0.19333333333333333,0.38333333333333336,0.11,0.18,20,5,small_world,0.375,0.0,0.0,3,11,False
300,0.18666666666666668,0.36333333333333334,0.09,0.2,19,5,small_world,0.375,0.0,0.0,3,12,False
300,0.11333333333333333,0.22666666666666666,0.03666666666666667,0.17,9,3,small_world,0.375,0.0,0.0,3,13,False
300,0.056666666666666664,0.11,0.016666666666666666,0.08666666666666667,9,6,small_world,0.375,0.0,0.0,3,14,False
300,0.14,0.33,0.06333333333333334,0.16666666666666666,12,5,small_world,0.375,0.0,0.0,3,15,False
300,0.32666666666666666,0.5966666666666667,0.13333333333333333,0.36333333333333334,13,30,small_world,0.375,0.0,0.0,3,16,True
300,0.16333333333333333,0.36666666666666664,0.10333333333333333,0.13666666666666666,9,7,small_world,0.375,0.0,0.0,3,17,False
300,0.36666666666666664,0.6566666666666666,0.18666666666666668,0.36333333333333334,31,7,small_world,0.375,0.0,0.0,3,18,True
300,0.02666666666666667,0.07,0.013333333333333334,0.03333333333333333,6,1,small_world,0.375,0.0,0.0,3,19,False
300,0.06,0.13666666666666666,0.043333333333333335,0.05,8,4,small_world,0.375,0.0,0.0,3,20,False
300,0.26,0.5133333333333333,0.14333333333333334,0.26,24,11,small_world,0.375,0.0,0.0,3,21,True
300,0.2733333333333333,0.54,0.13,0.2966666666666667,18,18,small_world,0.375,0.0,0.0,3,22,True
300,0.16,0.29,0.07666666666666666,0.13333333333333333,14,15,small_world,0.375,0.0,0.0,3,23,False
300,0.2833333333333333,0.55,0.18666666666666668,0.24,20,4,small_world,0.375,0.0,0.0,3,24,True
300,0.36666666666666664,0.66,0.21333333333333335,0.31666666666666665,24,14,small_world,0.375,0.0,0.0,3,25,True
300,0.13333333333333333,0.2833333333333333,0.056666666666666664,0.16333333333333333,13,3,small_world,0.375,0.0,0.0,3,26,False
300,0.24333333333333335,0.42,0.15333333333333332,0.20666666666666667,14,4,small_world,0.375,0.0,0.0,3,27,True
300,0.37,0.6266666666666667,0.21,0.2866666666666667,19,7,small_world,0.375,0.0,0.0,3,28,True
300,0.30333333333333334,0.58,0.16,0.33,18,9,small_world,0.375,0.0,0.0,3,29,True
300,0.30666666666666664,0.5633333333333334,0.11666666666666667,0.36333333333333334,17,10,small_world,0.4,0.0,0.0,3,0,True
300,0.06,0.17666666666666667,0.03666666666666667,0.09333333333333334,6,1,small_world,0.4,0.0,0.0,3,1,False
300,0.30666666666666664,0.57,0.17333333333333334,0.27666666666666667,25,9,small_world,0.4,0.0,0.0,3,2,True
300,0.27666666666666667,0.54,0.13,0.31333333333333335,15,18,small_world,0.4,0.0,0.0,3,3,True
300,0.10333333333333333,0.19666666666666666,0.04,0.10666666666666667,11,3,small_world,0.4,0.0,0.0,3,4,False
300,0.03,0.09,0.013333333333333334,0.04,5,2,small_world,0.4,0.0,0.0,3,5,False
300,0.4,0.7566666666666667,0.19333333333333333,0.41,25,7,small_world,0.4,0.0,0.0,3,6,True
300,0.23666666666666666,0.4533333333333333,0.11,0.23,13,8,small_world,0.4,0.0,0.0,3,7,True
300,0.38,0.6333333333333333,0.21333333333333335,0.31333333333333335,26,9,small_world,0.4,0.0,0.0,3,8,True
300,0.09666666666666666,0.24666666666666667,0.05,0.13333333333333333,9,4,small_world,0.4,0.0,0.0,3,9,False
300,0.33,0.6,0.23,0.26,14,8,small_world,0.4,0.0,0.0,3,10,True
300,0.26,0.49333333333333335,0.08,0.33,20,5,small_world,0.4,0.0,0.0,3,11,True
300,0.41333333333333333,0.7133333333333334,0.18,0.42333333333333334,30,7,small_world,0.4,0.0,0.0,3,12,True
300,0.21,0.42333333333333334,0.11,0.23,13,22,small_world,0.4,0.0,0.0,3,13,True
300,0.03666666666666667,0.08666666666666667,0.006666666666666667,0.07,6,2,small_world,0.4,0.0,0.0,3,14,False
300,0.26,0.5066666666666667,0.11333333333333333,0.3,16,10,small_world,0.4,0.0,0.0,3,15,True
300,0.51,0.8366666666666667,0.26666666666666666,0.48333333333333334,21,17,small_world,0.4,0.0,0.0,3,16,True
300,0.28,0.54,0.16333333333333333,0.25333333333333335,20,17,small_world,0.4,0.0,0.0,3,17,True
300,0.5233333333333333,0.8733333333333333,0.31,0.45,36,9,small_world,0.4,0.0,0.0,3,18,True
300,0.02666666666666667,0.07,0.013333333333333334,0.03333333333333333,6,1,small_world,0.4,0.0,0.0,3,19,False
300,0.06,0.13666666666666666,0.043333333333333335,0.05,8,4,small_world,0.4,0.0,0.0,3,20,False
300,0.34,0.65,0.21666666666666667,0.2633333333333333,27,11,small_world,0.4,0.0,0.0,3,21,True
300,0.3,0.5533333333333333,0.20666666666666667,0.18666666666666668,16,18,small_world,0.4,0.0,0.0,3,22,True
300,0.52,0.85,0.24666666666666667,0.4666666666666667,28,38,small_world,0.4,0.0,0.0,3,23,True
300,0.36333333333333334,0.66,0.14666666666666667,0.4266666666666667,20,4,small_world,0.4,0.0,0.0,3,24,True
300,0.29333333333333333,0.53,0.14666666666666667,0.25,24,14,small_world,0.4,0.0,0.0,3,25,True
300,0.17333333333333334,0.3433333333333333,0.08333333333333333,0.19666666666666666,13,3,small_world,0.4,0.0,0.0,3,26,False
300,0.36,0.67,0.23333333333333334,0.30333333333333334,22,11,small_world,0.4,0.0,0.0,3,27,True
300,0.12,0.24333333333333335,0.06666666666666667,0.11666666666666667,16,4,small_world,0.4,0.0,0.0,3,28,False
300,0.12,0.25333333333333335,0.04666666666666667,0.15333333333333332,11,4,small_world,0.4,0.0,0.0,3,29,False
300,0.42,0.7366666666666667,0.23,0.39,20,16,small_world,0.425,0.0,0.0,3,0,True
300,0.07666666666666666,0.17666666666666667,0.05,0.07666666666666666,8,5,small_world,0.425,0.0,0.0,3,1,False
300,0.33,0.5533333333333333,0.18,0.27666666666666667,23,6,small_world,0.425,0.0,0.0,3,2,True
300,0.13333333333333333,0.2966666666666667,0.09333333333333334,0.10666666666666667,11,5,small_world,0.425,0.0,0.0,3,3,False
300,0.17,0.29333333333333333,0.07666666666666666,0.16333333333333333,13,7,small_world,0.425,0.0,0.0,3,4,False
300,0.03333333333333333,0.09666666666666666,0.01,0.056666666666666664,5,2,small_world,0.425,0.0,0.0,3,5,False
300,0.2966666666666667,0.54,0.15666666666666668,0.23333333333333334,27,7,small_world,0.425,0.0,0.0,3,6,True
300,0.3,0.57,0.21333333333333335,0.22,24,7,small_world,0.425,0.0,0.0,3,7,True
300,0.4666666666666667,0.76,0.25666666666666665,0.39666666666666667,40,10,small_world,0.425,0.0,0.0,3,8,True
300,0.08,0.18666666666666668,0.03,0.1,9,2,small_world,0.425,0.0,0.0,3,9,False
300,0.38333333333333336,0.6633333333333333,0.16666666666666666,0.3933333333333333,17,26,small_world,0.425,0.0,0.0,3,10,True
300,0.33,0.6166666666666667,0.15666666666666668,0.3433333333333333,25,5,small_world,0.425,0.0,0.0,3,11,True
300,0.39,0.6466666666666666,0.15333333333333332,0.42,31,7,small_world,0.425,0.0,0.0,3,12,True
300,0.4166666666666667,0.63,0.26,0.2833333333333333,25,14,small_world,0.425,0.0,0.0,3,13,True
300,0.03666666666666667,0.09666666666666666,0.0,0.08333333333333333,6,2,small_world,0.425,0.0,0.0,3,14,False
300,0.43666666666666665,0.7333333333333333,0.20333333333333334,0.44,21,19,small_world,0.425,0.0,0.0,3,15,True
300,0.6,0.9066666666666666,0.3466666666666667,0.48,24,17,small_world,0.425,0.0,0.0,3,16,True
300,0.12333333333333334,0.25,0.07666666666666666,0.10333333333333333,8,6,small_world,0.425,0.0,0.0,3,17,False
300,0.4533333333333333,0.7733333333333333,0.22666666666666666,0.4666666666666667,35,8,small_world,0.425,0.0,0.0,3,18,True
300,0.11,0.22,0.04666666666666667,0.13666666666666666,9,5,small_world,0.425,0.0,0.0,3,19,False
300,0.06,0.13666666666666666,0.04,0.05333333333333334,8,4,small_world,0.425,0.0,0.0,3,20,False
300,0.38333333333333336,0.66,0.26666666666666666,0.26,20,8,small_world,0.425,0.0,0.0,3,21,True
300,0.07,0.16666666666666666,0.03,0.08,6,1,small_world,0.425,0.0,0.0,3,22,False
300,0.17,0.34,0.08666666666666667,0.18,14,15,small_world,0.425,0.0,0.0,3,23,False
300,0.5266666666666666,0.9,0.24,0.5433333333333333,23,10,small_world,0.425,0.0,0.0,3,24,True
300,0.4666666666666667,0.7433333333333333,0.23333333333333334,0.42333333333333334,24,14,small_world,0.425,0.0,0.0,3,25,True
300,0.4,0.66,0.23666666666666666,0.30666666666666664,17,9,small_world,0.425,0.0,0.0,3,26,True
300,0.35333333333333333,0.69,0.15666666666666668,0.44333333333333336,22,6,small_world,0.425,0.0,0.0,3,27,True
300,0.37666666666666665,0.6766666666666666,0.18,0.37666666666666665,21,6,small_world,0.425,0.0,0.0,3,28,True
300,0.4,0.7,0.16,0.45,18,20,small_world,0.425,0.0,0.0,3,29,True
300,0.5266666666666666,0.8233333333333334,0.2633333333333333,0.4866666666666667,33,18,small_world,0.45,0.0,0.0,3,0,True
300,0.07333333333333333,0.16666666666666666,0.04666666666666667,0.06666666666666667,9,5,small_world,0.45,0.0,0.0,3,1,False
300,0.17333333333333334,0.38,0.06333333333333334,0.2633333333333333,22,4,small_world,0.45,0.0,0.0,3,2,False
300,0.55,0.84,0.29,0.4766666666666667,15,25,small_world,0.45,0.0,0.0,3,3,True
300,0.4,0.6433333333333333,0.20333333333333334,0.37666666666666665,21,11,small_world,0.45,0.0,0.0,3,4,True
300,0.28,0.49666666666666665,0.16,0.23666666666666666,20,11,small_world,0.45,0.0,0.0,3,5,True
300,0.47333333333333333,0.7866666666666666,0.23666666666666666,0.44333333333333336,24,7,small_world,0.45,0.0,0.0,3,6,True
300,0.4866666666666667,0.7633333333333333,0.26666666666666666,0.4066666666666667,24,7,small_world,0.45,0.0,0.0,3,7,True
300,0.51,0.7966666666666666,0.23666666666666666,0.47,42,10,small_world,0.45,0.0,0.0,3,8,True
300,0.12666666666666668,0.26,0.03,0.18333333333333332,9,2,small_world,0.45,0.0,0.0,3,9,False
300,0.41,0.6466666666666666,0.24333333333333335,0.32666666666666666,20,16,small_world,0.45,0.0,0.0,3,10,True
300,0.5666666666666667,0.8766666666666667,0.33,0.47333333333333333,28,7,small_world,0.45,0.0,0.0,3,11,True
300,0.34,0.5433333333333333,0.15333333333333332,0.31333333333333335,23,7,small_world,0.45,0.0,0.0,3,12,True
300,0.2866666666666667,0.48,0.16,0.24333333333333335,16,5,small_world,0.45,0.0,0.0,3,13,True
300,0.03666666666666667,0.09666666666666666,0.0,0.08333333333333333,6,2,small_world,0.45,0.0,0.0,3,14,False
300,0.31,0.5533333333333333,0.2,0.26666666666666666,16,7,small_world,0.45,0.0,0.0,3,15,True
300,0.36333333333333334,0.62,0.17,0.4,27,8,small_world,0.45,0.0,0.0,3,16,True
300,0.5,0.8066666666666666,0.2866666666666667,0.43333333333333335,34,16,small_world,0.45,0.0,0.0,3,17,True
300,0.25666666666666665,0.5433333333333333,0.11333333333333333,0.33666666666666667,18,7,small_world,0.45,0.0,0.0,3,18,True
300,0.22666666666666666,0.4266666666666667,0.10666666666666667,0.24666666666666667,10,22,small_world,0.45,0.0,0.0,3,19,True
300,0.4666666666666667,0.7766666666666666,0.25,0.44,22,11,small_world,0.45,0.0,0.0,3,20,True
300,0.41333333333333333,0.7133333333333334,0.21,0.4166666666666667,27,17,small_world,0.45,0.0,0.0,3,21,True
300,0.07,0.16666666666666666,0.03,0.08,6,1,small_world,0.45,0.0,0.0,3,22,False
300,0.56,0.88,0.29,0.49,27,21,small_world,0.45,0.0,0.0,3,23,True
300,0.55,0.86,0.31,0.4633333333333333,30,13,small_world,0.45,0.0,0.0,3,24,True
300,0.43,0.68,0.21,0.3933333333333333,29,18,small_world,0.45,0.0,0.0,3,25,True
300,0.5666666666666667,0.8066666666666666,0.31333333333333335,0.42,17,9,small_world,0.45,0.0,0.0,3,26,True
300,0.38,0.6933333333333334,0.14333333333333334,0.45,29,8,small_world,0.45,0.0,0.0,3,27,True
300,0.4166666666666667,0.7066666666666667,0.17,0.47333333333333333,21,8,small_world,0.45,0.0,0.0,3,28,True
300,0.2633333333333333,0.44333333333333336,0.11333333333333333,0.27666666666666667,13,7,small_world,0.45,0.0,0.0,3,29,True
300,0.4,0.6533333333333333,0.24666666666666667,0.3433333333333333,28,16,small_world,0.475,0.0,0.0,3,0,True
300,0.07333333333333333,0.16666666666666666,0.04666666666666667,0.06666666666666667,9,5,small_world,0.475,0.0,0.0,3,1,False
300,0.3566666666666667,0.6233333333333333,0.23,0.2733333333333333,23,4,small_world,0.475,0.0,0.0,3,2,True
300,0.45,0.73,0.17,0.49,26,12,small_world,0.475,0.0,0.0,3,3,True
300,0.42,0.6966666666666667,0.18,0.4266666666666667,21,15,small_world,0.475,0.0,0.0,3,4,True
300,0.32,0.5566666666666666,0.13333333333333333,0.34,15,20,small_world,0.475,0.0,0.0,3,5,True
300,0.4766666666666667,0.79,0.19,0.49333333333333335,25,6,small_world,0.475,0.0,0.0,3,6,True
300,0.5933333333333334,0.8666666666666667,0.36,0.43666666666666665,33,11,small_world,0.475,0.0,0.0,3,7,True
300,0.5533333333333333,0.8666666666666667,0.26,0.5266666666666666,42,10,small_world,0.475,0.0,0.0,3,8,True
300,0.08666666666666667,0.19,0.01,0.14,11,3,small_world,0.475,0.0,0.0,3,9,False
300,0.42333333333333334,0.6733333333333333,0.17666666666666667,0.43,28,17,small_world,0.475,0.0,0.0,3,10,True
300,0.5966666666666667,0.93,0.27666666666666667,0.5633333333333334,21,12,small_world,0.475,0.0,0.0,3,11,True
300,0.4166666666666667,0.6866666666666666,0.23,0.37333333333333335,29,7,small_world,0.475,0.0,0.0,3,12,True
300,0.36333333333333334,0.5766666666666667,0.24,0.25666666666666665,19,7,small_world,0.475,0.0,0.0,3,13,True
300,0.2966666666666667,0.58,0.09666666666666666,0.38,17,44,small_world,0.475,0.0,0.0,3,14,True
300,0.43666666666666665,0.68,0.23333333333333334,0.39,20,10,small_world,0.475,0.0,0.0,3,15,True
300,0.4666666666666667,0.7566666666666667,0.23,0.43666666666666665,33,11,small_world,0.475,0.0,0.0,3,16,True
300,0.2966666666666667,0.5633333333333334,0.12,0.3233333333333333,18,9,small_world,0.475,0.0,0.0,3,17,True
300,0.4866666666666667,0.7933333333333333,0.24666666666666667,0.48333333333333334,38,9,small_world,0.475,0.0,0.0,3,18,True
300,0.4866666666666667,0.79,0.15333333333333332,0.56,36,11,small_world,0.475,0.0,0.0,3,19,True
300,0.4766666666666667,0.7533333333333333,0.22,0.44666666666666666,31,10,small_world,0.475,0.0,0.0,3,20,True
300,0.5266666666666666,0.8066666666666666,0.2833333333333333,0.44,21,19,small_world,0.475,0.0,0.0,3,21,True
300,0.09333333333333334,0.21333333333333335,0.02,0.15666666666666668,8,11,small_world,0.475,0.0,0.0,3,22,False
300,0.17333333333333334,0.3433333333333333,0.08666666666666667,0.18,11,5,small_world,0.475,0.0,0.0,3,23,False
300,0.48,0.7666666666666667,0.20333333333333334,0.49,36,10,small_world,0.475,0.0,0.0,3,24,True
300,0.27,0.44666666666666666,0.12333333333333334,0.25333333333333335,22,14,small_world,0.475,0.0,0.0,3,25,True
300,0.44666666666666666,0.7,0.15,0.46,27,15,small_world,0.475,0.0,0.0,3,26,True
300,0.41333333333333333,0.6933333333333334,0.16,0.44333333333333336,26,9,small_world,0.475,0.0,0.0,3,27,True
300,0.49333333333333335,0.82,0.24666666666666667,0.5,21,8,small_world,0.475,0.0,0.0,3,28,True
300,0.44,0.76,0.20333333333333334,0.4533333333333333,18,25,small_world,0.475,0.0,0.0,3,29,True
300,0.5566666666666666,0.8733333333333333,0.2733333333333333,0.5266666666666666,28,27,small_world,0.5,0.0,0.0,3,0,True
300,0.5566666666666666,0.8666666666666667,0.2866666666666667,0.5133333333333333,28,11,small_world,0.5,0.0,0.0,3,1,True
300,0.41,0.6933333333333334,0.19666666666666666,0.42333333333333334,26,6,small_world,0.5,0.0,0.0,3,2,True
300,0.34,0.6233333333333333,0.15666666666666668,0.3566666666666667,16,9,small_world,0.5,0.0,0.0,3,3,True
300,0.31666666666666665,0.5133333333333333,0.19666666666666666,0.23333333333333334,17,14,small_world,0.5,0.0,0.0,3,4,True
300,0.21,0.38,0.13,0.18,13,12,small_world,0.5,0.0,0.0,3,5,True
300,0.3566666666666667,0.5833333333333334,0.09666666666666666,0.44,26,10,small_world,0.5,0.0,0.0,3,6,True
300,0.5433333333333333,0.8633333333333333,0.27,0.51,33,10,small_world,0.5,0.0,0.0,3,7,True
300,0.5866666666666667,0.9066666666666666,0.26,0.6,47,10,small_world,0.5,0.0,0.0,3,8,True
300,0.08666666666666667,0.19,0.01,0.14,11,3,small_world,0.5,0.0,0.0,3,9,False
300,0.24333333333333335,0.45,0.08666666666666667,0.29333333333333333,10,7,small_world,0.5,0.0,0.0,3,10,True
300,0.56,0.87,0.2733333333333333,0.5266666666666666,28,15,small_world,0.5,0.0,0.0,3,11,True
300,0.5833333333333334,0.91,0.26666666666666666,0.58,37,9,small_world,0.5,0.0,0.0,3,12,True
300,0.54,0.83,0.36333333333333334,0.39666666666666667,29,12,small_world,0.5,0.0,0.0,3,13,True
300,0.3466666666666667,0.5733333333333334,0.15333333333333332,0.34,14,34,small_world,0.5,0.0,0.0,3,14,True
300,0.46,0.7666666666666667,0.18333333333333332,0.5133333333333333,28,7,small_world,0.5,0.0,0.0,3,15,True
300,0.49333333333333335,0.7566666666666667,0.18666666666666668,0.5166666666666667,27,11,small_world,0.5,0.0,0.0,3,16,True
300,0.36,0.6433333333333333,0.20666666666666667,0.31666666666666665,19,10,small_world,0.5,0.0,0.0,3,17,True
300,0.5566666666666666,0.8366666666666667,0.19666666666666666,0.6,39,8,small_world,0.5,0.0,0.0,3,18,True
300,0.43666666666666665,0.6633333333333333,0.23666666666666666,0.36,29,7,small_world,0.5,0.0,0.0,3,19,True
300,0.44,0.7566666666666667,0.18666666666666668,0.49333333333333335,24,19,small_world,0.5,0.0,0.0,3,20,True
300,0.4766666666666667,0.7766666666666666,0.28,0.42333333333333334,17,31,small_world,0.5,0.0,0.0,3,21,True
300,0.4766666666666667,0.76,0.17333333333333334,0.53,23,17,small_world,0.5,0.0,0.0,3,22,True
300,0.5933333333333334,0.87,0.28,0.5166666666666667,29,22,small_world,0.5,0.0,0.0,3,23,True
300,0.5266666666666666,0.8533333333333334,0.23333333333333334,0.5366666666666666,37,10,small_world,0.5,0.0,0.0,3,24,True
300,0.4033333333333333,0.6966666666666667,0.18666666666666668,0.4266666666666667,25,15,small_world,0.5,0.0,0.0,3,25,True
300,0.14,0.24,0.07666666666666666,0.10666666666666667,15,3,small_world,0.5,0.0,0.0,3,26,False
300,0.38,0.64,0.15,0.4166666666666667,19,11,small_world,0.5,0.0,0.0,3,27,True
300,0.5366666666666666,0.8266666666666667,0.2833333333333333,0.4533333333333333,28,6,small_world,0.5,0.0,0.0,3,28,True
300,0.5166666666666667,0.8,0.20666666666666667,0.5166666666666667,37,17,small_world,0.5,0.0,0.0,3,29,True
300,0.6066666666666667,0.91,0.3,0.53,25,23,small_world,0.525,0.0,0.0,3,0,True
300,0.44333333333333336,0.6633333333333333,0.22666666666666666,0.38333333333333336,27,22,small_world,0.525,0.0,0.0,3,1,True
300,0.5866666666666667,0.8966666666666666,0.27,0.5333333333333333,31,8,small_world,0.525,0.0,0.0,3,2,True
300,0.5033333333333333,0.8166666666666667,0.18,0.5766666666666667,18,4,small_world,0.525,0.0,0.0,3,3,True
300,0.4533333333333333,0.73,0.22666666666666666,0.4533333333333333,21,29,small_world,0.525,0.0,0.0,3,4,True
300,0.39,0.7033333333333334,0.17,0.42,20,10,small_world,0.525,0.0,0.0,3,5,True
300,0.5366666666666666,0.8533333333333334,0.22,0.54,35,9,small_world,0.525,0.0,0.0,3,6,True
300,0.5366666666666666,0.8366666666666667,0.26666666666666666,0.49666666666666665,36,9,small_world,0.525,0.0,0.0,3,7,True
300,0.61,0.8766666666666667,0.37,0.45666666666666667,41,8,small_world,0.525,0.0,0.0,3,8,True
300,0.49,0.78,0.19666666666666666,0.5233333333333333,23,19,small_world,0.525,0.0,0.0,3,9,True
300,0.5966666666666667,0.89,0.27666666666666667,0.5533333333333333,39,17,small_world,0.525,0.0,0.0,3,10,True
300,0.56,0.8833333333333333,0.26,0.53,32,18,small_world,0.525,0.0,0.0,3,11,True
300,0.4533333333333333,0.72,0.09666666666666666,0.5733333333333334,39,9,small_world,0.525,0.0,0.0,3,12,True
300,0.24,0.4166666666666667,0.14333333333333334,0.18,18,5,small_world,0.525,0.0,0.0,3,13,True
300,0.47,0.7633333333333333,0.14666666666666667,0.5733333333333334,26,36,small_world,0.525,0.0,0.0,3,14,True
300,0.42,0.69,0.15,0.48333333333333334,28,7,small_world,0.525,0.0,0.0,3,15,True
300,0.5533333333333333,0.8133333333333334,0.23333333333333334,0.5233333333333333,28,9,small_world,0.525,0.0,0.0,3,16,True
300,0.46,0.77,0.17666666666666667,0.5366666666666666,27,18,small_world,0.525,0.0,0.0,3,17,True
300,0.5266666666666666,0.7966666666666666,0.18666666666666668,0.5666666666666667,39,8,small_world,0.525,0.0,0.0,3,18,True
300,0.53,0.8233333333333334,0.24,0.5333333333333333,29,11,small_world,0.525,0.0,0.0,3,19,True
300,0.52,0.8433333333333334,0.20333333333333334,0.5866666666666667,36,14,small_world,0.525,0.0,0.0,3,20,True
300,0.48,0.75,0.23666666666666666,0.46,26,14,small_world,0.525,0.0,0.0,3,21,True
300,0.3933333333333333,0.68,0.12,0.49333333333333335,24,19,small_world,0.525,0.0,0.0,3,22,True
300,0.45666666666666667,0.6966666666666667,0.22,0.4033333333333333,26,9,small_world,0.525,0.0,0.0,3,23,True
300,0.55,0.8866666666666667,0.23666666666666666,0.5933333333333334,30,12,small_world,0.525,0.0,0.0,3,24,True
300,0.6366666666666667,0.9366666666666666,0.32666666666666666,0.55,21,12,small_world,0.525,0.0,0.0,3,25,True
300,0.14,0.24,0.07666666666666666,0.10666666666666667,15,3,small_world,0.525,0.0,0.0,3,26,False
300,0.5166666666666667,0.81,0.19333333333333333,0.5466666666666666,47,10,small_world,0.525,0.0,0.0,3,27,True
300,0.38,0.6133333333333333,0.11,0.43666666666666665,30,6,small_world,0.525,0.0,0.0,3,28,True
300,0.6333333333333333,0.92,0.31,0.5766666666666667,33,8,small_world,0.525,0.0,0.0,3,29,True
300,0.5433333333333333,0.7866666666666666,0.24333333333333335,0.4866666666666667,19,27,small_world,0.55,0.0,0.0,3,0,True
300,0.5566666666666666,0.8466666666666667,0.24666666666666667,0.53,28,25,small_world,0.55,0.0,0.0,3,1,True
300,0.4666666666666667,0.78,0.19666666666666666,0.49666666666666665,37,6,small_world,0.55,0.0,0.0,3,2,True
300,0.43,0.6866666666666666,0.14666666666666667,0.4866666666666667,19,8,small_world,0.55,0.0,0.0,3,3,True
300,0.49333333333333335,0.78,0.27,0.43,17,30,small_world,0.55,0.0,0.0,3,4,True
300,0.5933333333333334,0.8833333333333333,0.29,0.5433333333333333,33,10,small_world,0.55,0.0,0.0,3,5,True
300,0.5433333333333333,0.83,0.24666666666666667,0.5033333333333333,36,11,small_world,0.55,0.0,0.0,3,6,True
300,0.4766666666666667,0.73,0.22666666666666666,0.43,30,7,small_world,0.55,0.0,0.0,3,7,True
300,0.6366666666666667,0.8933333333333333,0.30333333333333334,0.55,45,9,small_world,0.55,0.0,0.0,3,8,True
300,0.3466666666666667,0.5966666666666667,0.13333333333333333,0.38666666666666666,13,17,small_world,0.55,0.0,0.0,3,9,True
300,0.5966666666666667,0.8533333333333334,0.33666666666666667,0.45666666666666667,28,22,small_world,0.55,0.0,0.0,3,10,True
300,0.5733333333333334,0.8433333333333334,0.29,0.48333333333333334,31,9,small_world,0.55,0.0,0.0,3,11,True
300,0.46,0.7033333333333334,0.14333333333333334,0.5033333333333333,42,7,small_world,0.55,0.0,0.0,3,12,True
300,0.5266666666666666,0.7733333333333333,0.23,0.4666666666666667,28,13,small_world,0.55,0.0,0.0,3,13,True
300,0.5433333333333333,0.8233333333333334,0.24333333333333335,0.52,27,36,small_world,0.55,0.0,0.0,3,14,True
300,0.62,0.8833333333333333,0.27666666666666667,0.5633333333333334,39,7,small_world,0.55,0.0,0.0,3,15,True
300,0.54,0.79,0.16,0.5833333333333334,35,10,small_world,0.55,0.0,0.0,3,16,True
300,0.46,0.7033333333333334,0.17333333333333334,0.4666666666666667,19,9,small_world,0.55,0.0,0.0,3,17,True
300,0.5966666666666667,0.9033333333333333,0.22333333333333333,0.62,42,12,small_world,0.55,0.0,0.0,3,18,True
300,0.5333333333333333,0.8433333333333334,0.17666666666666667,0.6,41,8,small_world,0.55,0.0,0.0,3,19,True
300,0.6066666666666667,0.8866666666666667,0.22,0.63,35,14,small_world,0.55,0.0,0.0,3,20,True
300,0.5233333333333333,0.8433333333333334,0.25333333333333335,0.47333333333333333,34,12,small_world,0.55,0.0,0.0,3,21,True
300,0.11333333333333333,0.22,0.05,0.11333333333333333,11,7,small_world,0.55,0.0,0.0,3,22,False
300,0.5666666666666667,0.8533333333333334,0.24666666666666667,0.5266666666666666,34,15,small_world,0.55,0.0,0.0,3,23,True
300,0.62,0.9166666666666666,0.36,0.48,34,10,small_world,0.55,0.0,0.0,3,24,True
300,0.6133333333333333,0.8866666666666667,0.24333333333333335,0.62,36,9,small_world,0.55,0.0,0.0,3,25,True
300,0.6666666666666666,0.95,0.3333333333333333,0.5733333333333334,43,14,small_world,0.55,0.0,0.0,3,26,True
300,0.5066666666666667,0.8066666666666666,0.16,0.62,41,8,small_world,0.55,0.0,0.0,3,27,True
300,0.52,0.84,0.14666666666666667,0.6633333333333333,27,5,small_world,0.55,0.0,0.0,3,28,True
300,0.43333333333333335,0.6933333333333334,0.22333333333333333,0.41333333333333333,21,12,small_world,0.55,0.0,0.0,3,29,True
300,0.6733333333333333,0.97,0.30333333333333334,0.6266666666666667,45,21,small_world,0.575,0.0,0.0,3,0,True
300,0.5333333333333333,0.81,0.17333333333333334,0.6,42,15,small_world,0.575,0.0,0.0,3,1,True
300,0.58,0.8733333333333333,0.2866666666666667,0.52,42,7,small_world,0.575,0.0,0.0,3,2,True
300,0.3933333333333333,0.6266666666666667,0.08333333333333333,0.49,26,10,small_world,0.575,0.0,0.0,3,3,True
300,0.5433333333333333,0.7966666666666666,0.26666666666666666,0.48,26,19,small_world,0.575,0.0,0.0,3,4,True
300,0.5966666666666667,0.85,0.29333333333333333,0.5133333333333333,30,16,small_world,0.575,0.0,0.0,3,5,True
300,0.6366666666666667,0.9166666666666666,0.29,0.57,53,12,small_world,0.575,0.0,0.0,3,6,True
300,0.5533333333333333,0.8233333333333334,0.18333333333333332,0.6066666666666667,44,8,small_world,0.575,0.0,0.0,3,7,True
300,0.6166666666666667,0.9066666666666666,0.22666666666666666,0.62,56,8,small_world,0.575,0.0,0.0,3,8,True
300,0.5333333333333333,0.83,0.23666666666666666,0.5266666666666666,23,29,small_world,0.575,0.0,0.0,3,9,True
300,0.6366666666666667,0.9333333333333333,0.32666666666666666,0.55,31,24,small_world,0.575,0.0,0.0,3,10,True
300,0.6366666666666667,0.8766666666666667,0.3333333333333333,0.49,35,8,small_world,0.575,0.0,0.0,3,11,True
300,0.5333333333333333,0.76,0.13666666666666666,0.5966666666666667,42,7,small_world,0.575,0.0,0.0,3,12,True
300,0.6233333333333333,0.8766666666666667,0.23666666666666666,0.6066666666666667,44,15,small_world,0.575,0.0,0.0,3,13,True
300,0.51,0.7833333333333333,0.25666666666666665,0.4866666666666667,27,14,small_world,0.575,0.0,0.0,3,14,True
300,0.6633333333333333,0.9166666666666666,0.3233333333333333,0.5333333333333333,47,11,small_world,0.575,0.0,0.0,3,15,True
300,0.6666666666666666,0.93,0.3433333333333333,0.55,39,14,small_world,0.575,0.0,0.0,3,16,True
300,0.5666666666666667,0.84,0.23333333333333334,0.5566666666666666,30,16,small_world,0.575,0.0,0.0,3,17,True
300,0.5933333333333334,0.9166666666666666,0.16,0.7066666666666667,46,8,small_world,0.575,0.0,0.0,3,18,True
300,0.4866666666666667,0.7533333333333333,0.16333333333333333,0.5366666666666666,30,8,small_world,0.575,0.0,0.0,3,19,True
300,0.5666666666666667,0.83,0.26,0.5166666666666667,37,14,small_world,0.575,0.0,0.0,3,20,True
300,0.5466666666666666,0.8433333333333334,0.2733333333333333,0.49666666666666665,50,10,small_world,0.575,0.0,0.0,3,21,True
300,0.11333333333333333,0.22,0.05,0.11333333333333333,11,7,small_world,0.575,0.0,0.0,3,22,False
300,0.6166666666666667,0.8666666666666667,0.20666666666666667,0.61,44,9,small_world,0.575,0.0,0.0,3,23,True
300,0.66,0.9366666666666666,0.2833333333333333,0.6166666666666667,43,9,small_world,0.575,0.0,0.0,3,24,True
300,0.6566666666666666,0.92,0.23333333333333334,0.64,36,7,small_world,0.575,0.0,0.0,3,25,True
300,0.63,0.8733333333333333,0.30666666666666664,0.5133333333333333,36,15,small_world,0.575,0.0,0.0,3,26,True
300,0.62,0.8966666666666666,0.25,0.6166666666666667,53,8,small_world,0.575,0.0,0.0,3,27,True
300,0.5533333333333333,0.8666666666666667,0.2,0.62,32,6,small_world,0.575,0.0,0.0,3,28,True
300,0.5133333333333333,0.79,0.17,0.5533333333333333,39,9,small_world,0.575,0.0,0.0,3,29,True
300,0.5666666666666667,0.8733333333333333,0.15333333333333332,0.6766666666666666,27,19,small_world,0.6,0.0,0.0,3,0,True
300,0.6066666666666667,0.9133333333333333,0.24666666666666667,0.64,35,14,small_world,0.6,0.0,0.0,3,1,True
300,0.5966666666666667,0.8633333333333333,0.2,0.6033333333333334,59,8,small_world,0.6,0.0,0.0,3,2,True
300,0.5666666666666667,0.8866666666666667,0.20333333333333334,0.64,29,11,small_world,0.6,0.0,0.0,3,3,True
300,0.6266666666666667,0.92,0.19333333333333333,0.6866666666666666,30,17,small_world,0.6,0.0,0.0,3,4,True
300,0.6333333333333333,0.8733333333333333,0.32,0.5233333333333333,33,15,small_world,0.6,0.0,0.0,3,5,True
300,0.6733333333333333,0.93,0.27,0.6333333333333333,54,13,small_world,0.6,0.0,0.0,3,6,True
300,0.67,0.9233333333333333,0.30333333333333334,0.5833333333333334,56,10,small_world,0.6,0.0,0.0,3,7,True
300,0.67,0.8933333333333333,0.21666666666666667,0.6666666666666666,58,7,small_world,0.6,0.0,0.0,3,8,True
300,0.56,0.8233333333333334,0.19,0.5966666666666667,22,28,small_world,0.6,0.0,0.0,3,9,True
300,0.6566666666666666,0.8966666666666666,0.16333333333333333,0.6966666666666667,45,17,small_world,0.6,0.0,0.0,3,10,True
300,0.6233333333333333,0.8966666666666666,0.23,0.63,49,6,small_world,0.6,0.0,0.0,3,11,True
300,0.47333333333333333,0.69,0.16,0.48333333333333334,42,7,small_world,0.6,0.0,0.0,3,12,True
300,0.61,0.89,0.19666666666666666,0.63,34,14,small_world,0.6,0.0,0.0,3,13,True
300,0.5933333333333334,0.8966666666666666,0.19333333333333333,0.6633333333333333,35,11,small_world,0.6,0.0,0.0,3,14,True
300,0.6133333333333333,0.8966666666666666,0.13,0.7233333333333334,35,9,small_world,0.6,0.0,0.0,3,15,True
300,0.5233333333333333,0.8133333333333334,0.18666666666666668,0.57,33,6,small_world,0.6,0.0,0.0,3,16,True
300,0.6933333333333334,0.9033333333333333,0.2966666666666667,0.5933333333333334,35,13,small_world,0.6,0.0,0.0,3,17,True
300,0.63,0.9166666666666666,0.17333333333333334,0.7,40,7,small_world,0.6,0.0,0.0,3,18,True
300,0.6166666666666667,0.9033333333333333,0.3,0.57,43,16,small_world,0.6,0.0,0.0,3,19,True
300,0.45666666666666667,0.74,0.14666666666666667,0.5333333333333333,27,15,small_world,0.6,0.0,0.0,3,20,True
300,0.55,0.82,0.14,0.6366666666666667,37,9,small_world,0.6,0.0,0.0,3,21,True
300,0.49333333333333335,0.7666666666666667,0.16,0.58,36,14,small_world,0.6,0.0,0.0,3,22,True
300,0.6466666666666666,0.94,0.2866666666666667,0.6,48,7,small_world,0.6,0.0,0.0,3,23,True
300,0.68,0.9666666666666667,0.23,0.72,48,12,small_world,0.6,0.0,0.0,3,24,True
300,0.7033333333333334,0.96,0.26666666666666666,0.6666666666666666,40,8,small_world,0.6,0.0,0.0,3,25,True
300,0.6866666666666666,0.9466666666666667,0.2866666666666667,0.64,40,13,small_world,0.6,0.0,0.0,3,26,True
300,0.5433333333333333,0.8766666666666667,0.20666666666666667,0.5966666666666667,39,9,small_world,0.6,0.0,0.0,3,27,True
300,0.61,0.9366666666666666,0.21,0.66,38,12,small_world,0.6,0.0,0.0,3,28,True
300,0.72,0.97,0.26,0.6733333333333333,59,12,small_world,0.6,0.0,0.0,3,29,True
300,0.023333333333333334,0.13666666666666666,0.016666666666666666,0.03,4,1,random,0.05,0.0,0.0,3,0,False
300,0.01,0.06,0.006666666666666667,0.01,3,0,random,0.05,0.0,0.0,3,1,False
300,0.013333333333333334,0.06,0.01,0.016666666666666666,4,1,random,0.05,0.0,0.0,3,2,False
300,0.01,0.07666666666666666,0.0033333333333333335,0.02,3,0,random,0.05,0.0,0.0,3,3,False
300,0.01,0.023333333333333334,0.0033333333333333335,0.013333333333333334,3,0,random,0.05,0.0,0.0,3,4,False
300,0.01,0.043333333333333335,0.006666666666666667,0.006666666666666667,3,0,random,0.05,0.0,0.0,3,5,False
300,0.016666666666666666,0.09333333333333334,0.01,0.02,5,2,random,0.05,0.0,0.0,3,6,False
300,0.01,0.04666666666666667,0.01,0.0033333333333333335,3,0,random,0.05,0.0,0.0,3,7,False
300,0.013333333333333334,0.09333333333333334,0.013333333333333334,0.02,3,0,random,0.05,0.0,0.0,3,8,False
300,0.013333333333333334,0.07333333333333333,0.006666666666666667,0.023333333333333334,4,2,random,0.05,0.0,0.0,3,9,False
300,0.016666666666666666,0.04666666666666667,0.016666666666666666,0.0,4,2,random,0.05,0.0,0.0,3,10,False
300,0.013333333333333334,0.05333333333333334,0.013333333333333334,0.0,3,0,random,0.05,0.0,0.0,3,11,False
300,0.02,0.11333333333333333,0.016666666666666666,0.016666666666666666,6,2,random,0.05,0.0,0.0,3,12,False
300,0.016666666666666666,0.11,0.01,0.02,3,0,random,0.05,0.0,0.0,3,13,False
300,0.01,0.056666666666666664,0.0033333333333333335,0.013333333333333334,3,0,random,0.05,0.0,0.0,3,14,False
300,0.02666666666666667,0.12666666666666668,0.02666666666666667,0.0,5,2,random,0.05,0.0,0.0,3,15,False
300,0.01,0.06333333333333334,0.01,0.006666666666666667,3,0,random,0.05,0.0,0.0,3,16,False
300,0.01,0.06666666666666667,0.01,0.0,3,0,random,0.05,0.0,0.0,3,17,False
300,0.016666666666666666,0.08,0.016666666666666666,0.013333333333333334,4,2,random,0.05,0.0,0.0,3,18,False
300,0.016666666666666666,0.06333333333333334,0.01,0.013333333333333334,3,0,random,0.05,0.0,0.0,3,19,False
300,0.013333333333333334,0.09333333333333334,0.0033333333333333335,0.03666666666666667,4,1,random,0.05,0.0,0.0,3,20,False
300,0.01,0.04666666666666667,0.01,0.0,3,0,random,0.05,0.0,0.0,3,21,False
300,0.013333333333333334,0.05333333333333334,0.01,0.01,4,1,random,0.05,0.0,0.0,3,22,False
300,0.013333333333333334,0.06333333333333334,0.01,0.01,3,0,random,0.05,0.0,0.0,3,23,False
300,0.013333333333333334,0.056666666666666664,0.006666666666666667,0.016666666666666666,3,0,random,0.05,0.0,0.0,3,24,False
300,0.013333333333333334,0.06333333333333334,0.0,0.03666666666666667,4,1,random,0.05,0.0,0.0,3,25,False
300,0.013333333333333334,0.08333333333333333,0.0033333333333333335,0.02666666666666667,3,0,random,0.05,0.0,0.0,3,26,False
300,0.013333333333333334,0.06666666666666667,0.01,0.013333333333333334,3,0,random,0.05,0.0,0.0,3,27,False
300,0.016666666666666666,0.1,0.013333333333333334,0.01,3,0,random,0.05,0.0,0.0,3,28,False
300,0.016666666666666666,0.07666666666666666,0.01,0.02,4,1,random,0.05,0.0,0.0,3,29,False
300,0.03333333333333333,0.15,0.023333333333333334,0.03,6,2,random,0.075,0.0,0.0,3,0,False
300,0.01,0.06,0.006666666666666667,0.01,3,0,random,0.075,0.0,0.0,3,1,False
300,0.03666666666666667,0.17,0.03,0.02,5,2,random,0.075,0.0,0.0,3,2,False
300,0.02666666666666667,0.13666666666666666,0.01,0.04666666666666667,4,2,random,0.075,0.0,0.0,3,3,False
300,0.01,0.023333333333333334,0.0033333333333333335,0.013333333333333334,3,0,random,0.075,0.0,0.0,3,4,False
300,0.023333333333333334,0.08666666666666667,0.02,0.013333333333333334,3,0,random,0.075,0.0,0.0,3,5,False
300,0.02,0.11,0.01,0.02666666666666667,5,2,random,0.075,0.0,0.0,3,6,False
300,0.013333333333333334,0.06,0.013333333333333334,0.0033333333333333335,3,0,random,0.075,0.0,0.0,3,7,False
300,0.013333333333333334,0.09333333333333334,0.0033333333333333335,0.03333333333333333,3,0,random,0.075,0.0,0.0,3,8,False
300,0.013333333333333334,0.07333333333333333,0.006666666666666667,0.023333333333333334,4,2,random,0.075,0.0,0.0,3,9,False
300,0.016666666666666666,0.04666666666666667,0.016666666666666666,0.0,4,2,random,0.075,0.0,0.0,3,10,False
300,0.016666666666666666,0.07,0.01,0.013333333333333334,4,1,random,0.075,0.0,0.0,3,11,False
300,0.02666666666666667,0.14666666666666667,0.023333333333333334,0.016666666666666666,6,2,random,0.075,0.0,0.0,3,12,False
300,0.016666666666666666,0.11,0.01,0.02,3,0,random,0.075,0.0,0.0,3,13,False
300,0.01,0.056666666666666664,0.0033333333333333335,0.013333333333333334,3,0,random,0.075,0.0,0.0,3,14,False
300,0.02666666666666667,0.12666666666666668,0.02666666666666667,0.0,5,2,random,0.075,0.0,0.0,3,15,False
300,0.013333333333333334,0.07666666666666666,0.01,0.01,3,0,random,0.075,0.0,0.0,3,16,False
300,0.013333333333333334,0.06,0.013333333333333334,0.0,4,1,random,0.075,0.0,0.0,3,17,False
300,0.016666666666666666,0.07,0.006666666666666667,0.02666666666666667,5,2,random,0.075,0.0,0.0,3,18,False
300,0.016666666666666666,0.06333333333333334,0.01,0.013333333333333334,3,0,random,0.075,0.0,0.0,3,19,False
300,0.03,0.14666666666666667,0.0033333333333333335,0.07,6,2,random,0.075,0.0,0.0,3,20,False
300,0.01,0.04666666666666667,0.01,0.0,3,0,random,0.075,0.0,0.0,3,21,False
300,0.013333333333333334,0.05333333333333334,0.01,0.01,4,1,random,0.075,0.0,0.0,3,22,False
300,0.013333333333333334,0.06333333333333334,0.01,0.01,3,0,random,0.075,0.0,0.0,3,23,False
300,0.013333333333333334,0.056666666666666664,0.006666666666666667,0.016666666666666666,3,0,random,0.075,0.0,0.0,3,24,False
300,0.013333333333333334,0.06333333333333334,0.0,0.03666666666666667,4,1,random,0.075,0.0,0.0,3,25,False
300,0.013333333333333334,0.08333333333333333,0.0033333333333333335,0.02666666666666667,3,0,random,0.075,0.0,0.0,3,26,False
300,0.013333333333333334,0.06666666666666667,0.01,0.013333333333333334,3,0,random,0.075,0.0,0.0,3,27,False
300,0.03,0.2,0.013333333333333334,0.06333333333333334,5,5,random,0.075,0.0,0.0,3,28,False
300,0.016666666666666666,0.07666666666666666,0.01,0.02,4,1,random,0.075,0.0,0.0,3,29,False
300,0.05,0.24,0.03,0.07,7,4,random,0.1,0.0,0.0,3,0,False
300,0.02,0.09333333333333334,0.02,0.006666666666666667,4,1,random,0.1,0.0,0.0,3,1,False
300,0.03666666666666667,0.17,0.03,0.02,5,2,random,0.1,0.0,0.0,3,2,False
300,0.02666666666666667,0.13666666666666666,0.01,0.04666666666666667,4,2,random,0.1,0.0,0.0,3,3,False
300,0.01,0.023333333333333334,0.0033333333333333335,0.013333333333333334,3,0,random,0.1,0.0,0.0,3,4,False
300,0.03,0.13,0.02,0.023333333333333334,4,6,random,0.1,0.0,0.0,3,5,False
300,0.03,0.13,0.023333333333333334,0.02,5,2,random,0.1,0.0,0.0,3,6,False
300,0.013333333333333334,0.06,0.013333333333333334,0.0033333333333333335,3,0,random,0.1,0.0,0.0,3,7,False
300,0.013333333333333334,0.09333333333333334,0.0033333333333333335,0.03333333333333333,3,0,random,0.1,0.0,0.0,3,8,False
300,0.016666666666666666,0.08666666666666667,0.006666666666666667,0.03666666666666667,5,2,random,0.1,0.0,0.0,3,9,False
300,0.023333333333333334,0.08333333333333333,0.02,0.016666666666666666,5,2,random,0.1,0.0,0.0,3,10,False
300,0.016666666666666666,0.07,0.01,0.013333333333333334,4,1,random,0.1,0.0,0.0,3,11,False
300,0.03,0.15666666666666668,0.023333333333333334,0.023333333333333334,6,2,random,0.1,0.0,0.0,3,12,False
300,0.016666666666666666,0.11,0.01,0.02,3,0,random,0.1,0.0,0.0,3,13,False
300,0.01,0.056666666666666664,0.0033333333333333335,0.013333333333333334,3,0,random,0.1,0.0,0.0,3,14,False
300,0.02666666666666667,0.12666666666666668,0.02666666666666667,0.0,5,2,random,0.1,0.0,0.0,3,15,False
300,0.023333333333333334,0.13333333333333333,0.01,0.05,5,2,random,0.1,0.0,0.0,3,16,False
300,0.016666666666666666,0.07333333333333333,0.016666666666666666,0.0,4,1,random,0.1,0.0,0.0,3,17,False
300,0.016666666666666666,0.07,0.006666666666666667,0.02666666666666667,5,2,random,0.1,0.0,0.0,3,18,False
300,0.02,0.07666666666666666,0.013333333333333334,0.02,5,2,random,0.1,0.0,0.0,3,19,False
300,0.03,0.14666666666666667,0.0033333333333333335,0.07,6,2,random,0.1,0.0,0.0,3,20,False
300,0.01,0.04666666666666667,0.01,0.0,3,0,random,0.1,0.0,0.0,3,21,False
300,0.013333333333333334,0.05333333333333334,0.01,0.01,4,1,random,0.1,0.0,0.0,3,22,False
300,0.03333333333333333,0.14666666666666667,0.02666666666666667,0.016666666666666666,3,0,random,0.1,0.0,0.0,3,23,False
300,0.013333333333333334,0.06,0.006666666666666667,0.023333333333333334,4,2,random,0.1,0.0,0.0,3,24,False
300,0.05333333333333334,0.21,0.04,0.05333333333333334,5,2,random,0.1,0.0,0.0,3,25,False
300,0.02,0.11333333333333333,0.013333333333333334,0.016666666666666666,4,1,random,0.1,0.0,0.0,3,26,False
300,0.013333333333333334,0.06666666666666667,0.01,0.013333333333333334,3,0,random,0.1,0.0,0.0,3,27,False
300,0.04,0.22333333333333333,0.023333333333333334,0.056666666666666664,6,6,random,0.1,0.0,0.0,3,28,False
300,0.02666666666666667,0.13333333333333333,0.02,0.023333333333333334,4,1,random,0.1,0.0,0.0,3,29,False
300,0.06333333333333334,0.25,0.04666666666666667,0.06,10,4,random,0.125,0.0,0.0,3,0,False
300,0.02,0.09333333333333334,0.02,0.006666666666666667,4,1,random,0.125,0.0,0.0,3,1,False
300,0.03666666666666667,0.17,0.03,0.02,5,2,random,0.125,0.0,0.0,3,2,False
300,0.02666666666666667,0.13666666666666666,0.01,0.04666666666666667,4,2,random,0.125,0.0,0.0,3,3,False
300,0.01,0.023333333333333334,0.0033333333333333335,0.013333333333333334,3,0,random,0.125,0.0,0.0,3,4,False
300,0.03,0.13,0.02,0.023333333333333334,4,6,random,0.125,0.0,0.0,3,5,False
300,0.03,0.13,0.023333333333333334,0.02,5,2,random,0.125,0.0,0.0,3,6,False
300,0.016666666666666666,0.07666666666666666,0.016666666666666666,0.006666666666666667,3,0,random,0.125,0.0,0.0,3,7,False
300,0.013333333333333334,0.09333333333333334,0.0033333333333333335,0.03333333333333333,3,0,random,0.125,0.0,0.0,3,8,False
300,0.016666666666666666,0.08666666666666667,0.006666666666666667,0.03666666666666667,5,2,random,0.125,0.0,0.0,3,9,False
300,0.03,0.11333333333333333,0.02666666666666667,0.01,6,2,random,0.125,0.0,0.0,3,10,False
300,0.02,0.08333333333333333,0.013333333333333334,0.013333333333333334,4,1,random,0.125,0.0,0.0,3,11,False
300,0.03333333333333333,0.15666666666666668,0.02666666666666667,0.023333333333333334,6,2,random,0.125,0.0,0.0,3,12,False
300,0.016666666666666666,0.11,0.01,0.02,3,0,random,0.125,0.0,0.0,3,13,False
300,0.01,0.056666666666666664,0.0033333333333333335,0.013333333333333334,3,0,random,0.125,0.0,0.0,3,14,False
300,0.03,0.14,0.03,0.0,5,2,random,0.125,0.0,0.0,3,15,False
300,0.023333333333333334,0.13333333333333333,0.01,0.05,5,2,random,0.125,0.0,0.0,3,16,False
300,0.016666666666666666,0.07333333333333333,0.016666666666666666,0.0,4,1,random,0.125,0.0,0.0,3,17,False
300,0.016666666666666666,0.07,0.006666666666666667,0.02666666666666667,5,2,random,0.125,0.0,0.0,3,18,False
300,0.02,0.07666666666666666,0.013333333333333334,0.02,5,2,random,0.125,0.0,0.0,3,19,False
300,0.03,0.14666666666666667,0.0033333333333333335,0.08333333333333333,6,2,random,0.125,0.0,0.0,3,20,False
300,0.01,0.04666666666666667,0.01,0.0,3,0,random,0.125,0.0,0.0,3,21,False
300,0.016666666666666666,0.07,0.013333333333333334,0.01,4,1,random,0.125,0.0,0.0,3,22,False
300,0.03333333333333333,0.14666666666666667,0.02666666666666667,0.016666666666666666,3,0,random,0.125,0.0,0.0,3,23,False
300,0.02666666666666667,0.12333333333333334,0.013333333333333334,0.04,4,2,random,0.125,0.0,0.0,3,24,False
300,0.05333333333333334,0.20666666666666667,0.03333333333333333,0.06,6,2,random,0.125,0.0,0.0,3,25,False
300,0.023333333333333334,0.12333333333333334,0.016666666666666666,0.02,4,1,random,0.125,0.0,0.0,3,26,False
300,0.013333333333333334,0.06666666666666667,0.01,0.013333333333333334,3,0,random,0.125,0.0,0.0,3,27,False
300,0.04666666666666667,0.21,0.03,0.056666666666666664,4,1,random,0.125,0.0,0.0,3,28,False
300,0.02,0.08,0.01,0.023333333333333334,5,2,random,0.125,0.0,0.0,3,29,False
300,0.056666666666666664,0.25333333333333335,0.03,0.05333333333333334,8,2,random,0.15,0.0,0.0,3,0,False
300,0.02,0.09333333333333334,0.02,0.006666666666666667,4,1,random,0.15,0.0,0.0,3,1,False
300,0.04,0.17,0.03,0.03,5,2,random,0.15,0.0,0.0,3,2,False
300,0.02666666666666667,0.13666666666666666,0.01,0.04666666666666667,4,2,random,0.15,0.0,0.0,3,3,False
300,0.01,0.023333333333333334,0.0033333333333333335,0.013333333333333334,3,0,random,0.15,0.0,0.0,3,4,False
300,0.03,0.13,0.02,0.023333333333333334,4,6,random,0.15,0.0,0.0,3,5,False
300,0.03,0.13,0.023333333333333334,0.02,5,2,random,0.15,0.0,0.0,3,6,False
300,0.016666666666666666,0.07666666666666666,0.016666666666666666,0.006666666666666667,3,0,random,0.15,0.0,0.0,3,7,False
300,0.023333333333333334,0.13,0.013333333333333334,0.03333333333333333,4,2,random,0.15,0.0,0.0,3,8,False
300,0.016666666666666666,0.08666666666666667,0.006666666666666667,0.03666666666666667,5,2,random,0.15,0.0,0.0,3,9,False
300,0.03,0.11333333333333333,0.02666666666666667,0.01,6,2,random,0.15,0.0,0.0,3,10,False
300,0.07666666666666666,0.26666666666666666,0.056666666666666664,0.06,8,6,random,0.15,0.0,0.0,3,11,False
300,0.07,0.28,0.04666666666666667,0.06,6,2,random,0.15,0.0,0.0,3,12,False
300,0.09666666666666666,0.35333333333333333,0.06,0.13,8,6,random,0.15,0.0,0.0,3,13,False
300,0.013333333333333334,0.07,0.01,0.016666666666666666,3,0,random,0.15,0.0,0.0,3,14,False
300,0.03666666666666667,0.14666666666666667,0.03666666666666667,0.0,5,2,random,0.15,0.0,0.0,3,15,False
300,0.09,0.37666666666666665,0.04666666666666667,0.13666666666666666,6,17,random,0.15,0.0,0.0,3,16,False
300,0.016666666666666666,0.07333333333333333,0.016666666666666666,0.0,4,1,random,0.15,0.0,0.0,3,17,False
300,0.043333333333333335,0.20666666666666667,0.023333333333333334,0.06333333333333334,6,8,random,0.15,0.0,0.0,3,18,False
300,0.03,0.12,0.013333333333333334,0.05,5,2,random,0.15,0.0,0.0,3,19,False
300,0.07,0.32666666666666666,0.03666666666666667,0.12666666666666668,10,5,random,0.15,0.0,0.0,3,20,False
300,0.01,0.04666666666666667,0.01,0.0,3,0,random,0.15,0.0,0.0,3,21,False
300,0.023333333333333334,0.09666666666666666,0.013333333333333334,0.023333333333333334,4,1,random,0.15,0.0,0.0,3,22,False
300,0.03333333333333333,0.14666666666666667,0.02666666666666667,0.016666666666666666,3,0,random,0.15,0.0,0.0,3,23,False
300,0.03333333333333333,0.12666666666666668,0.02666666666666667,0.023333333333333334,4,2,random,0.15,0.0,0.0,3,24,False
300,0.05333333333333334,0.20666666666666667,0.03333333333333333,0.06,6,2,random,0.15,0.0,0.0,3,25,False
300,0.043333333333333335,0.19666666666666666,0.03333333333333333,0.03,4,1,random,0.15,0.0,0.0,3,26,False
300,0.013333333333333334,0.06666666666666667,0.01,0.013333333333333334,3,0,random,0.15,0.0,0.0,3,27,False
300,0.023333333333333334,0.08666666666666667,0.013333333333333334,0.02,4,1,random,0.15,0.0,0.0,3,28,False
300,0.023333333333333334,0.09,0.013333333333333334,0.02666666666666667,5,2,random,0.15,0.0,0.0,3,29,False
300,0.06333333333333334,0.26,0.03666666666666667,0.056666666666666664,8,2,random,0.175,0.0,0.0,3,0,False
300,0.02,0.09333333333333334,0.02,0.006666666666666667,4,1,random,0.175,0.0,0.0,3,1,False
300,0.05,0.19666666666666666,0.03,0.06,7,5,random,0.175,0.0,0.0,3,2,False
300,0.02666666666666667,0.13666666666666666,0.01,0.04666666666666667,4,2,random,0.175,0.0,0.0,3,3,False
300,0.01,0.023333333333333334,0.0033333333333333335,0.013333333333333334,3,0,random,0.175,0.0,0.0,3,4,False
300,0.11,0.3933333333333333,0.07666666666666666,0.1,9,19,random,0.175,0.0,0.0,3,5,False
300,0.07666666666666666,0.3,0.06666666666666667,0.056666666666666664,8,4,random,0.175,0.0,0.0,3,6,False
300,0.023333333333333334,0.09333333333333334,0.023333333333333334,0.006666666666666667,3,0,random,0.175,0.0,0.0,3,7,False
300,0.21666666666666667,0.6533333333333333,0.10666666666666667,0.3433333333333333,14,9,random,0.175,0.0,0.0,3,8,True
300,0.016666666666666666,0.08666666666666667,0.006666666666666667,0.03666666666666667,5,2,random,0.175,0.0,0.0,3,9,False
300,0.03,0.11333333333333333,0.02666666666666667,0.01,6,2,random,0.175,0.0,0.0,3,10,False
300,0.08,0.26666666666666666,0.06,0.06,8,6,random,0.175,0.0,0.0,3,11,False
300,0.08333333333333333,0.3466666666666667,0.06666666666666667,0.07333333333333333,10,5,random,0.175,0.0,0.0,3,12,False
300,0.12333333333333334,0.42,0.08666666666666667,0.15333333333333332,8,6,random,0.175,0.0,0.0,3,13,False
300,0.013333333333333334,0.07,0.01,0.016666666666666666,3,0,random,0.175,0.0,0.0,3,14,False
300,0.05,0.2,0.04666666666666667,0.023333333333333334,6,8,random,0.175,0.0,0.0,3,15,False
300,0.15,0.5533333333333333,0.07333333333333333,0.23,11,15,random,0.175,0.0,0.0,3,16,False
300,0.016666666666666666,0.07333333333333333,0.016666666666666666,0.0,4,1,random,0.175,0.0,0.0,3,17,False
300,0.13,0.45,0.07333333333333333,0.14666666666666667,11,11,random,0.175,0.0,0.0,3,18,False
300,0.12666666666666668,0.41,0.09,0.10666666666666667,10,5,random,0.175,0.0,0.0,3,19,False
300,0.11333333333333333,0.4633333333333333,0.056666666666666664,0.2,13,6,random,0.175,0.0,0.0,3,20,False
300,0.05333333333333334,0.19333333333333333,0.03666666666666667,0.03666666666666667,6,7,random,0.175,0.0,0.0,3,21,False
300,0.04,0.15666666666666668,0.023333333333333334,0.04666666666666667,7,2,random,0.175,0.0,0.0,3,22,False
300,0.22,0.62,0.14,0.26,9,20,random,0.175,0.0,0.0,3,23,True
300,0.07666666666666666,0.26,0.06666666666666667,0.043333333333333335,6,4,random,0.175,0.0,0.0,3,24,False
300,0.07,0.25333333333333335,0.05,0.06666666666666667,11,11,random,0.175,0.0,0.0,3,25,False
300,0.14666666666666667,0.45666666666666667,0.09666666666666666,0.12,9,27,random,0.175,0.0,0.0,3,26,False
300,0.10333333333333333,0.4066666666666667,0.06,0.12333333333333334,8,6,random,0.175,0.0,0.0,3,27,False
300,0.03333333333333333,0.12,0.02,0.03,4,1,random,0.175,0.0,0.0,3,28,False
300,0.03666666666666667,0.14666666666666667,0.03,0.03,5,2,random,0.175,0.0,0.0,3,29,False
300,0.16333333333333333,0.53,0.1,0.19,10,6,random,0.2,0.0,0.0,3,0,False
300,0.02,0.09333333333333334,0.02,0.006666666666666667,4,1,random,0.2,0.0,0.0,3,1,False
300,0.09666666666666666,0.38333333333333336,0.08666666666666667,0.05333333333333334,12,5,random,0.2,0.0,0.0,3,2,False
300,0.03333333333333333,0.15666666666666668,0.016666666666666666,0.05333333333333334,4,2,random,0.2,0.0,0.0,3,3,False
300,0.01,0.023333333333333334,0.0033333333333333335,0.013333333333333334,3,0,random,0.2,0.0,0.0,3,4,False
300,0.13333333333333333,0.45,0.09,0.15333333333333332,11,15,random,0.2,0.0,0.0,3,5,False
300,0.13666666666666666,0.43666666666666665,0.08333333333333333,0.12333333333333334,15,9,random,0.2,0.0,0.0,3,6,False
300,0.02,0.08,0.016666666666666666,0.01,4,1,random,0.2,0.0,0.0,3,7,False
300,0.12333333333333334,0.4166666666666667,0.07333333333333333,0.13333333333333333,12,4,random,0.2,0.0,0.0,3,8,False
300,0.016666666666666666,0.08666666666666667,0.006666666666666667,0.03666666666666667,5,2,random,0.2,0.0,0.0,3,9,False
300,0.03333333333333333,0.13333333333333333,0.03333333333333333,0.01,6,2,random,0.2,0.0,0.0,3,10,False
300,0.12,0.43666666666666665,0.06333333333333334,0.16,9,12,random,0.2,0.0,0.0,3,11,False
300,0.09333333333333334,0.38333333333333336,0.06666666666666667,0.07666666666666666,7,3,random,0.2,0.0,0.0,3,12,False
300,0.09333333333333334,0.33666666666666667,0.043333333333333335,0.18,8,8,random,0.2,0.0,0.0,3,13,False
300,0.17666666666666667,0.5466666666666666,0.12333333333333334,0.16666666666666666,9,7,random,0.2,0.0,0.0,3,14,False
300,0.08,0.30333333333333334,0.04666666666666667,0.07666666666666666,6,2,random,0.2,0.0,0.0,3,15,False
300,0.16666666666666666,0.55,0.08666666666666667,0.22333333333333333,12,18,random,0.2,0.0,0.0,3,16,False
300,0.016666666666666666,0.07333333333333333,0.016666666666666666,0.0,4,1,random,0.2,0.0,0.0,3,17,False
300,0.21333333333333335,0.6066666666666667,0.14666666666666667,0.22333333333333333,12,21,random,0.2,0.0,0.0,3,18,True
300,0.05333333333333334,0.17333333333333334,0.03333333333333333,0.07333333333333333,6,1,random,0.2,0.0,0.0,3,19,False
300,0.13333333333333333,0.44333333333333336,0.08,0.15333333333333332,10,5,random,0.2,0.0,0.0,3,20,False
300,0.06333333333333334,0.23,0.043333333333333335,0.05,6,7,random,0.2,0.0,0.0,3,21,False
300,0.06,0.23,0.03666666666666667,0.08666666666666667,8,2,random,0.2,0.0,0.0,3,22,False
300,0.03666666666666667,0.11666666666666667,0.03333333333333333,0.006666666666666667,5,6,random,0.2,0.0,0.0,3,23,False
300,0.04,0.15,0.03,0.04666666666666667,7,2,random,0.2,0.0,0.0,3,24,False
300,0.2,0.6066666666666667,0.12,0.24,18,12,random,0.2,0.0,0.0,3,25,False
300,0.05333333333333334,0.21,0.03,0.06,7,8,random,0.2,0.0,0.0,3,26,False
300,0.18666666666666668,0.5866666666666667,0.13,0.16666666666666666,13,12,random,0.2,0.0,0.0,3,27,False
300,0.16333333333333333,0.5066666666666667,0.08,0.22333333333333333,14,8,random,0.2,0.0,0.0,3,28,False
300,0.12333333333333334,0.4166666666666667,0.08333333333333333,0.13333333333333333,10,11,random,0.2,0.0,0.0,3,29,False
300,0.27666666666666667,0.7233333333333334,0.14,0.35,22,6,random,0.225,0.0,0.0,3,0,True
300,0.07333333333333333,0.32666666666666666,0.043333333333333335,0.1,8,4,random,0.225,0.0,0.0,3,1,False
300,0.10333333333333333,0.41333333333333333,0.06666666666666667,0.13,12,5,random,0.225,0.0,0.0,3,2,False
300,0.03666666666666667,0.17,0.016666666666666666,0.07333333333333333,5,2,random,0.225,0.0,0.0,3,3,False
300,0.01,0.023333333333333334,0.0033333333333333335,0.013333333333333334,3,0,random,0.225,0.0,0.0,3,4,False
300,0.15,0.5033333333333333,0.09333333333333334,0.19666666666666666,11,16,random,0.225,0.0,0.0,3,5,False
300,0.19333333333333333,0.5933333333333334,0.09,0.2833333333333333,14,9,random,0.225,0.0,0.0,3,6,False
300,0.02,0.08,0.016666666666666666,0.01,4,1,random,0.225,0.0,0.0,3,7,False
300,0.19333333333333333,0.5433333333333333,0.10333333333333333,0.25666666666666665,12,20,random,0.225,0.0,0.0,3,8,False
300,0.016666666666666666,0.08666666666666667,0.006666666666666667,0.03666666666666667,5,2,random,0.225,0.0,0.0,3,9,False
300,0.08666666666666667,0.30333333333333334,0.05,0.1,9,6,random,0.225,0.0,0.0,3,10,False
300,0.22,0.6533333333333333,0.13333333333333333,0.24333333333333335,20,10,random,0.225,0.0,0.0,3,11,True
300,0.10666666666666667,0.41333333333333333,0.07666666666666666,0.08666666666666667,10,8,random,0.225,0.0,0.0,3,12,False
300,0.22,0.6166666666666667,0.13333333333333333,0.26,16,12,random,0.225,0.0,0.0,3,13,True
300,0.17666666666666667,0.5466666666666666,0.12333333333333334,0.16666666666666666,9,7,random,0.225,0.0,0.0,3,14,False
300,0.05333333333333334,0.21,0.03666666666666667,0.03333333333333333,6,2,random,0.225,0.0,0.0,3,15,False
300,0.21666666666666667,0.63,0.14,0.23333333333333334,14,15,random,0.225,0.0,0.0,3,16,True
300,0.016666666666666666,0.07333333333333333,0.016666666666666666,0.0,4,1,random,0.225,0.0,0.0,3,17,False
300,0.24666666666666667,0.6666666666666666,0.11,0.32666666666666666,19,10,random,0.225,0.0,0.0,3,18,True
300,0.05333333333333334,0.17333333333333334,0.03333333333333333,0.07333333333333333,6,1,random,0.225,0.0,0.0,3,19,False
300,0.14333333333333334,0.49333333333333335,0.07,0.2,11,5,random,0.225,0.0,0.0,3,20,False
300,0.19333333333333333,0.5466666666666666,0.13,0.20333333333333334,12,11,random,0.225,0.0,0.0,3,21,False
300,0.06,0.22666666666666666,0.03666666666666667,0.06333333333333334,8,2,random,0.225,0.0,0.0,3,22,False
300,0.03666666666666667,0.11666666666666667,0.03333333333333333,0.006666666666666667,5,6,random,0.225,0.0,0.0,3,23,False
300,0.04,0.15,0.03,0.04666666666666667,7,2,random,0.225,0.0,0.0,3,24,False
300,0.24,0.6333333333333333,0.17,0.22666666666666666,22,12,random,0.225,0.0,0.0,3,25,True
300,0.24333333333333335,0.6533333333333333,0.13333333333333333,0.3333333333333333,21,12,random,0.225,0.0,0.0,3,26,True
300,0.23666666666666666,0.6366666666666667,0.15,0.2833333333333333,14,15,random,0.225,0.0,0.0,3,27,True
300,0.25,0.71,0.12666666666666668,0.28,18,8,random,0.225,0.0,0.0,3,28,True
300,0.14666666666666667,0.4533333333333333,0.09,0.15333333333333332,13,6,random,0.225,0.0,0.0,3,29,False
300,0.2833333333333333,0.6966666666666667,0.17333333333333334,0.2633333333333333,19,12,random,0.25,0.0,0.0,3,0,True
300,0.13666666666666666,0.4866666666666667,0.05,0.27,9,16,random,0.25,0.0,0.0,3,1,False
300,0.25333333333333335,0.7066666666666667,0.15,0.30333333333333334,14,17,random,0.25,0.0,0.0,3,2,True
300,0.04666666666666667,0.17333333333333334,0.02666666666666667,0.05333333333333334,8,4,random,0.25,0.0,0.0,3,3,False
300,0.01,0.023333333333333334,0.0033333333333333335,0.013333333333333334,3,0,random,0.25,0.0,0.0,3,4,False
300,0.22333333333333333,0.5966666666666667,0.15333333333333332,0.2,12,21,random,0.25,0.0,0.0,3,5,True
300,0.23,0.6466666666666666,0.13333333333333333,0.25333333333333335,17,12,random,0.25,0.0,0.0,3,6,True
300,0.02,0.08,0.016666666666666666,0.01,4,1,random,0.25,0.0,0.0,3,7,False
300,0.21666666666666667,0.6233333333333333,0.14,0.24333333333333335,14,14,random,0.25,0.0,0.0,3,8,True
300,0.37666666666666665,0.8333333333333334,0.21666666666666667,0.4,28,23,random,0.25,0.0,0.0,3,9,True
300,0.10666666666666667,0.33666666666666667,0.08,0.08333333333333333,13,7,random,0.25,0.0,0.0,3,10,False
300,0.20666666666666667,0.5933333333333334,0.1,0.28,19,8,random,0.25,0.0,0.0,3,11,True
300,0.2633333333333333,0.6866666666666666,0.16666666666666666,0.2633333333333333,15,7,random,0.25,0.0,0.0,3,12,True
300,0.23666666666666666,0.6166666666666667,0.12,0.3,22,9,random,0.25,0.0,0.0,3,13,True
300,0.1,0.33,0.05,0.12,15,6,random,0.25,0.0,0.0,3,14,False
300,0.12333333333333334,0.4,0.08666666666666667,0.11,8,16,random,0.25,0.0,0.0,3,15,False
300,0.18666666666666668,0.56,0.08333333333333333,0.30666666666666664,10,3,random,0.25,0.0,0.0,3,16,False
300,0.016666666666666666,0.07333333333333333,0.016666666666666666,0.0,4,1,random,0.25,0.0,0.0,3,17,False
300,0.31333333333333335,0.75,0.19666666666666666,0.32,21,14,random,0.25,0.0,0.0,3,18,True
300,0.05333333333333334,0.17333333333333334,0.03333333333333333,0.07333333333333333,6,1,random,0.25,0.0,0.0,3,19,False
300,0.21,0.5966666666666667,0.11666666666666667,0.25,14,9,random,0.25,0.0,0.0,3,20,True
300,0.29333333333333333,0.7,0.16,0.37666666666666665,23,16,random,0.25,0.0,0.0,3,21,True
300,0.10666666666666667,0.38666666666666666,0.043333333333333335,0.18333333333333332,12,4,random,0.25,0.0,0.0,3,22,False
300,0.03666666666666667,0.11666666666666667,0.03333333333333333,0.006666666666666667,5,6,random,0.25,0.0,0.0,3,23,False
300,0.04,0.15,0.03,0.04666666666666667,7,2,random,0.25,0.0,0.0,3,24,False
300,0.24,0.69,0.13,0.30666666666666664,22,12,random,0.25,0.0,0.0,3,25,True
300,0.2833333333333333,0.7066666666666667,0.15,0.36,20,11,random,0.25,0.0,0.0,3,26,True
300,0.18333333333333332,0.5266666666666666,0.10666666666666667,0.23666666666666666,16,13,random,0.25,0.0,0.0,3,27,False
300,0.17666666666666667,0.5566666666666666,0.09,0.22333333333333333,21,8,random,0.25,0.0,0.0,3,28,False
300,0.19333333333333333,0.5833333333333334,0.1,0.25333333333333335,20,9,random,0.25,0.0,0.0,3,29,False
300,0.13,0.38666666666666666,0.07,0.16666666666666666,12,3,random,0.275,0.0,0.0,3,0,False
300,0.21,0.6133333333333333,0.10333333333333333,0.3233333333333333,10,14,random,0.275,0.0,0.0,3,1,True
300,0.10666666666666667,0.35,0.07,0.1,16,6,random,0.275,0.0,0.0,3,2,False
300,0.04666666666666667,0.17333333333333334,0.02666666666666667,0.05333333333333334,8,4,random,0.275,0.0,0.0,3,3,False
300,0.01,0.023333333333333334,0.0033333333333333335,0.013333333333333334,3,0,random,0.275,0.0,0.0,3,4,False
300,0.21666666666666667,0.6266666666666667,0.1,0.3333333333333333,15,14,random,0.275,0.0,0.0,3,5,True
300,0.29,0.69,0.13,0.35333333333333333,20,13,random,0.275,0.0,0.0,3,6,True
300,0.26666666666666666,0.6766666666666666,0.11666666666666667,0.37666666666666665,24,16,random,0.275,0.0,0.0,3,7,True
300,0.24333333333333335,0.7033333333333334,0.09666666666666666,0.4166666666666667,17,12,random,0.275,0.0,0.0,3,8,True
300,0.30666666666666664,0.77,0.14,0.43,20,18,random,0.275,0.0,0.0,3,9,True
300,0.27,0.6266666666666667,0.19333333333333333,0.22666666666666666,17,19,random,0.275,0.0,0.0,3,10,True
300,0.30666666666666664,0.74,0.16333333333333333,0.36666666666666664,27,8,random,0.275,0.0,0.0,3,11,True
300,0.24333333333333335,0.6566666666666666,0.10666666666666667,0.31666666666666665,12,13,random,0.275,0.0,0.0,3,12,True
300,0.30666666666666664,0.7266666666666667,0.23,0.24333333333333335,21,7,random,0.275,0.0,0.0,3,13,True
300,0.23,0.6466666666666666,0.10333333333333333,0.35333333333333333,13,20,random,0.275,0.0,0.0,3,14,True
300,0.26,0.7133333333333334,0.13333333333333333,0.34,18,13,random,0.275,0.0,0.0,3,15,True
300,0.24333333333333335,0.6266666666666667,0.15666666666666668,0.25333333333333335,13,5,random,0.275,0.0,0.0,3,16,True
300,0.016666666666666666,0.07333333333333333,0.016666666666666666,0.0,4,1,random,0.275,0.0,0.0,3,17,False
300,0.27,0.73,0.16,0.33,19,8,random,0.275,0.0,0.0,3,18,True
300,0.2833333333333333,0.7066666666666667,0.17,0.33666666666666667,17,28,random,0.275,0.0,0.0,3,19,True
300,0.24,0.6333333333333333,0.13333333333333333,0.32,15,5,random,0.275,0.0,0.0,3,20,True
300,0.33,0.7666666666666667,0.19,0.37666666666666665,23,14,random,0.275,0.0,0.0,3,21,True
300,0.26,0.6933333333333334,0.14,0.33,16,13,random,0.275,0.0,0.0,3,22,True
300,0.36333333333333334,0.8266666666666667,0.19333333333333333,0.44666666666666666,31,24,random,0.275,0.0,0.0,3,23,True
300,0.23333333333333334,0.6333333333333333,0.15,0.28,13,6,random,0.275,0.0,0.0,3,24,True
300,0.35,0.77,0.18,0.36,39,10,random,0.275,0.0,0.0,3,25,True
300,0.36333333333333334,0.7833333333333333,0.23,0.34,22,10,random,0.275,0.0,0.0,3,26,True
300,0.29,0.71,0.16333333333333333,0.31,28,6,random,0.275,0.0,0.0,3,27,True
300,0.34,0.7666666666666667,0.16,0.43333333333333335,27,9,random,0.275,0.0,0.0,3,28,True
300,0.2966666666666667,0.72,0.15666666666666668,0.36,27,11,random,0.275,0.0,0.0,3,29,True
300,0.33,0.7833333333333333,0.20666666666666667,0.3233333333333333,27,13,random,0.3,0.0,0.0,3,0,True
300,0.31,0.7466666666666667,0.13,0.46,18,20,random,0.3,0.0,0.0,3,1,True
300,0.2966666666666667,0.7,0.15,0.3433333333333333,18,16,random,0.3,0.0,0.0,3,2,True
300,0.03666666666666667,0.18,0.023333333333333334,0.056666666666666664,7,2,random,0.3,0.0,0.0,3,3,False
300,0.01,0.023333333333333334,0.0033333333333333335,0.013333333333333334,3,0,random,0.3,0.0,0.0,3,4,False
300,0.21666666666666667,0.6266666666666667,0.1,0.3333333333333333,15,14,random,0.3,0.0,0.0,3,5,True
300,0.24,0.6233333333333333,0.12333333333333334,0.29333333333333333,20,10,random,0.3,0.0,0.0,3,6,True
300,0.27,0.69,0.11666666666666667,0.4033333333333333,23,14,random,0.3,0.0,0.0,3,7,True
300,0.30666666666666664,0.77,0.17,0.35333333333333333,34,9,random,0.3,0.0,0.0,3,8,True
300,0.3233333333333333,0.7866666666666666,0.18,0.39666666666666667,18,14,random,0.3,0.0,0.0,3,9,True
300,0.22666666666666666,0.5966666666666667,0.10666666666666667,0.34,15,11,random,0.3,0.0,0.0,3,10,True
300,0.30666666666666664,0.7366666666666667,0.16333333333333333,0.37333333333333335,27,8,random,0.3,0.0,0.0,3,11,True
300,0.24333333333333335,0.6666666666666666,0.15666666666666668,0.28,16,6,random,0.3,0.0,0.0,3,12,True
300,0.26,0.6,0.09,0.35,29,7,random,0.3,0.0,0.0,3,13,True
300,0.29333333333333333,0.7333333333333333,0.10333333333333333,0.48333333333333334,18,5,random,0.3,0.0,0.0,3,14,True
300,0.43666666666666665,0.8566666666666667,0.30333333333333334,0.37333333333333335,33,16,random,0.3,0.0,0.0,3,15,True
300,0.3233333333333333,0.7666666666666667,0.16666666666666666,0.39,20,12,random,0.3,0.0,0.0,3,16,True
300,0.30666666666666664,0.7366666666666667,0.14333333333333334,0.41,24,12,random,0.3,0.0,0.0,3,17,True
300,0.45,0.8866666666666667,0.30666666666666664,0.38666666666666666,27,13,random,0.3,0.0,0.0,3,18,True
300,0.31,0.7266666666666667,0.14666666666666667,0.38666666666666666,19,18,random,0.3,0.0,0.0,3,19,True
300,0.25333333333333335,0.6566666666666666,0.10666666666666667,0.38666666666666666,23,9,random,0.3,0.0,0.0,3,20,True
300,0.27666666666666667,0.7033333333333334,0.14666666666666667,0.36333333333333334,17,9,random,0.3,0.0,0.0,3,21,True
300,0.36666666666666664,0.8166666666666667,0.20666666666666667,0.43,19,19,random,0.3,0.0,0.0,3,22,True
300,0.3333333333333333,0.81,0.2,0.3933333333333333,16,22,random,0.3,0.0,0.0,3,23,True
300,0.2833333333333333,0.7166666666666667,0.16666666666666666,0.3566666666666667,23,15,random,0.3,0.0,0.0,3,24,True
300,0.32,0.75,0.17333333333333334,0.39,29,9,random,0.3,0.0,0.0,3,25,True
300,0.37666666666666665,0.7966666666666666,0.22,0.39,29,9,random,0.3,0.0,0.0,3,26,True
300,0.31,0.75,0.12333333333333334,0.4166666666666667,32,5,random,0.3,0.0,0.0,3,27,True
300,0.36,0.8233333333333334,0.14666666666666667,0.49666666666666665,39,7,random,0.3,0.0,0.0,3,28,True
300,0.36333333333333334,0.78,0.18666666666666668,0.44333333333333336,32,9,random,0.3,0.0,0.0,3,29,True
300,0.36666666666666664,0.8066666666666666,0.19666666666666666,0.41333333333333333,26,14,random,0.325,0.0,0.0,3,0,True
300,0.2733333333333333,0.6733333333333333,0.13333333333333333,0.36,28,9,random,0.325,0.0,0.0,3,1,True
300,0.36,0.7733333333333333,0.23333333333333334,0.3433333333333333,29,12,random,0.325,0.0,0.0,3,2,True
300,0.10333333333333333,0.37666666666666665,0.06,0.15,9,13,random,0.325,0.0,0.0,3,3,False
300,0.01,0.023333333333333334,0.0033333333333333335,0.013333333333333334,3,0,random,0.325,0.0,0.0,3,4,False
300,0.27666666666666667,0.7,0.10666666666666667,0.42,20,10,random,0.325,0.0,0.0,3,5,True
300,0.32,0.7466666666666667,0.13666666666666666,0.45666666666666667,19,11,random,0.325,0.0,0.0,3,6,True
300,0.26666666666666666,0.67,0.13666666666666666,0.3566666666666667,16,15,random,0.325,0.0,0.0,3,7,True
300,0.36,0.7666666666666667,0.15333333333333332,0.47333333333333333,38,7,random,0.325,0.0,0.0,3,8,True
300,0.36666666666666664,0.77,0.20666666666666667,0.41333333333333333,30,11,random,0.325,0.0,0.0,3,9,True
300,0.46,0.7966666666666666,0.26,0.43333333333333335,30,13,random,0.325,0.0,0.0,3,10,True
300,0.26,0.65,0.13666666666666666,0.3466666666666667,19,8,random,0.325,0.0,0.0,3,11,True
300,0.3433333333333333,0.7933333333333333,0.15666666666666668,0.48333333333333334,30,8,random,0.325,0.0,0.0,3,12,True
300,0.41333333333333333,0.8666666666666667,0.23666666666666666,0.4533333333333333,29,7,random,0.325,0.0,0.0,3,13,True
300,0.3566666666666667,0.7666666666666667,0.19,0.4533333333333333,20,6,random,0.325,0.0,0.0,3,14,True
300,0.41,0.8133333333333334,0.24333333333333335,0.4,37,12,random,0.325,0.0,0.0,3,15,True
300,0.41333333333333333,0.83,0.21,0.4633333333333333,34,9,random,0.325,0.0,0.0,3,16,True
300,0.3566666666666667,0.7633333333333333,0.2,0.36,25,12,random,0.325,0.0,0.0,3,17,True
300,0.2633333333333333,0.6466666666666666,0.10666666666666667,0.37,30,10,random,0.325,0.0,0.0,3,18,True
300,0.3566666666666667,0.7933333333333333,0.21333333333333335,0.37666666666666665,19,12,random,0.325,0.0,0.0,3,19,True
300,0.2633333333333333,0.6633333333333333,0.1,0.38,21,4,random,0.325,0.0,0.0,3,20,True
300,0.37,0.8133333333333334,0.18666666666666668,0.43333333333333335,29,12,random,0.325,0.0,0.0,3,21,True
300,0.27666666666666667,0.66,0.08333333333333333,0.4666666666666667,21,13,random,0.325,0.0,0.0,3,22,True
300,0.3,0.7433333333333333,0.11666666666666667,0.4766666666666667,15,13,random,0.325,0.0,0.0,3,23,True
300,0.31666666666666665,0.74,0.15333333333333332,0.42333333333333334,19,7,random,0.325,0.0,0.0,3,24,True
300,0.41,0.7966666666666666,0.20333333333333334,0.4166666666666667,32,12,random,0.325,0.0,0.0,3,25,True
300,0.3933333333333333,0.7966666666666666,0.18666666666666668,0.4866666666666667,27,9,random,0.325,0.0,0.0,3,26,True
300,0.37666666666666665,0.8233333333333334,0.17,0.4633333333333333,44,7,random,0.325,0.0,0.0,3,27,True
300,0.30666666666666664,0.7333333333333333,0.11333333333333333,0.42,39,7,random,0.325,0.0,0.0,3,28,True
300,0.4266666666666667,0.8133333333333334,0.23,0.42333333333333334,40,9,random,0.325,0.0,0.0,3,29,True
300,0.49333333333333335,0.8766666666666667,0.2866666666666667,0.44,42,12,random,0.35,0.0,0.0,3,0,True
300,0.44666666666666666,0.85,0.16333333333333333,0.5666666666666667,49,9,random,0.35,0.0,0.0,3,1,True
300,0.2966666666666667,0.72,0.17,0.3433333333333333,24,8,random,0.35,0.0,0.0,3,2,True
300,0.36333333333333334,0.8366666666666667,0.15333333333333332,0.56,21,15,random,0.35,0.0,0.0,3,3,True
300,0.01,0.023333333333333334,0.0033333333333333335,0.013333333333333334,3,0,random,0.35,0.0,0.0,3,4,False
300,0.34,0.76,0.14666666666666667,0.41,19,12,random,0.35,0.0,0.0,3,5,True
300,0.36333333333333334,0.8066666666666666,0.16,0.48333333333333334,29,11,random,0.35,0.0,0.0,3,6,True
300,0.36,0.7766666666666666,0.18333333333333332,0.44,34,11,random,0.35,0.0,0.0,3,7,True
300,0.35,0.78,0.17,0.44666666666666666,29,7,random,0.35,0.0,0.0,3,8,True
300,0.4033333333333333,0.81,0.20333333333333334,0.47333333333333333,32,9,random,0.35,0.0,0.0,3,9,True
300,0.4166666666666667,0.8266666666666667,0.21666666666666667,0.44666666666666666,33,11,random,0.35,0.0,0.0,3,10,True
300,0.4666666666666667,0.8633333333333333,0.26666666666666666,0.42333333333333334,24,9,random,0.35,0.0,0.0,3,11,True
300,0.3466666666666667,0.7433333333333333,0.15666666666666668,0.43666666666666665,33,6,random,0.35,0.0,0.0,3,12,True
300,0.34,0.75,0.21333333333333335,0.29333333333333333,31,8,random,0.35,0.0,0.0,3,13,True
300,0.36,0.8033333333333333,0.13,0.51,25,9,random,0.35,0.0,0.0,3,14,True
300,0.4266666666666667,0.8233333333333334,0.20666666666666667,0.4866666666666667,33,11,random,0.35,0.0,0.0,3,15,True
300,0.39,0.81,0.15,0.5366666666666666,33,8,random,0.35,0.0,0.0,3,16,True
300,0.36666666666666664,0.8066666666666666,0.13666666666666666,0.52,26,10,random,0.35,0.0,0.0,3,17,True
300,0.47333333333333333,0.87,0.23666666666666666,0.49333333333333335,38,11,random,0.35,0.0,0.0,3,18,True
300,0.36333333333333334,0.7966666666666666,0.15333333333333332,0.5166666666666667,27,12,random,0.35,0.0,0.0,3,19,True
300,0.31333333333333335,0.7033333333333334,0.13,0.43333333333333335,31,6,random,0.35,0.0,0.0,3,20,True
300,0.33,0.7166666666666667,0.14,0.4633333333333333,24,11,random,0.35,0.0,0.0,3,21,True
300,0.37333333333333335,0.78,0.19666666666666666,0.44,23,14,random,0.35,0.0,0.0,3,22,True
300,0.3466666666666667,0.7666666666666667,0.17333333333333334,0.43,19,16,random,0.35,0.0,0.0,3,23,True
300,0.3566666666666667,0.7566666666666667,0.20666666666666667,0.39666666666666667,36,11,random,0.35,0.0,0.0,3,24,True
300,0.4166666666666667,0.8266666666666667,0.19,0.52,28,14,random,0.35,0.0,0.0,3,25,True
300,0.4066666666666667,0.8166666666666667,0.25,0.37333333333333335,28,9,random,0.35,0.0,0.0,3,26,True
300,0.43333333333333335,0.8466666666666667,0.18,0.4766666666666667,48,7,random,0.35,0.0,0.0,3,27,True
300,0.33666666666666667,0.7733333333333333,0.14333333333333334,0.44333333333333336,32,7,random,0.35,0.0,0.0,3,28,True
300,0.48333333333333334,0.8733333333333333,0.20333333333333334,0.58,40,9,random,0.35,0.0,0.0,3,29,True
300,0.44666666666666666,0.8366666666666667,0.20333333333333334,0.5233333333333333,52,6,random,0.375,0.0,0.0,3,0,True
300,0.44,0.8466666666666667,0.15333333333333332,0.5966666666666667,44,7,random,0.375,0.0,0.0,3,1,True
300,0.39,0.8266666666666667,0.22333333333333333,0.44,29,13,random,0.375,0.0,0.0,3,2,True
300,0.34,0.7766666666666666,0.16,0.4633333333333333,18,14,random,0.375,0.0,0.0,3,3,True
300,0.01,0.023333333333333334,0.0033333333333333335,0.013333333333333334,3,0,random,0.375,0.0,0.0,3,4,False
300,0.32666666666666666,0.7366666666666667,0.15333333333333332,0.43333333333333335,23,9,random,0.375,0.0,0.0,3,5,True
300,0.4766666666666667,0.8766666666666667,0.16,0.62,47,8,random,0.375,0.0,0.0,3,6,True
300,0.33666666666666667,0.76,0.19333333333333333,0.37666666666666665,24,7,random,0.375,0.0,0.0,3,7,True
300,0.41,0.7933333333333333,0.24666666666666667,0.38333333333333336,37,9,random,0.375,0.0,0.0,3,8,True
300,0.4033333333333333,0.8166666666666667,0.19,0.4766666666666667,26,7,random,0.375,0.0,0.0,3,9,True
300,0.44333333333333336,0.84,0.22333333333333333,0.47333333333333333,41,9,random,0.375,0.0,0.0,3,10,True
300,0.43333333333333335,0.8366666666666667,0.13666666666666666,0.6266666666666667,44,8,random,0.375,0.0,0.0,3,11,True
300,0.39,0.7966666666666666,0.11666666666666667,0.57,34,5,random,0.375,0.0,0.0,3,12,True
300,0.4166666666666667,0.83,0.21,0.47,39,7,random,0.375,0.0,0.0,3,13,True
300,0.4033333333333333,0.83,0.22,0.44,34,7,random,0.375,0.0,0.0,3,14,True
300,0.48333333333333334,0.8533333333333334,0.23,0.49666666666666665,42,13,random,0.375,0.0,0.0,3,15,True
300,0.29,0.6733333333333333,0.12666666666666668,0.4033333333333333,23,7,random,0.375,0.0,0.0,3,16,True
300,0.3466666666666667,0.7266666666666667,0.15333333333333332,0.43,33,12,random,0.375,0.0,0.0,3,17,True
300,0.44,0.8366666666666667,0.24333333333333335,0.44,31,17,random,0.375,0.0,0.0,3,18,True
300,0.36333333333333334,0.79,0.15666666666666668,0.48333333333333334,31,11,random,0.375,0.0,0.0,3,19,True
300,0.3566666666666667,0.7766666666666666,0.18333333333333332,0.45,31,6,random,0.375,0.0,0.0,3,20,True
300,0.43333333333333335,0.8366666666666667,0.23,0.45,47,8,random,0.375,0.0,0.0,3,21,True
300,0.42333333333333334,0.81,0.21,0.47333333333333333,31,13,random,0.375,0.0,0.0,3,22,True
300,0.43333333333333335,0.84,0.24333333333333335,0.44666666666666666,27,18,random,0.375,0.0,0.0,3,23,True
300,0.43333333333333335,0.8733333333333333,0.25333333333333335,0.46,43,10,random,0.375,0.0,0.0,3,24,True
300,0.38666666666666666,0.8366666666666667,0.17666666666666667,0.44333333333333336,33,10,random,0.375,0.0,0.0,3,25,True
300,0.51,0.8933333333333333,0.24333333333333335,0.56,42,10,random,0.375,0.0,0.0,3,26,True
300,0.38333333333333336,0.8266666666666667,0.15,0.55,28,8,random,0.375,0.0,0.0,3,27,True
300,0.45,0.86,0.23333333333333334,0.47,31,8,random,0.375,0.0,0.0,3,28,True
300,0.52,0.88,0.22666666666666666,0.5433333333333333,56,9,random,0.375,0.0,0.0,3,29,True
300,0.5133333333333333,0.9,0.24,0.49666666666666665,62,8,random,0.4,0.0,0.0,3,0,True
300,0.4766666666666667,0.8633333333333333,0.17666666666666667,0.5966666666666667,52,9,random,0.4,0.0,0.0,3,1,True
300,0.41,0.8233333333333334,0.18333333333333332,0.46,37,9,random,0.4,0.0,0.0,3,2,True
300,0.4633333333333333,0.8766666666666667,0.24333333333333335,0.52,26,15,random,0.4,0.0,0.0,3,3,True
300,0.01,0.023333333333333334,0.0033333333333333335,0.013333333333333334,3,0,random,0.4,0.0,0.0,3,4,False
300,0.3466666666666667,0.7366666666666667,0.18666666666666668,0.43666666666666665,31,12,random,0.4,0.0,0.0,3,5,True
300,0.56,0.8833333333333333,0.24333333333333335,0.5733333333333334,53,10,random,0.4,0.0,0.0,3,6,True
300,0.4766666666666667,0.8933333333333333,0.23,0.5166666666666667,40,10,random,0.4,0.0,0.0,3,7,True
300,0.4633333333333333,0.8633333333333333,0.22666666666666666,0.51,42,9,random,0.4,0.0,0.0,3,8,True
300,0.54,0.8966666666666666,0.19666666666666666,0.6233333333333333,42,13,random,0.4,0.0,0.0,3,9,True
300,0.48,0.8366666666666667,0.2833333333333333,0.44666666666666666,36,9,random,0.4,0.0,0.0,3,10,True
300,0.49333333333333335,0.85,0.2966666666666667,0.44666666666666666,34,8,random,0.4,0.0,0.0,3,11,True
300,0.44333333333333336,0.85,0.13,0.63,43,5,random,0.4,0.0,0.0,3,12,True
300,0.4666666666666667,0.8566666666666667,0.20666666666666667,0.5466666666666666,49,8,random,0.4,0.0,0.0,3,13,True
300,0.4066666666666667,0.83,0.15,0.56,38,7,random,0.4,0.0,0.0,3,14,True
300,0.4633333333333333,0.8566666666666667,0.22666666666666666,0.51,36,7,random,0.4,0.0,0.0,3,15,True
300,0.45,0.8433333333333334,0.19,0.5633333333333334,35,8,random,0.4,0.0,0.0,3,16,True
300,0.51,0.8966666666666666,0.24,0.55,63,8,random,0.4,0.0,0.0,3,17,True
300,0.4166666666666667,0.8233333333333334,0.21333333333333335,0.47333333333333333,38,14,random,0.4,0.0,0.0,3,18,True
300,0.38,0.7666666666666667,0.13333333333333333,0.53,39,13,random,0.4,0.0,0.0,3,19,True
300,0.49,0.86,0.21,0.5366666666666666,46,9,random,0.4,0.0,0.0,3,20,True
300,0.42333333333333334,0.79,0.21333333333333335,0.43333333333333335,48,8,random,0.4,0.0,0.0,3,21,True
300,0.47,0.86,0.20333333333333334,0.5333333333333333,51,9,random,0.4,0.0,0.0,3,22,True
300,0.49333333333333335,0.87,0.22333333333333333,0.56,49,8,random,0.4,0.0,0.0,3,23,True
300,0.43666666666666665,0.87,0.20666666666666667,0.53,32,9,random,0.4,0.0,0.0,3,24,True
300,0.38666666666666666,0.8066666666666666,0.18,0.45666666666666667,30,8,random,0.4,0.0,0.0,3,25,True
300,0.43333333333333335,0.8433333333333334,0.19333333333333333,0.5033333333333333,35,7,random,0.4,0.0,0.0,3,26,True
300,0.41333333333333333,0.8233333333333334,0.19,0.45666666666666667,31,7,random,0.4,0.0,0.0,3,27,True
300,0.47333333333333333,0.86,0.21333333333333335,0.55,45,7,random,0.4,0.0,0.0,3,28,True
300,0.5033333333333333,0.8833333333333333,0.23333333333333334,0.54,53,9,random,0.4,0.0,0.0,3,29,True
300,0.49666666666666665,0.89,0.21333333333333335,0.57,63,7,random,0.425,0.0,0.0,3,0,True
300,0.41333333333333333,0.7833333333333333,0.10666666666666667,0.5833333333333334,56,9,random,0.425,0.0,0.0,3,1,True
300,0.4066666666666667,0.8033333333333333,0.19,0.4766666666666667,38,8,random,0.425,0.0,0.0,3,2,True
300,0.44666666666666666,0.8733333333333333,0.23333333333333334,0.5166666666666667,35,14,random,0.425,0.0,0.0,3,3,True
300,0.01,0.023333333333333334,0.0033333333333333335,0.013333333333333334,3,0,random,0.425,0.0,0.0,3,4,False
300,0.46,0.8666666666666667,0.22,0.5533333333333333,37,11,random,0.425,0.0,0.0,3,5,True
300,0.45,0.8533333333333334,0.2,0.53,41,8,random,0.425,0.0,0.0,3,6,True
300,0.33,0.76,0.16666666666666666,0.4266666666666667,28,13,random,0.425,0.0,0.0,3,7,True
300,0.44666666666666666,0.82,0.20333333333333334,0.49,51,9,random,0.425,0.0,0.0,3,8,True
300,0.53,0.9266666666666666,0.15,0.7066666666666667,61,8,random,0.425,0.0,0.0,3,9,True
300,0.47333333333333333,0.85,0.22666666666666666,0.5066666666666667,42,9,random,0.425,0.0,0.0,3,10,True
300,0.49,0.87,0.21666666666666667,0.5566666666666666,49,7,random,0.425,0.0,0.0,3,11,True
300,0.43666666666666665,0.8166666666666667,0.17666666666666667,0.5533333333333333,51,6,random,0.425,0.0,0.0,3,12,True
300,0.48,0.84,0.26,0.4533333333333333,53,6,random,0.425,0.0,0.0,3,13,True
300,0.4866666666666667,0.8666666666666667,0.23333333333333334,0.5233333333333333,52,7,random,0.425,0.0,0.0,3,14,True
300,0.5233333333333333,0.9033333333333333,0.25,0.5533333333333333,48,8,random,0.425,0.0,0.0,3,15,True
300,0.5166666666666667,0.91,0.26666666666666666,0.54,42,10,random,0.425,0.0,0.0,3,16,True
300,0.49666666666666665,0.8766666666666667,0.24666666666666667,0.5166666666666667,58,8,random,0.425,0.0,0.0,3,17,True
300,0.5266666666666666,0.9033333333333333,0.23666666666666666,0.5633333333333334,50,14,random,0.425,0.0,0.0,3,18,True
300,0.5133333333333333,0.8833333333333333,0.20333333333333334,0.5966666666666667,48,10,random,0.425,0.0,0.0,3,19,True
300,0.36333333333333334,0.7966666666666666,0.13333333333333333,0.5466666666666666,28,9,random,0.425,0.0,0.0,3,20,True
300,0.45,0.85,0.20666666666666667,0.5033333333333333,53,8,random,0.425,0.0,0.0,3,21,True
300,0.39,0.78,0.16333333333333333,0.49666666666666665,31,6,random,0.425,0.0,0.0,3,22,True
300,0.51,0.86,0.25333333333333335,0.4866666666666667,59,9,random,0.425,0.0,0.0,3,23,True
300,0.4533333333333333,0.8866666666666667,0.25333333333333335,0.4866666666666667,40,10,random,0.425,0.0,0.0,3,24,True
300,0.47333333333333333,0.86,0.28,0.45,31,10,random,0.425,0.0,0.0,3,25,True
300,0.43,0.8066666666666666,0.19,0.5,29,11,random,0.425,0.0,0.0,3,26,True
300,0.38666666666666666,0.76,0.21,0.43,28,7,random,0.425,0.0,0.0,3,27,True
300,0.5266666666666666,0.8966666666666666,0.2966666666666667,0.5033333333333333,49,10,random,0.425,0.0,0.0,3,28,True
300,0.5933333333333334,0.94,0.22666666666666666,0.6333333333333333,64,10,random,0.425,0.0,0.0,3,29,True
300,0.5366666666666666,0.8866666666666667,0.22333333333333333,0.5766666666666667,65,8,random,0.45,0.0,0.0,3,0,True
300,0.49666666666666665,0.86,0.16666666666666666,0.63,47,7,random,0.45,0.0,0.0,3,1,True
300,0.55,0.9266666666666666,0.23,0.5966666666666667,56,9,random,0.45,0.0,0.0,3,2,True
300,0.42,0.8633333333333333,0.18,0.56,22,11,random,0.45,0.0,0.0,3,3,True
300,0.01,0.023333333333333334,0.0033333333333333335,0.013333333333333334,3,0,random,0.45,0.0,0.0,3,4,False
300,0.48333333333333334,0.8766666666666667,0.31,0.44666666666666666,38,13,random,0.45,0.0,0.0,3,5,True
300,0.52,0.9033333333333333,0.23666666666666666,0.5566666666666666,35,10,random,0.45,0.0,0.0,3,6,True
300,0.5733333333333334,0.9,0.17666666666666667,0.69,64,10,random,0.45,0.0,0.0,3,7,True
300,0.5033333333333333,0.85,0.2733333333333333,0.4633333333333333,51,7,random,0.45,0.0,0.0,3,8,True
300,0.5266666666666666,0.89,0.23333333333333334,0.55,49,6,random,0.45,0.0,0.0,3,9,True
300,0.5166666666666667,0.88,0.19333333333333333,0.6,53,8,random,0.45,0.0,0.0,3,10,True
300,0.5633333333333334,0.9366666666666666,0.31,0.5,52,8,random,0.45,0.0,0.0,3,11,True
300,0.4666666666666667,0.8533333333333334,0.16666666666666666,0.6066666666666667,60,6,random,0.45,0.0,0.0,3,12,True
300,0.4866666666666667,0.87,0.19666666666666666,0.5833333333333334,56,7,random,0.45,0.0,0.0,3,13,True
300,0.4633333333333333,0.8833333333333333,0.16,0.6166666666666667,60,7,random,0.45,0.0,0.0,3,14,True
300,0.5466666666666666,0.9066666666666666,0.22666666666666666,0.6133333333333333,58,9,random,0.45,0.0,0.0,3,15,True
300,0.5566666666666666,0.92,0.24333333333333335,0.6166666666666667,77,8,random,0.45,0.0,0.0,3,16,True
300,0.4066666666666667,0.8066666666666666,0.15,0.5633333333333334,46,6,random,0.45,0.0,0.0,3,17,True
300,0.5333333333333333,0.8966666666666666,0.17,0.64,74,8,random,0.45,0.0,0.0,3,18,True
300,0.5233333333333333,0.89,0.18666666666666668,0.6166666666666667,45,7,random,0.45,0.0,0.0,3,19,True
300,0.5866666666666667,0.9066666666666666,0.2833333333333333,0.5366666666666666,61,7,random,0.45,0.0,0.0,3,20,True
300,0.48333333333333334,0.8566666666666667,0.23666666666666666,0.5166666666666667,57,8,random,0.45,0.0,0.0,3,21,True
300,0.44333333333333336,0.8533333333333334,0.16666666666666666,0.58,36,10,random,0.45,0.0,0.0,3,22,True
300,0.4666666666666667,0.8366666666666667,0.16,0.5966666666666667,54,7,random,0.45,0.0,0.0,3,23,True
300,0.41,0.8266666666666667,0.17333333333333334,0.5433333333333333,40,9,random,0.45,0.0,0.0,3,24,True
300,0.4666666666666667,0.8766666666666667,0.19333333333333333,0.5833333333333334,37,10,random,0.45,0.0,0.0,3,25,True
300,0.49666666666666665,0.8733333333333333,0.27666666666666667,0.48,31,6,random,0.45,0.0,0.0,3,26,True
300,0.4766666666666667,0.89,0.22666666666666666,0.5666666666666667,58,6,random,0.45,0.0,0.0,3,27,True
300,0.53,0.9233333333333333,0.16,0.6966666666666667,75,6,random,0.45,0.0,0.0,3,28,True
300,0.5033333333333333,0.9033333333333333,0.25666666666666665,0.5433333333333333,41,8,random,0.45,0.0,0.0,3,29,True
300,0.5866666666666667,0.9066666666666666,0.22333333333333333,0.6033333333333334,69,6,random,0.475,0.0,0.0,3,0,True
300,0.5133333333333333,0.9033333333333333,0.19,0.6566666666666666,56,8,random,0.475,0.0,0.0,3,1,True
300,0.5333333333333333,0.9033333333333333,0.20666666666666667,0.6233333333333333,66,7,random,0.475,0.0,0.0,3,2,True
300,0.48,0.87,0.14666666666666667,0.6133333333333333,47,9,random,0.475,0.0,0.0,3,3,True
300,0.01,0.023333333333333334,0.0033333333333333335,0.013333333333333334,3,0,random,0.475,0.0,0.0,3,4,False
300,0.4866666666666667,0.84,0.18666666666666668,0.57,41,11,random,0.475,0.0,0.0,3,5,True
300,0.4866666666666667,0.87,0.18,0.5733333333333334,45,7,random,0.475,0.0,0.0,3,6,True
300,0.53,0.86,0.18,0.61,56,10,random,0.475,0.0,0.0,3,7,True
300,0.4533333333333333,0.83,0.21,0.51,41,7,random,0.475,0.0,0.0,3,8,True
300,0.5966666666666667,0.9133333333333333,0.19,0.6633333333333333,75,8,random,0.475,0.0,0.0,3,9,True
300,0.49666666666666665,0.84,0.15666666666666668,0.5966666666666667,49,7,random,0.475,0.0,0.0,3,10,True
300,0.6,0.9333333333333333,0.3333333333333333,0.52,52,8,random,0.475,0.0,0.0,3,11,True
300,0.5233333333333333,0.88,0.16333333333333333,0.65,56,6,random,0.475,0.0,0.0,3,12,True
300,0.5866666666666667,0.9166666666666666,0.25333333333333335,0.5933333333333334,78,7,random,0.475,0.0,0.0,3,13,True
300,0.5266666666666666,0.8766666666666667,0.25666666666666665,0.52,62,8,random,0.475,0.0,0.0,3,14,True
300,0.5433333333333333,0.9033333333333333,0.23666666666666666,0.56,50,10,random,0.475,0.0,0.0,3,15,True
300,0.57,0.92,0.19333333333333333,0.65,67,7,random,0.475,0.0,0.0,3,16,True
300,0.5266666666666666,0.8733333333333333,0.19333333333333333,0.61,62,7,random,0.475,0.0,0.0,3,17,True
300,0.5566666666666666,0.9066666666666666,0.19,0.64,75,7,random,0.475,0.0,0.0,3,18,True
300,0.42,0.7933333333333333,0.09666666666666666,0.6333333333333333,50,7,random,0.475,0.0,0.0,3,19,True
300,0.56,0.86,0.20333333333333334,0.5933333333333334,71,7,random,0.475,0.0,0.0,3,20,True
300,0.5433333333333333,0.8966666666666666,0.19333333333333333,0.6333333333333333,66,8,random,0.475,0.0,0.0,3,21,True
300,0.49666666666666665,0.8533333333333334,0.17333333333333334,0.6133333333333333,48,8,random,0.475,0.0,0.0,3,22,True
300,0.56,0.87,0.26,0.52,64,8,random,0.475,0.0,0.0,3,23,True
300,0.5033333333333333,0.8766666666666667,0.18333333333333332,0.63,53,10,random,0.475,0.0,0.0,3,24,True
300,0.5266666666666666,0.8966666666666666,0.15666666666666668,0.67,49,10,random,0.475,0.0,0.0,3,25,True
300,0.5533333333333333,0.9,0.3,0.5066666666666667,48,9,random,0.475,0.0,0.0,3,26,True
300,0.46,0.8233333333333334,0.17666666666666667,0.55,50,5,random,0.475,0.0,0.0,3,27,True
300,0.5666666666666667,0.94,0.18,0.6933333333333334,79,5,random,0.475,0.0,0.0,3,28,True
300,0.4266666666666667,0.8066666666666666,0.16,0.53,43,7,random,0.475,0.0,0.0,3,29,True
300,0.49333333333333335,0.8433333333333334,0.25666666666666665,0.49,57,6,random,0.5,0.0,0.0,3,0,True
300,0.5033333333333333,0.8566666666666667,0.19333333333333333,0.6166666666666667,61,8,random,0.5,0.0,0.0,3,1,True
300,0.5266666666666666,0.8833333333333333,0.20333333333333334,0.59,50,9,random,0.5,0.0,0.0,3,2,True
300,0.49,0.9133333333333333,0.12333333333333334,0.7,50,9,random,0.5,0.0,0.0,3,3,True
300,0.01,0.023333333333333334,0.0033333333333333335,0.013333333333333334,3,0,random,0.5,0.0,0.0,3,4,False
300,0.49666666666666665,0.87,0.19666666666666666,0.5833333333333334,49,8,random,0.5,0.0,0.0,3,5,True
300,0.5966666666666667,0.9133333333333333,0.25333333333333335,0.58,70,7,random,0.5,0.0,0.0,3,6,True
300,0.5166666666666667,0.8666666666666667,0.19666666666666666,0.5966666666666667,68,7,random,0.5,0.0,0.0,3,7,True
300,0.49,0.8733333333333333,0.24666666666666667,0.49666666666666665,54,7,random,0.5,0.0,0.0,3,8,True
300,0.5566666666666666,0.88,0.15,0.6666666666666666,74,6,random,0.5,0.0,0.0,3,9,True
300,0.5566666666666666,0.9133333333333333,0.17666666666666667,0.65,66,7,random,0.5,0.0,0.0,3,10,True
300,0.4766666666666667,0.8466666666666667,0.15666666666666668,0.6233333333333333,47,8,random,0.5,0.0,0.0,3,11,True
300,0.5466666666666666,0.9,0.23333333333333334,0.5833333333333334,70,6,random,0.5,0.0,0.0,3,12,True
300,0.5366666666666666,0.9,0.18,0.64,52,6,random,0.5,0.0,0.0,3,13,True
300,0.5333333333333333,0.8866666666666667,0.2,0.63,58,7,random,0.5,0.0,0.0,3,14,True
300,0.5566666666666666,0.9,0.23333333333333334,0.5933333333333334,64,7,random,0.5,0.0,0.0,3,15,True
300,0.48333333333333334,0.8666666666666667,0.17,0.62,56,6,random,0.5,0.0,0.0,3,16,True
300,0.51,0.8833333333333333,0.17333333333333334,0.6433333333333333,59,7,random,0.5,0.0,0.0,3,17,True
300,0.5233333333333333,0.86,0.16333333333333333,0.65,73,7,random,0.5,0.0,0.0,3,18,True
300,0.5866666666666667,0.93,0.25,0.6066666666666667,60,8,random,0.5,0.0,0.0,3,19,True
300,0.5366666666666666,0.8533333333333334,0.19333333333333333,0.5966666666666667,62,7,random,0.5,0.0,0.0,3,20,True
300,0.5266666666666666,0.8766666666666667,0.22333333333333333,0.57,70,8,random,0.5,0.0,0.0,3,21,True
300,0.5233333333333333,0.88,0.16333333333333333,0.6633333333333333,51,6,random,0.5,0.0,0.0,3,22,True
300,0.55,0.88,0.24333333333333335,0.58,60,7,random,0.5,0.0,0.0,3,23,True
300,0.55,0.8866666666666667,0.26666666666666666,0.5233333333333333,71,10,random,0.5,0.0,0.0,3,24,True
300,0.5633333333333334,0.8833333333333333,0.18,0.6433333333333333,73,8,random,0.5,0.0,0.0,3,25,True
300,0.51,0.8666666666666667,0.18,0.62,49,6,random,0.5,0.0,0.0,3,26,True
300,0.5166666666666667,0.87,0.23,0.5766666666666667,56,5,random,0.5,0.0,0.0,3,27,True
300,0.5833333333333334,0.9033333333333333,0.2633333333333333,0.54,75,6,random,0.5,0.0,0.0,3,28,True
300,0.48333333333333334,0.8166666666666667,0.17,0.59,55,8,random,0.5,0.0,0.0,3,29,True
300,0.5566666666666666,0.8866666666666667,0.21,0.6266666666666667,61,7,random,0.525,0.0,0.0,3,0,True
300,0.5533333333333333,0.8966666666666666,0.19,0.67,74,6,random,0.525,0.0,0.0,3,1,True
300,0.5466666666666666,0.8766666666666667,0.18333333333333332,0.6266666666666667,62,8,random,0.525,0.0,0.0,3,2,True
300,0.49,0.8666666666666667,0.17666666666666667,0.6066666666666667,42,8,random,0.525,0.0,0.0,3,3,True
300,0.01,0.023333333333333334,0.0033333333333333335,0.013333333333333334,3,0,random,0.525,0.0,0.0,3,4,False
300,0.5066666666666667,0.9,0.2,0.6,59,8,random,0.525,0.0,0.0,3,5,True
300,0.62,0.95,0.21666666666666667,0.6733333333333333,62,8,random,0.525,0.0,0.0,3,6,True
300,0.55,0.9066666666666666,0.12333333333333334,0.73,71,7,random,0.525,0.0,0.0,3,7,True
300,0.55,0.9033333333333333,0.24333333333333335,0.5733333333333334,52,9,random,0.525,0.0,0.0,3,8,True
300,0.5733333333333334,0.9133333333333333,0.12666666666666668,0.75,63,6,random,0.525,0.0,0.0,3,9,True
300,0.6233333333333333,0.91,0.22333333333333333,0.6433333333333333,77,8,random,0.525,0.0,0.0,3,10,True
300,0.6266666666666667,0.9266666666666666,0.25666666666666665,0.62,70,7,random,0.525,0.0,0.0,3,11,True
300,0.55,0.8933333333333333,0.13666666666666666,0.7133333333333334,69,7,random,0.525,0.0,0.0,3,12,True
300,0.5366666666666666,0.86,0.15333333333333332,0.66,77,7,random,0.525,0.0,0.0,3,13,True
300,0.5766666666666667,0.8933333333333333,0.20333333333333334,0.6366666666666667,69,7,random,0.525,0.0,0.0,3,14,True
300,0.56,0.8733333333333333,0.20666666666666667,0.61,70,8,random,0.525,0.0,0.0,3,15,True
300,0.5566666666666666,0.9133333333333333,0.13333333333333333,0.7233333333333334,63,7,random,0.525,0.0,0.0,3,16,True
300,0.5433333333333333,0.88,0.20666666666666667,0.6233333333333333,68,7,random,0.525,0.0,0.0,3,17,True
300,0.5733333333333334,0.91,0.18333333333333332,0.6633333333333333,77,7,random,0.525,0.0,0.0,3,18,True
300,0.5566666666666666,0.9033333333333333,0.15333333333333332,0.6766666666666666,68,7,random,0.525,0.0,0.0,3,19,True
300,0.5966666666666667,0.9033333333333333,0.18333333333333332,0.6733333333333333,85,7,random,0.525,0.0,0.0,3,20,True
300,0.5533333333333333,0.88,0.14333333333333334,0.68,70,8,random,0.525,0.0,0.0,3,21,True
300,0.5166666666666667,0.8733333333333333,0.21,0.6,50,8,random,0.525,0.0,0.0,3,22,True
300,0.5666666666666667,0.8566666666666667,0.18,0.6066666666666667,74,8,random,0.525,0.0,0.0,3,23,True
300,0.5333333333333333,0.8833333333333333,0.21333333333333335,0.5633333333333334,52,8,random,0.525,0.0,0.0,3,24,True
300,0.5766666666666667,0.9266666666666666,0.19666666666666666,0.6566666666666666,59,8,random,0.525,0.0,0.0,3,25,True
300,0.5666666666666667,0.8966666666666666,0.25,0.5633333333333334,62,7,random,0.525,0.0,0.0,3,26,True
300,0.52,0.85,0.16,0.6233333333333333,62,6,random,0.525,0.0,0.0,3,27,True
300,0.56,0.89,0.18666666666666668,0.6466666666666666,75,6,random,0.525,0.0,0.0,3,28,True
300,0.6166666666666667,0.9266666666666666,0.3,0.5666666666666667,61,8,random,0.525,0.0,0.0,3,29,True
300,0.6533333333333333,0.9233333333333333,0.2733333333333333,0.5866666666666667,81,6,random,0.55,0.0,0.0,3,0,True
300,0.44,0.8066666666666666,0.12333333333333334,0.6166666666666667,43,7,random,0.55,0.0,0.0,3,1,True
300,0.57,0.9266666666666666,0.17666666666666667,0.6833333333333333,67,8,random,0.55,0.0,0.0,3,2,True
300,0.49,0.8566666666666667,0.12333333333333334,0.69,54,8,random,0.55,0.0,0.0,3,3,True
300,0.01,0.023333333333333334,0.0033333333333333335,0.013333333333333334,3,0,random,0.55,0.0,0.0,3,4,False
300,0.5733333333333334,0.9033333333333333,0.23333333333333334,0.6,74,8,random,0.55,0.0,0.0,3,5,True
300,0.64,0.9233333333333333,0.12666666666666668,0.7533333333333333,87,8,random,0.55,0.0,0.0,3,6,True
300,0.59,0.9166666666666666,0.18,0.6833333333333333,74,8,random,0.55,0.0,0.0,3,7,True
300,0.5633333333333334,0.8733333333333333,0.19333333333333333,0.6033333333333334,64,7,random,0.55,0.0,0.0,3,8,True
300,0.6366666666666667,0.9266666666666666,0.13333333333333333,0.74,76,7,random,0.55,0.0,0.0,3,9,True
300,0.6066666666666667,0.91,0.19,0.6566666666666666,64,7,random,0.55,0.0,0.0,3,10,True
300,0.58,0.9,0.18333333333333332,0.6533333333333333,73,7,random,0.55,0.0,0.0,3,11,True
300,0.5933333333333334,0.9333333333333333,0.21333333333333335,0.66,68,6,random,0.55,0.0,0.0,3,12,True
300,0.5633333333333334,0.89,0.08666666666666667,0.7733333333333333,78,7,random,0.55,0.0,0.0,3,13,True
300,0.5933333333333334,0.9233333333333333,0.20666666666666667,0.64,73,6,random,0.55,0.0,0.0,3,14,True
300,0.58,0.8966666666666666,0.2,0.6466666666666666,69,8,random,0.55,0.0,0.0,3,15,True
300,0.6,0.9266666666666666,0.22666666666666666,0.66,97,7,random,0.55,0.0,0.0,3,16,True
300,0.5833333333333334,0.8966666666666666,0.21666666666666667,0.6233333333333333,83,7,random,0.55,0.0,0.0,3,17,True
300,0.6733333333333333,0.9466666666666667,0.23666666666666666,0.68,89,7,random,0.55,0.0,0.0,3,18,True
300,0.5633333333333334,0.9,0.13666666666666666,0.7066666666666667,56,8,random,0.55,0.0,0.0,3,19,True
300,0.4766666666666667,0.8633333333333333,0.20333333333333334,0.6,44,5,random,0.55,0.0,0.0,3,20,True
300,0.5466666666666666,0.89,0.25666666666666665,0.57,64,8,random,0.55,0.0,0.0,3,21,True
300,0.5433333333333333,0.8666666666666667,0.22333333333333333,0.5866666666666667,69,8,random,0.55,0.0,0.0,3,22,True
300,0.6,0.93,0.21,0.68,75,8,random,0.55,0.0,0.0,3,23,True
300,0.56,0.9266666666666666,0.17,0.6866666666666666,70,7,random,0.55,0.0,0.0,3,24,True
300,0.5866666666666667,0.9033333333333333,0.15666666666666668,0.6833333333333333,73,7,random,0.55,0.0,0.0,3,25,True
300,0.56,0.86,0.2866666666666667,0.5033333333333333,64,6,random,0.55,0.0,0.0,3,26,True
300,0.5333333333333333,0.8733333333333333,0.17,0.64,61,5,random,0.55,0.0,0.0,3,27,True
300,0.54,0.8633333333333333,0.16,0.6466666666666666,76,6,random,0.55,0.0,0.0,3,28,True
300,0.51,0.8866666666666667,0.16666666666666666,0.65,54,9,random,0.55,0.0,0.0,3,29,True
300,0.6366666666666667,0.9066666666666666,0.24666666666666667,0.6033333333333334,83,6,random,0.575,0.0,0.0,3,0,True
300,0.5366666666666666,0.8833333333333333,0.18666666666666668,0.6433333333333333,67,8,random,0.575,0.0,0.0,3,1,True
300,0.61,0.9166666666666666,0.19333333333333333,0.6666666666666666,71,9,random,0.575,0.0,0.0,3,2,True
300,0.53,0.91,0.16666666666666666,0.67,63,9,random,0.575,0.0,0.0,3,3,True
300,0.01,0.023333333333333334,0.0033333333333333335,0.013333333333333334,3,0,random,0.575,0.0,0.0,3,4,False
300,0.52,0.8366666666666667,0.23333333333333334,0.5466666666666666,49,11,random,0.575,0.0,0.0,3,5,True
300,0.5666666666666667,0.9,0.14666666666666667,0.71,75,7,random,0.575,0.0,0.0,3,6,True
300,0.6066666666666667,0.9166666666666666,0.19,0.68,83,8,random,0.575,0.0,0.0,3,7,True
300,0.54,0.88,0.24666666666666667,0.54,57,8,random,0.575,0.0,0.0,3,8,True
300,0.6233333333333333,0.9266666666666666,0.26666666666666666,0.6233333333333333,68,7,random,0.575,0.0,0.0,3,9,True
300,0.6333333333333333,0.93,0.16666666666666666,0.7433333333333333,76,8,random,0.575,0.0,0.0,3,10,True
300,0.6133333333333333,0.93,0.21,0.67,86,7,random,0.575,0.0,0.0,3,11,True
300,0.5133333333333333,0.8766666666666667,0.17,0.64,69,5,random,0.575,0.0,0.0,3,12,True
300,0.6133333333333333,0.9066666666666666,0.12,0.7466666666666667,79,7,random,0.575,0.0,0.0,3,13,True
300,0.48,0.8566666666666667,0.09333333333333334,0.7166666666666667,66,5,random,0.575,0.0,0.0,3,14,True
300,0.6233333333333333,0.9266666666666666,0.22333333333333333,0.6533333333333333,84,9,random,0.575,0.0,0.0,3,15,True
300,0.5566666666666666,0.88,0.13,0.7,78,6,random,0.575,0.0,0.0,3,16,True
300,0.54,0.8733333333333333,0.15666666666666668,0.6533333333333333,71,7,random,0.575,0.0,0.0,3,17,True
300,0.56,0.9166666666666666,0.16,0.7,82,7,random,0.575,0.0,0.0,3,18,True
300,0.6233333333333333,0.94,0.25666666666666665,0.6466666666666666,72,8,random,0.575,0.0,0.0,3,19,True
300,0.58,0.8933333333333333,0.21,0.6466666666666666,64,6,random,0.575,0.0,0.0,3,20,True
300,0.5,0.8433333333333334,0.18333333333333332,0.5833333333333334,64,7,random,0.575,0.0,0.0,3,21,True
300,0.5466666666666666,0.8833333333333333,0.18333333333333332,0.6433333333333333,53,8,random,0.575,0.0,0.0,3,22,True
300,0.5333333333333333,0.88,0.17666666666666667,0.6266666666666667,63,7,random,0.575,0.0,0.0,3,23,True
300,0.5466666666666666,0.87,0.22,0.5866666666666667,63,8,random,0.575,0.0,0.0,3,24,True
300,0.66,0.9366666666666666,0.21666666666666667,0.6866666666666666,73,7,random,0.575,0.0,0.0,3,25,True
300,0.5633333333333334,0.88,0.28,0.5233333333333333,61,6,random,0.575,0.0,0.0,3,26,True
300,0.5733333333333334,0.92,0.27666666666666667,0.58,66,7,random,0.575,0.0,0.0,3,27,True
300,0.5966666666666667,0.9333333333333333,0.14666666666666667,0.76,75,7,random,0.575,0.0,0.0,3,28,True
300,0.56,0.88,0.10333333333333333,0.7266666666666667,74,8,random,0.575,0.0,0.0,3,29,True
300,0.68,0.9333333333333333,0.2,0.7,88,6,random,0.6,0.0,0.0,3,0,True
300,0.5266666666666666,0.8733333333333333,0.19333333333333333,0.65,49,7,random,0.6,0.0,0.0,3,1,True
300,0.63,0.9266666666666666,0.19333333333333333,0.6866666666666666,80,7,random,0.6,0.0,0.0,3,2,True
300,0.6266666666666667,0.9466666666666667,0.20333333333333334,0.6966666666666667,69,9,random,0.6,0.0,0.0,3,3,True
300,0.01,0.023333333333333334,0.0033333333333333335,0.013333333333333334,3,0,random,0.6,0.0,0.0,3,4,False
300,0.64,0.8966666666666666,0.21666666666666667,0.66,82,8,random,0.6,0.0,0.0,3,5,True
300,0.61,0.9233333333333333,0.21333333333333335,0.6833333333333333,73,7,random,0.6,0.0,0.0,3,6,True
300,0.53,0.8966666666666666,0.17,0.6666666666666666,51,8,random,0.6,0.0,0.0,3,7,True
300,0.5366666666666666,0.8666666666666667,0.18666666666666668,0.6133333333333333,56,8,random,0.6,0.0,0.0,3,8,True
300,0.6266666666666667,0.93,0.16,0.7466666666666667,76,6,random,0.6,0.0,0.0,3,9,True
300,0.62,0.9033333333333333,0.14666666666666667,0.7,82,7,random,0.6,0.0,0.0,3,10,True
300,0.6233333333333333,0.9266666666666666,0.17666666666666667,0.7,86,7,random,0.6,0.0,0.0,3,11,True
300,0.5533333333333333,0.9,0.11666666666666667,0.7366666666666667,71,5,random,0.6,0.0,0.0,3,12,True
300,0.6633333333333333,0.95,0.18333333333333332,0.74,85,7,random,0.6,0.0,0.0,3,13,True
300,0.5433333333333333,0.8966666666666666,0.14333333333333334,0.71,74,6,random,0.6,0.0,0.0,3,14,True
300,0.65,0.9066666666666666,0.16666666666666666,0.7133333333333334,91,8,random,0.6,0.0,0.0,3,15,True
300,0.5833333333333334,0.9233333333333333,0.21333333333333335,0.6633333333333333,73,6,random,0.6,0.0,0.0,3,16,True
300,0.62,0.93,0.17333333333333334,0.7266666666666667,80,7,random,0.6,0.0,0.0,3,17,True
300,0.57,0.92,0.13,0.7533333333333333,77,7,random,0.6,0.0,0.0,3,18,True
300,0.5733333333333334,0.9133333333333333,0.13,0.74,77,8,random,0.6,0.0,0.0,3,19,True
300,0.55,0.9066666666666666,0.19333333333333333,0.6633333333333333,59,7,random,0.6,0.0,0.0,3,20,True
300,0.6066666666666667,0.9366666666666666,0.22333333333333333,0.66,80,7,random,0.6,0.0,0.0,3,21,True
300,0.6633333333333333,0.9366666666666666,0.25333333333333335,0.6433333333333333,94,8,random,0.6,0.0,0.0,3,22,True
300,0.6266666666666667,0.9333333333333333,0.19666666666666666,0.6866666666666666,96,7,random,0.6,0.0,0.0,3,23,True
300,0.57,0.9,0.21,0.6366666666666667,60,8,random,0.6,0.0,0.0,3,24,True
300,0.6033333333333334,0.8866666666666667,0.17333333333333334,0.6866666666666666,81,6,random,0.6,0.0,0.0,3,25,True
300,0.58,0.8766666666666667,0.23666666666666666,0.61,66,5,random,0.6,0.0,0.0,3,26,True
300,0.5633333333333334,0.8866666666666667,0.22666666666666666,0.6066666666666667,74,6,random,0.6,0.0,0.0,3,27,True
300,0.5733333333333334,0.8933333333333333,0.19,0.65,82,7,random,0.6,0.0,0.0,3,28,True
300,0.65,0.93,0.14333333333333334,0.76,88,8,random,0.6,0.0,0.0,3,29,True
